keyword,roadmap_number,recommended_page_title,intent,category,service,industry_market,page_type_roadmap,priority,position,url,domain,serp_title,snippet,source
digital marketing agency for service businesses,1,Digital Marketing Agency for Service Businesses,Commercial,Core,Full Stack,All Service Businesses,Core Landing Page,Highest,1,https://seoforservice.com/,seoforservice.com,"SEO Agency For Service Businesses | More Leads, Less Effort - SEO For Service",,browserbase
digital marketing agency for service businesses,1,Digital Marketing Agency for Service Businesses,Commercial,Core,Full Stack,All Service Businesses,Core Landing Page,Highest,2,https://adgenius.com/home-services/,adgenius.com,Digital Marketing for Home Service Businesses | Ad Genius,,browserbase
digital marketing agency for service businesses,1,Digital Marketing Agency for Service Businesses,Commercial,Core,Full Stack,All Service Businesses,Core Landing Page,Highest,3,https://outdooit.com/,outdooit.com,Home Services Marketing Agency for Contractors | Outdooit,,browserbase
digital marketing agency for service businesses,1,Digital Marketing Agency for Service Businesses,Commercial,Core,Full Stack,All Service Businesses,Core Landing Page,Highest,4,https://bearnorthdigital.com/home-services-marketing/,bearnorthdigital.com,Home Services Marketing Agency — Bear North Digital,,browserbase
digital marketing agency for service businesses,1,Digital Marketing Agency for Service Businesses,Commercial,Core,Full Stack,All Service Businesses,Core Landing Page,Highest,5,https://servicelinepro.com/,servicelinepro.com,Home Service Marketing Agency | National Experts in Growth,,browserbase
marketing agency for contractors,2,Marketing Agency for Contractors,Commercial,Core,Full Stack,All Service Businesses,Core Landing Page,Highest,1,https://contractormarketingpros.net/,contractormarketingpros.net,"Contractor Marketing Agency | SEO, PPC, Web Design",,browserbase
marketing agency for contractors,2,Marketing Agency for Contractors,Commercial,Core,Full Stack,All Service Businesses,Core Landing Page,Highest,2,https://constructionmarketingservices.com/,constructionmarketingservices.com,Best Construction Marketing Agency for Contractors & Trades,,browserbase
marketing agency for contractors,2,Marketing Agency for Contractors,Commercial,Core,Full Stack,All Service Businesses,Core Landing Page,Highest,3,https://zentorareach.com/,zentorareach.com,Zentorareach | Contractor Marketing Agency,,browserbase
marketing agency for contractors,2,Marketing Agency for Contractors,Commercial,Core,Full Stack,All Service Businesses,Core Landing Page,Highest,4,https://jweis.com/,jweis.com,See How We've Scaled 400+ Contractors,,browserbase
marketing agency for contractors,2,Marketing Agency for Contractors,Commercial,Core,Full Stack,All Service Businesses,Core Landing Page,Highest,5,https://moreketing.us/,moreketing.us,Digital Marketing Agency for contractors | MoreKeting,,browserbase
marketing agency for local service businesses,3,Marketing Agency for Local Service Businesses,Commercial,Core,Full Stack,All Service Businesses,Core Landing Page,Highest,1,https://outdooit.com/,outdooit.com,Home Services Marketing Agency for Contractors | Outdooit,,browserbase
marketing agency for local service businesses,3,Marketing Agency for Local Service Businesses,Commercial,Core,Full Stack,All Service Businesses,Core Landing Page,Highest,2,https://www.greenthumblocal.com/,greenthumblocal.com,Home Services Marketing Agency - Green Thumb Local,,browserbase
marketing agency for local service businesses,3,Marketing Agency for Local Service Businesses,Commercial,Core,Full Stack,All Service Businesses,Core Landing Page,Highest,3,https://www.leadsnearby.com/,leadsnearby.com,LeadsNearby Contractor Marketing Services - Digital Marketing Agency,,browserbase
marketing agency for local service businesses,3,Marketing Agency for Local Service Businesses,Commercial,Core,Full Stack,All Service Businesses,Core Landing Page,Highest,4,https://brandloc.com/,brandloc.com,Brandloc — Marketing for Service Businesses,,browserbase
marketing agency for local service businesses,3,Marketing Agency for Local Service Businesses,Commercial,Core,Full Stack,All Service Businesses,Core Landing Page,Highest,5,https://adverton.net/,adverton.net,Adverton — The Marketing Team for Home Service Contractors. $799/mo.,,browserbase
service business marketing agency,4,Service Business Marketing Agency,Commercial,Core,Full Stack,All Service Businesses,Core Landing Page,Highest,1,https://www.servewiseagency.com/,servewiseagency.com,Servewise Agency: Digital Marketing for Service Businesses,,browserbase
service business marketing agency,4,Service Business Marketing Agency,Commercial,Core,Full Stack,All Service Businesses,Core Landing Page,Highest,2,https://brandloc.com/,brandloc.com,Brandloc — Marketing for Service Businesses,,browserbase
service business marketing agency,4,Service Business Marketing Agency,Commercial,Core,Full Stack,All Service Businesses,Core Landing Page,Highest,3,https://www.refocusmarketing.com/unmissable,refocusmarketing.com,UNMISSABLE | Done-For-You Marketing Program for Service Businesses | reFOCUS,,browserbase
service business marketing agency,4,Service Business Marketing Agency,Commercial,Core,Full Stack,All Service Businesses,Core Landing Page,Highest,4,https://zentivemarketing.com/,zentivemarketing.com,#1 Marking Agency For Service Businesses | Zentive Marketing,,browserbase
service business marketing agency,4,Service Business Marketing Agency,Commercial,Core,Full Stack,All Service Businesses,Core Landing Page,Highest,5,https://brolik.com/services/digital-marketing,brolik.com,Digital Marketing | Brolik - A Marketing Agency | Brolik - Digital Marketing Agency,,browserbase
lead generation agency for service businesses,5,Lead Generation Agency for Service Businesses,Commercial,Core,Full Stack,All Service Businesses,Core Landing Page,Highest,1,https://woobound.com/lead-generation-service-for-service-area-businesses/,woobound.com,Lead Generation Agency for Service Businesses - Woobound,,browserbase
lead generation agency for service businesses,5,Lead Generation Agency for Service Businesses,Commercial,Core,Full Stack,All Service Businesses,Core Landing Page,Highest,2,https://www.leadpiranha.com/,leadpiranha.com,Lead Piranha | Lead Generation Systems for Service Businesses,,browserbase
lead generation agency for service businesses,5,Lead Generation Agency for Service Businesses,Commercial,Core,Full Stack,All Service Businesses,Core Landing Page,Highest,3,https://seoforservice.com/lead-generation-service/,seoforservice.com,Lead Generation Services | Get More Leads & Customers,,browserbase
lead generation agency for service businesses,5,Lead Generation Agency for Service Businesses,Commercial,Core,Full Stack,All Service Businesses,Core Landing Page,Highest,4,https://boostedleads.com/,boostedleads.com,AI Lead Generation for Local Service Businesses | Boosted Leads — Boosted Leads,,browserbase
lead generation agency for service businesses,5,Lead Generation Agency for Service Businesses,Commercial,Core,Full Stack,All Service Businesses,Core Landing Page,Highest,5,https://brandbooster.ai/,brandbooster.ai,"#1 Lead Generation Agency for Plumbers, Roofers & Local Pros | BrandBooster",,browserbase
website crm and ads for service businesses,6,"Website, CRM, and Ads for Service Businesses",Commercial,Core,Full Stack,All Service Businesses,Core Landing Page,Highest,1,https://servicesengine.com/,servicesengine.com,Marketing Automation | Services Engine All-In-One Sales & Marketing Platform For Home Service Businesses,,browserbase
website crm and ads for service businesses,6,"Website, CRM, and Ads for Service Businesses",Commercial,Core,Full Stack,All Service Businesses,Core Landing Page,Highest,2,https://www.gethighlead.com/,gethighlead.com,HighLead - Marketing Automation for Local Business Growth,,browserbase
website crm and ads for service businesses,6,"Website, CRM, and Ads for Service Businesses",Commercial,Core,Full Stack,All Service Businesses,Core Landing Page,Highest,3,https://turnkeywebtech.com/,turnkeywebtech.com,Turnkey | The All-in-One Business App for Contractors & Service Businesses,,browserbase
website crm and ads for service businesses,6,"Website, CRM, and Ads for Service Businesses",Commercial,Core,Full Stack,All Service Businesses,Core Landing Page,Highest,4,https://prosbuddy.com/crm,prosbuddy.com,All-in-One Platform for Home Service Businesses,,browserbase
website crm and ads for service businesses,6,"Website, CRM, and Ads for Service Businesses",Commercial,Core,Full Stack,All Service Businesses,Core Landing Page,Highest,5,https://viirl.com/,viirl.com,VIIRL | Digital Marketing That Generates Leads and Books Jobs for Home Services - VIIRL,,browserbase
ai marketing agency for service businesses,7,AI Marketing Agency for Service Businesses,Commercial,Core,Full Stack,All Service Businesses,Core Landing Page,Highest,1,https://thevalleymarketinggroup.com/,thevalleymarketinggroup.com,AI Marketing Agency | The Valley Marketing Group,,browserbase
ai marketing agency for service businesses,7,AI Marketing Agency for Service Businesses,Commercial,Core,Full Stack,All Service Businesses,Core Landing Page,Highest,2,https://www.suora.ai/,suora.ai,Done-For-You AI Growth System | Suora.ai,,browserbase
ai marketing agency for service businesses,7,AI Marketing Agency for Service Businesses,Commercial,Core,Full Stack,All Service Businesses,Core Landing Page,Highest,3,https://www.marketmovers.ai/,marketmovers.ai,Market Movers | AI Marketing for Home Service Contractors,,browserbase
ai marketing agency for service businesses,7,AI Marketing Agency for Service Businesses,Commercial,Core,Full Stack,All Service Businesses,Core Landing Page,Highest,4,https://optimizedgrowth.com/ai-solutions/,optimizedgrowth.com,Optimized Growth — AI Solutions for Service Businesses,,browserbase
ai marketing agency for service businesses,7,AI Marketing Agency for Service Businesses,Commercial,Core,Full Stack,All Service Businesses,Core Landing Page,Highest,5,https://9xlocal.com/,9xlocal.com,9x Local — AI Marketing Built for Home Service Pros,,browserbase
local service business growth system,8,Local Service Business Growth System,Commercial,Core,Full Stack,All Service Businesses,Core Landing Page,Highest,1,https://localgrowthsystems.com/,localgrowthsystems.com,Local Business Growth Systems | Intent Method,,browserbase
local service business growth system,8,Local Service Business Growth System,Commercial,Core,Full Stack,All Service Businesses,Core Landing Page,Highest,2,https://www.davenportmarketing.com/the-growth-engine/,davenportmarketing.com,The Growth Engine | Davenport Marketing,,browserbase
local service business growth system,8,Local Service Business Growth System,Commercial,Core,Full Stack,All Service Businesses,Core Landing Page,Highest,3,https://systemizedleadz.com/,systemizedleadz.com,SystemizedLeadz OS – AI-Powered Growth System for Service Businesses,,browserbase
local service business growth system,8,Local Service Business Growth System,Commercial,Core,Full Stack,All Service Businesses,Core Landing Page,Highest,4,https://www.frameworksystems.co/,frameworksystems.co,Framework Systems — Business Automation for Local Service Companies,,browserbase
local service business growth system,8,Local Service Business Growth System,Commercial,Core,Full Stack,All Service Businesses,Core Landing Page,Highest,5,https://www.icadmarketing.com/authority-growth-system,icadmarketing.com,The Authority Growth System: The Definitive Guide,,browserbase
service business lead management system,9,Service Business Lead Management System,Commercial,Core,Full Stack,All Service Businesses,Core Landing Page,Highest,1,https://leadspheres.com/,leadspheres.com,AI CRM For Service Businesses | LeadSpheres - LeadSpheres,,browserbase
service business lead management system,9,Service Business Lead Management System,Commercial,Core,Full Stack,All Service Businesses,Core Landing Page,Highest,2,https://leadspheres.com/crm/,leadspheres.com,"CRM for Service Businesses — AI Follow-Up, Appointments & Pipelines | LeadSpheres - LeadSpheres",,browserbase
service business lead management system,9,Service Business Lead Management System,Commercial,Core,Full Stack,All Service Businesses,Core Landing Page,Highest,3,https://www.aptora.com/features/lead-management,aptora.com,Lead Management Software Built for Field Service Contractors,,browserbase
service business lead management system,9,Service Business Lead Management System,Commercial,Core,Full Stack,All Service Businesses,Core Landing Page,Highest,4,https://leadpresto.com/,leadpresto.com,All-in-One Client Acquisition System,,browserbase
service business lead management system,9,Service Business Lead Management System,Commercial,Core,Full Stack,All Service Businesses,Core Landing Page,Highest,5,https://www.perfectleads.com/features/,perfectleads.com,Features - PerfectLeads,,browserbase
done for you marketing system for service businesses,10,Done-for-You Marketing System for Service Businesses,Commercial,Core,Full Stack,All Service Businesses,Core Landing Page,Highest,1,https://orbintra.com/,orbintra.com,Orbintra Automation for Any Business - Orbintra - Done For You AI,,browserbase
done for you marketing system for service businesses,10,Done-for-You Marketing System for Service Businesses,Commercial,Core,Full Stack,All Service Businesses,Core Landing Page,Highest,2,https://localpro.one/special,localpro.one,Business-in-a-Box: Complete Marketing System for Local Service Businesses,,browserbase
done for you marketing system for service businesses,10,Done-for-You Marketing System for Service Businesses,Commercial,Core,Full Stack,All Service Businesses,Core Landing Page,Highest,3,https://servicehawk.io/market-takeover-system,servicehawk.io,The Market Takeover System for Home Service Contractors | ServiceHawk,,browserbase
done for you marketing system for service businesses,10,Done-for-You Marketing System for Service Businesses,Commercial,Core,Full Stack,All Service Businesses,Core Landing Page,Highest,4,https://earnworthy.com/amplify/,earnworthy.com,Amplify | Earnworthy,,browserbase
done for you marketing system for service businesses,10,Done-for-You Marketing System for Service Businesses,Commercial,Core,Full Stack,All Service Businesses,Core Landing Page,Highest,5,https://1000xsales.com/growth-system/,1000xsales.com,The 1000x Growth System | Done-For-You Growth Infrastructure for Contractors — 1000x Sales,,browserbase
go high level agency for service businesses,11,GoHighLevel Agency for Service Businesses,Commercial,Core,Full Stack,All Service Businesses,Core Landing Page,Highest,1,https://ghlstack.com/,ghlstack.com,GHLStack – GoHighLevel CRM & Automation Solutions for Business Growth,,browserbase
go high level agency for service businesses,11,GoHighLevel Agency for Service Businesses,Commercial,Core,Full Stack,All Service Businesses,Core Landing Page,Highest,2,https://ghlcrms.com/services/,ghlcrms.com,"Hire GoHighLevel Experts | CRM, Funnels & SaaS Setup",,browserbase
go high level agency for service businesses,11,GoHighLevel Agency for Service Businesses,Commercial,Core,Full Stack,All Service Businesses,Core Landing Page,Highest,3,https://ghllogic.com/,ghllogic.com,Hire Certified GoHighLevel Experts | GHL Automation Agency 2026,,browserbase
go high level agency for service businesses,11,GoHighLevel Agency for Service Businesses,Commercial,Core,Full Stack,All Service Businesses,Core Landing Page,Highest,4,https://www.ghlscaleup.com/,ghlscaleup.com,GoHighLevel Expert Agency | GHL Scale Up,,browserbase
go high level agency for service businesses,11,GoHighLevel Agency for Service Businesses,Commercial,Core,Full Stack,All Service Businesses,Core Landing Page,Highest,5,highlevelonlinesolution.com/,,High Level Online Solution | Automation for Home Service Businesses,,browserbase
marketing automation for service businesses,12,Marketing Automation for Service Businesses,Commercial,Core,Full Stack,All Service Businesses,Core Landing Page,Highest,1,https://www.servicetitan.com/features/pro/marketing,servicetitan.com,Email Marketing for Service Companies | Marketing Pro,,browserbase
marketing automation for service businesses,12,Marketing Automation for Service Businesses,Commercial,Core,Full Stack,All Service Businesses,Core Landing Page,Highest,2,https://graftpal.com/en-us/platform/marketing,graftpal.com,Marketing Software | All-in-One Marketing Platform | GraftPal,,browserbase
marketing automation for service businesses,12,Marketing Automation for Service Businesses,Commercial,Core,Full Stack,All Service Businesses,Core Landing Page,Highest,3,https://intelliloom.com/homeservices,intelliloom.com,AI-Powered CRM & Marketing Automation Platform for Home Services - IntelliLoom,,browserbase
marketing automation for service businesses,12,Marketing Automation for Service Businesses,Commercial,Core,Full Stack,All Service Businesses,Core Landing Page,Highest,4,https://servicesengine.com/,servicesengine.com,Marketing Automation | Services Engine All-In-One Sales & Marketing Platform For Home Service Businesses,,browserbase
marketing automation for service businesses,12,Marketing Automation for Service Businesses,Commercial,Core,Full Stack,All Service Businesses,Core Landing Page,Highest,5,https://www.chatavise.com/chatavise-marketing-suite/,chatavise.com,Chatavise Marketing Suite - Chatavise,,browserbase
crm and follow up system for contractors,13,CRM and Follow-Up System for Contractors,Commercial,Core,Full Stack,All Service Businesses,Core Landing Page,Highest,1,https://www.followupcrm.com/,followupcrm.com,"FollowUp | Best CRM for Construction, Contractors & Builders",,browserbase
crm and follow up system for contractors,13,CRM and Follow-Up System for Contractors,Commercial,Core,Full Stack,All Service Businesses,Core Landing Page,Highest,2,https://fastfixpro.app/,fastfixpro.app,FastFix Pro — The CRM Built for Contractors and Field Service Companies,,browserbase
crm and follow up system for contractors,13,CRM and Follow-Up System for Contractors,Commercial,Core,Full Stack,All Service Businesses,Core Landing Page,Highest,3,https://www.mycontractorcrm.com/,mycontractorcrm.com,ContractorFlow CRM | Automate & Book More Jobs,,browserbase
crm and follow up system for contractors,13,CRM and Follow-Up System for Contractors,Commercial,Core,Full Stack,All Service Businesses,Core Landing Page,Highest,4,https://proflow360.com/contractor-crm,proflow360.com,CRM Software for Contractors | ProFlow360 CRM,,browserbase
crm and follow up system for contractors,13,CRM and Follow-Up System for Contractors,Commercial,Core,Full Stack,All Service Businesses,Core Landing Page,Highest,5,https://truline.io/solutions/contractor-crm,truline.io,Contractor CRM That Works While You Work | TruLine | TruLine,,browserbase
booked calls marketing agency,14,Booked Calls Marketing Agency,Commercial,Core,Full Stack,All Service Businesses,Core Landing Page,Highest,1,https://bookedcallsdaily.com/,bookedcallsdaily.com,We Generate Agency Owners,,browserbase
booked calls marketing agency,14,Booked Calls Marketing Agency,Commercial,Core,Full Stack,All Service Businesses,Core Landing Page,Highest,2,https://leverageoutboundgroup.com/,leverageoutboundgroup.com,Leveraged Outbound,,browserbase
booked calls marketing agency,14,Booked Calls Marketing Agency,Commercial,Core,Full Stack,All Service Businesses,Core Landing Page,Highest,3,https://www.leadboss.co/,leadboss.co,LeadBoss | Guaranteed Meetings Booked,,browserbase
booked calls marketing agency,14,Booked Calls Marketing Agency,Commercial,Core,Full Stack,All Service Businesses,Core Landing Page,Highest,4,https://www.coldcallme.com/digital-marketing,coldcallme.com,Digital Marketing Lead Generation | Agency Sales &amp; Appointment Setting,,browserbase
booked calls marketing agency,14,Booked Calls Marketing Agency,Commercial,Core,Full Stack,All Service Businesses,Core Landing Page,Highest,5,https://callingagency.com/appointment-setting-services/,callingagency.com,Appointment Setting Services | Virtual Appointment Setters,,browserbase
estimate request lead generation,15,Estimate Request Lead Generation,Commercial,Core,Full Stack,All Service Businesses,Core Landing Page,Highest,1,https://www.leadquizzes.com/quote-estimate-calculator-template/,leadquizzes.com,Quote & Estimate Calculator Template - LeadQuizzes,,browserbase
estimate request lead generation,15,Estimate Request Lead Generation,Commercial,Core,Full Stack,All Service Businesses,Core Landing Page,Highest,2,https://estimatecalculators.com/,estimatecalculators.com,Get 10x More Leads - Estimate Calculators,,browserbase
estimate request lead generation,15,Estimate Request Lead Generation,Commercial,Core,Full Stack,All Service Businesses,Core Landing Page,Highest,3,https://contractorpriceguide.com/,contractorpriceguide.com,Contractor Price Guide - Online Pricing Estimators for Home Service Contractors,,browserbase
estimate request lead generation,15,Estimate Request Lead Generation,Commercial,Core,Full Stack,All Service Businesses,Core Landing Page,Highest,4,https://www.thundyr.com/products/estimate,thundyr.com,Estimate | Thundyr,,browserbase
estimate request lead generation,15,Estimate Request Lead Generation,Commercial,Core,Full Stack,All Service Businesses,Core Landing Page,Highest,5,https://getperspective.ai/templates/contractor-estimate-request,getperspective.ai,Contractor Estimate Request Form - Get More Qualified Leads | Perspective AI,,browserbase
appointment booking marketing system,16,Appointment Booking Marketing System,Commercial,Core,Full Stack,All Service Businesses,Core Landing Page,Highest,1,https://www.bookeo.com/,bookeo.com,Booking System & Reservation Software That Drives Growth | Bookeo,,browserbase
appointment booking marketing system,16,Appointment Booking Marketing System,Commercial,Core,Full Stack,All Service Businesses,Core Landing Page,Highest,2,https://www.appointy.com/online-booking-software/,appointy.com,Online Appointment Booking System - Appointy,,browserbase
appointment booking marketing system,16,Appointment Booking Marketing System,Commercial,Core,Full Stack,All Service Businesses,Core Landing Page,Highest,3,https://www.bookio.com/,bookio.com,Booking system | Bookio,,browserbase
appointment booking marketing system,16,Appointment Booking Marketing System,Commercial,Core,Full Stack,All Service Businesses,Core Landing Page,Highest,4,https://glossgenius.com/online-booking,glossgenius.com,All-In-One Online Booking System | GlossGenius,,browserbase
appointment booking marketing system,16,Appointment Booking Marketing System,Commercial,Core,Full Stack,All Service Businesses,Core Landing Page,Highest,5,https://www.reservio.com/,reservio.com,Reservio | Free Online Appointment Scheduling Software,,browserbase
consultation funnel agency,17,Consultation Funnel Agency,Commercial,Core,Full Stack,All Service Businesses,Core Landing Page,Highest,1,https://www.leadquizzes.com/consultation-qualification-funnel/,leadquizzes.com,Consultation Qualification Funnel Template | LeadQuizzes,,browserbase
consultation funnel agency,17,Consultation Funnel Agency,Commercial,Core,Full Stack,All Service Businesses,Core Landing Page,Highest,2,https://www.averi.ai/learn/full-funnel-marketing-for-consulting-agencies,averi.ai,How to Execute a Full-Funnel Marketing Strategy for Consulting Agencies,,browserbase
consultation funnel agency,17,Consultation Funnel Agency,Commercial,Core,Full Stack,All Service Businesses,Core Landing Page,Highest,3,https://www.consultingsuccess.com/consulting-sales-funnel,consultingsuccess.com,How to Build a Consulting Sales Funnel That Lands High-Value Executive Clients | Consulting Success®,,browserbase
consultation funnel agency,17,Consultation Funnel Agency,Commercial,Core,Full Stack,All Service Businesses,Core Landing Page,Highest,4,https://themarketingjuice.com/consulting-sales-funnel/,themarketingjuice.com,Consulting Sales Funnel: Where Firms Lose and Why,,browserbase
consultation funnel agency,17,Consultation Funnel Agency,Commercial,Core,Full Stack,All Service Businesses,Core Landing Page,Highest,5,https://breakthrough3x.com/resources/how-to-build-an-effective-marketing-funnel-for-consultants/,breakthrough3x.com,How to Build an Effective Marketing Funnel for Consultants,,browserbase
local seo and crm agency,18,Local SEO and CRM Agency,Commercial,Core,Full Stack,All Service Businesses,Core Landing Page,Highest,1,https://seoislocal.com/,seoislocal.com,SEO Is Local — AI-Powered Local Marketing,,browserbase
local seo and crm agency,18,Local SEO and CRM Agency,Commercial,Core,Full Stack,All Service Businesses,Core Landing Page,Highest,2,https://www.getlocal.agency/,getlocal.agency,AI-Powered Marketing & CRM Solutions for Small Businesses | Get Local Agency,,browserbase
local seo and crm agency,18,Local SEO and CRM Agency,Commercial,Core,Full Stack,All Service Businesses,Core Landing Page,Highest,3,https://localwerx.com/marketing-crm/,localwerx.com,"MARKETING CRM | Affordable Local SEO Agency | Gilbert, AZ",,browserbase
local seo and crm agency,18,Local SEO and CRM Agency,Commercial,Core,Full Stack,All Service Businesses,Core Landing Page,Highest,4,https://vdxmarketing.com/services/crm/,vdxmarketing.com,CRM for Local Business | All-in-One Sales & Marketing Platform | VDX Marketing,,browserbase
local seo and crm agency,18,Local SEO and CRM Agency,Commercial,Core,Full Stack,All Service Businesses,Core Landing Page,Highest,5,https://localflo.co/,localflo.co,"LocalFlo CRM | Sales, Marketing, & Automation Platform",,browserbase
ai automation for local businesses,19,AI Automation for Local Businesses,Commercial,Core,Full Stack,All Service Businesses,Core Landing Page,Highest,1,https://orzenta.com/,orzenta.com,Orzenta — AI Automation for Local Businesses,,browserbase
ai automation for local businesses,19,AI Automation for Local Businesses,Commercial,Core,Full Stack,All Service Businesses,Core Landing Page,Highest,2,https://norivo.ai/,norivo.ai,Norivo | AI-Powered CRM & Automation Platform,,browserbase
ai automation for local businesses,19,AI Automation for Local Businesses,Commercial,Core,Full Stack,All Service Businesses,Core Landing Page,Highest,3,https://www.vaiduct.com/,vaiduct.com,Vaiduct — AI Growth System for Local Businesses,,browserbase
ai automation for local businesses,19,AI Automation for Local Businesses,Commercial,Core,Full Stack,All Service Businesses,Core Landing Page,Highest,4,https://mojosuite.com/,mojosuite.com,MOJO SUITE | AI Google Business Profile & Local SEO Automation,,browserbase
ai automation for local businesses,19,AI Automation for Local Businesses,Commercial,Core,Full Stack,All Service Businesses,Core Landing Page,Highest,5,https://jigglefish.io/emma,jigglefish.io,Emma | The AI SEO Agent for Local Service Businesses | JiggleFish,,browserbase
service business ai implementation,20,Service Business AI Implementation,Commercial,Core,Full Stack,All Service Businesses,Core Landing Page,Highest,1,https://www.tradeworksai.com/complete-guide-ai-agents-trade-businesses.html,tradeworksai.com,The Complete Guide to AI Agents for Trade Businesses (2026) | TradeWorks AI,,browserbase
service business ai implementation,20,Service Business AI Implementation,Commercial,Core,Full Stack,All Service Businesses,Core Landing Page,Highest,2,https://www.lilachbullock.com/ai-for-service-businesses/,lilachbullock.com,AI for Service Businesses: The Practical 2026 Guide,,browserbase
service business ai implementation,20,Service Business AI Implementation,Commercial,Core,Full Stack,All Service Businesses,Core Landing Page,Highest,3,https://builtforoperators.com/ai-systems-for-service-businesses-ai-native/,builtforoperators.com,AI Systems for Service Businesses: What an AI-Native Company Looks Like From Day One,,browserbase
service business ai implementation,20,Service Business AI Implementation,Commercial,Core,Full Stack,All Service Businesses,Core Landing Page,Highest,4,https://michaelheredia.com/blog/small-business-ai-automation-roadmap/,michaelheredia.com,The Automation Roadmap for Owner-Operators · Michael Heredia,,browserbase
service business ai implementation,20,Service Business AI Implementation,Commercial,Core,Full Stack,All Service Businesses,Core Landing Page,Highest,5,https://icarusworks.ai/blog/done-for-you-ai-automation-home-service-company,icarusworks.ai,Done-For-You AI Automation for Home Service Companies | Icarus Blog | Icarus AI,,browserbase
web design for auto detailing shops,21,Web Development for Auto Detailing,Commercial,Service/Industry,Web Development,Auto Detailing,Service x Industry Page,High,1,https://motorgrowth.com/website/,motorgrowth.com,Website Design for Auto Detailing Businesses | Motorgrowth,,browserbase
web design for auto detailing shops,21,Web Development for Auto Detailing,Commercial,Service/Industry,Web Development,Auto Detailing,Service x Industry Page,High,2,https://cbusdigital.com/services/auto-detailing,cbusdigital.com,Web Design for Auto Detailers | Columbus Car Detailing Websites | CBUS Digital,,browserbase
web design for auto detailing shops,21,Web Development for Auto Detailing,Commercial,Service/Industry,Web Development,Auto Detailing,Service x Industry Page,High,3,https://socialanimal.dev/solutions/auto-detailing-website-development/,socialanimal.dev,Auto Detailing Website Development -- Social Animal,,browserbase
web design for auto detailing shops,21,Web Development for Auto Detailing,Commercial,Service/Industry,Web Development,Auto Detailing,Service x Industry Page,High,4,https://thedetailscale.com/car-detailing-website-design/,thedetailscale.com,Website Design - Tint Scale,,browserbase
web design for auto detailing shops,21,Web Development for Auto Detailing,Commercial,Service/Industry,Web Development,Auto Detailing,Service x Industry Page,High,5,https://detailingwebstudio.com/,detailingwebstudio.com,Auto Detailing Website Design Agency | Car Detailing Website Templates & Custom Design,,browserbase
web design for auto styling shops,22,Web Development for Auto Styling,Commercial,Service/Industry,Web Development,Auto Styling,Service x Industry Page,High,1,https://autostylemarketing.com/services/restyler-website-design-development/,autostylemarketing.com,Restyler Website Design & Development | AutoStyle Marketing,,browserbase
web design for auto styling shops,22,Web Development for Auto Styling,Commercial,Service/Industry,Web Development,Auto Styling,Service x Industry Page,High,2,https://seo4growth.com/automotive-studio-website-design/,seo4growth.com,High-Conversion Website Design for Automotive Studios (2026),,browserbase
web design for auto styling shops,22,Web Development for Auto Styling,Commercial,Service/Industry,Web Development,Auto Styling,Service x Industry Page,High,3,https://matthewsdesign.co/work/socal-autostyle/,matthewsdesign.co,SoCal Autostyle - Matthews Design,,browserbase
web design for auto styling shops,22,Web Development for Auto Styling,Commercial,Service/Industry,Web Development,Auto Styling,Service x Industry Page,High,4,https://shoppositioner.com/auto-shop-website-design/,shoppositioner.com,"Website Design for Detailing, PPF & Tint Shops | Get Quote",,browserbase
web design for auto styling shops,22,Web Development for Auto Styling,Commercial,Service/Industry,Web Development,Auto Styling,Service x Industry Page,High,5,https://motorgrowth.com/website/,motorgrowth.com,Website Design for Auto Detailing Businesses | Motorgrowth,,browserbase
web design for roofing companies,23,Web Development for Roofing,Commercial,Service/Industry,Web Development,Roofing,Service x Industry Page,High,1,https://www.interactivebuilds.com/web-design-for-roofers/,interactivebuilds.com,Web Design For Roofers • Interactive Builds,,browserbase
web design for roofing companies,23,Web Development for Roofing,Commercial,Service/Industry,Web Development,Roofing,Service x Industry Page,High,2,https://drivewebdesign.com/industries/roofing-websites/,drivewebdesign.com,Roofing Website Design | Local SEO Specialist | Drive Web Design,,browserbase
web design for roofing companies,23,Web Development for Roofing,Commercial,Service/Industry,Web Development,Roofing,Service x Industry Page,High,3,https://contractorwebsitedesign.com/roofing/web-design/,contractorwebsitedesign.com,Roofing Web Design Services: Custom Websites for Roofers,,browserbase
web design for roofing companies,23,Web Development for Roofing,Commercial,Service/Industry,Web Development,Roofing,Service x Industry Page,High,4,https://www.ninetywebdesign.com/roofing-web-design/,ninetywebdesign.com,Expert Web Design For Roofing Companies | Ninety Web Design,,browserbase
web design for roofing companies,23,Web Development for Roofing,Commercial,Service/Industry,Web Development,Roofing,Service x Industry Page,High,5,https://hookagency.com/roofing-marketing/website-design/,hookagency.com,Roofing Website Design | Roofing Websites | Hook Agency,,browserbase
web design for plumbing companies,24,Web Development for Plumbing,Commercial,Service/Industry,Web Development,Plumbing,Service x Industry Page,High,1,https://tmncreative.com/plumbing,tmncreative.com,Plumbing Web Design Agency · TMN Creative,,browserbase
web design for plumbing companies,24,Web Development for Plumbing,Commercial,Service/Industry,Web Development,Plumbing,Service x Industry Page,High,2,https://drivewebdesign.com/industries/plumbing-websites/,drivewebdesign.com,Plumbing Website Design for Contractors | Drive Web Design,,browserbase
web design for plumbing companies,24,Web Development for Plumbing,Commercial,Service/Industry,Web Development,Plumbing,Service x Industry Page,High,3,https://www.marketingstrategiesplumbing.com/services/website-design/,marketingstrategiesplumbing.com,Website Design for Plumbers for Plumbers | Plumber Marketing Strategies,,browserbase
web design for plumbing companies,24,Web Development for Plumbing,Commercial,Service/Industry,Web Development,Plumbing,Service x Industry Page,High,4,https://rankcontractors.com/services/plumbing-web-design,rankcontractors.com,Plumbing Website Design — Professional Websites That Convert Visitors to Leads | Rank Contractors,,browserbase
web design for plumbing companies,24,Web Development for Plumbing,Commercial,Service/Industry,Web Development,Plumbing,Service x Industry Page,High,5,https://moosebase.com/guides/plumber-website-design-guide/,moosebase.com,Plumber Website Design: The Complete 2026 Guide | MooseBase Guides,,browserbase
web design for pest control companies,25,Web Development for Pest Control,Commercial,Service/Industry,Web Development,Pest Control,Service x Industry Page,High,1,https://pestcontrolwebdesigns.com/,pestcontrolwebdesigns.com,Web Design Services for Pest Control Companies | Pest Control Web Designs,,browserbase
web design for pest control companies,25,Web Development for Pest Control,Commercial,Service/Industry,Web Development,Pest Control,Service x Industry Page,High,2,https://socialanimal.dev/solutions/pest-control-website-development/,socialanimal.dev,Pest Control Website Development -- Social Animal,,browserbase
web design for pest control companies,25,Web Development for Pest Control,Commercial,Service/Industry,Web Development,Pest Control,Service x Industry Page,High,3,https://www.andava.com/pest-control-marketing/web-design/,andava.com,Pest Control Web Design Agency | Convert More Visitors,,browserbase
web design for pest control companies,25,Web Development for Pest Control,Commercial,Service/Industry,Web Development,Pest Control,Service x Industry Page,High,4,https://www.paitdigital.com/pest-control-web-design,paitdigital.com,Pest Control Web Design Experts | Pait Digital,,browserbase
web design for pest control companies,25,Web Development for Pest Control,Commercial,Service/Industry,Web Development,Pest Control,Service x Industry Page,High,5,https://contractormarketingpros.net/pest-control/website-design/,contractormarketingpros.net,Pest Control Website Design | Convert More Local Leads,,browserbase
web design for landscaping companies,26,Web Development for Landscaping,Commercial,Service/Industry,Web Development,Landscaping,Service x Industry Page,High,1,https://tmncreative.com/landscaping,tmncreative.com,Landscaping Web Design Agency · TMN Creative,,browserbase
web design for landscaping companies,26,Web Development for Landscaping,Commercial,Service/Industry,Web Development,Landscaping,Service x Industry Page,High,2,https://www.kellywebsitedesign.com/industries/landscaping-company-website-design/,kellywebsitedesign.com,Landscaping Company Website Design and SEO | Free Mockup,,browserbase
web design for landscaping companies,26,Web Development for Landscaping,Commercial,Service/Industry,Web Development,Landscaping,Service x Industry Page,High,3,https://socialanimal.dev/solutions/landscaping-company-website-development/,socialanimal.dev,Landscaping Company Website Development -- Social Animal,,browserbase
web design for landscaping companies,26,Web Development for Landscaping,Commercial,Service/Industry,Web Development,Landscaping,Service x Industry Page,High,4,https://www.verlua.com/blog/landscaping-website-design-guide,verlua.com,Landscaping Website Design: Turn Searchers Into Leads | Verlua,,browserbase
web design for landscaping companies,26,Web Development for Landscaping,Commercial,Service/Industry,Web Development,Landscaping,Service x Industry Page,High,5,https://drivewebdesign.com/industries/landscaping-websites/,drivewebdesign.com,Landscaping Website Design | Local SEO Specialist | Drive Web Design,,browserbase
web design for window companies,27,Web Development for Window Companies,Commercial,Service/Industry,Web Development,Window Companies,Service x Industry Page,High,1,https://windowsdoorsseo.com/website-development/,windowsdoorsseo.com,Website Development - Windows & Doors SEO,,browserbase
web design for window companies,27,Web Development for Window Companies,Commercial,Service/Industry,Web Development,Window Companies,Service x Industry Page,High,2,https://www.getfoundguy.com/window-door-website-design/,getfoundguy.com,Window + Door Website Design for the $14k Job | Get Found Guy,,browserbase
web design for window companies,27,Web Development for Window Companies,Commercial,Service/Industry,Web Development,Window Companies,Service x Industry Page,High,3,https://roseoftheshires.co.uk/portfolio/dkwindowsdoors/,roseoftheshires.co.uk,DK Windows & Doors | Web Redesign | Rose of the Shires,,browserbase
web design for window companies,27,Web Development for Window Companies,Commercial,Service/Industry,Web Development,Window Companies,Service x Industry Page,High,4,https://panoramicdesign.co.uk/web_design/sunlight-windows/,panoramicdesign.co.uk,Sunlight Windows Website Design | Modern Web Design for Window & Door Installers,,browserbase
web design for window companies,27,Web Development for Window Companies,Commercial,Service/Industry,Web Development,Window Companies,Service x Industry Page,High,5,https://louddigital.co.uk/projects/spire-windows-double-glazing-web-design-case-study/,louddigital.co.uk,Spire Windows - Double-Glazing Web Design Case Study - Loud Digital Hull,,browserbase
web design for smart home installers,28,Web Development for Smart Home Installers,Commercial,Service/Industry,Web Development,Smart Home Installers,Service x Industry Page,High,1,https://clicksgeek.com/web-design-for-smart-home-installers/,clicksgeek.com,Web Design for Smart Home Installers | Clicks Geek,,browserbase
web design for smart home installers,28,Web Development for Smart Home Installers,Commercial,Service/Industry,Web Development,Smart Home Installers,Service x Industry Page,High,2,https://www.zarla.com/website-templates/home-tech,zarla.com,Best Home Tech Installation Website Templates | Designs for Smart Home Pros | Zarla,,browserbase
web design for smart home installers,28,Web Development for Smart Home Installers,Commercial,Service/Industry,Web Development,Smart Home Installers,Service x Industry Page,High,3,https://www.lanternroommarketing.com/services/web-design,lanternroommarketing.com,"Web Design for Smart Home, Security & Home Service Businesses | Lantern Room",,browserbase
web design for smart home installers,28,Web Development for Smart Home Installers,Commercial,Service/Industry,Web Development,Smart Home Installers,Service x Industry Page,High,4,https://websitebuilderreport.com/business/best-website-builder-for-smart-home-installers/,websitebuilderreport.com,Best Website Builder for Smart Home Installers - Our Top Pick,,browserbase
web design for smart home installers,28,Web Development for Smart Home Installers,Commercial,Service/Industry,Web Development,Smart Home Installers,Service x Industry Page,High,5,https://lasso-up.com/case-studies/website-design-smart-home-automation-company/,lasso-up.com,Website Design: Smart Home Automation Company - Lasso Up,,browserbase
web design for contractors,29,Web Development for Contractors,Commercial,Service/Industry,Web Development,Contractors,Service x Industry Page,High,1,https://contractorsitedesign.com/,contractorsitedesign.com,"Contractor Website Design | $999 Flat, Live in 5 Days",,browserbase
web design for contractors,29,Web Development for Contractors,Commercial,Service/Industry,Web Development,Contractors,Service x Industry Page,High,2,https://contractorarsenal.com/,contractorarsenal.com,Contractor Arsenal - Websites That Win You More Jobs,,browserbase
web design for contractors,29,Web Development for Contractors,Commercial,Service/Industry,Web Development,Contractors,Service x Industry Page,High,3,https://contractorpages.co/,contractorpages.co,"Contractor Website Design | ContractorPages.co — Built for Trades, Live in 2 Days",,browserbase
web design for contractors,29,Web Development for Contractors,Commercial,Service/Industry,Web Development,Contractors,Service x Industry Page,High,4,https://primatewebfx.com/web-design-for-general-contractors/,primatewebfx.com,Web Design for General Contractors | Primate Web FX- Professional Web Design & Custom Graphic Services,,browserbase
web design for contractors,29,Web Development for Contractors,Commercial,Service/Industry,Web Development,Contractors,Service x Industry Page,High,5,https://kupawebsolutions.com/contractor-website-development/,kupawebsolutions.com,Contractor Website Development | Custom-Built Sites That Generate Leads,,browserbase
web design for med spas,30,Web Development for Med Spas,Commercial,Service/Industry,Web Development,Med Spas,Service x Industry Page,High,1,https://www.verlua.com/blog/medical-spa-website-design-guide,verlua.com,Medical Spa Website Design: 2026 Complete Guide | Verlua,,browserbase
web design for med spas,30,Web Development for Med Spas,Commercial,Service/Industry,Web Development,Med Spas,Service x Industry Page,High,2,https://prospelle.com/med-spa-website-design-seo/,prospelle.com,Med Spa Website Design & SEO Architecture | Prospelle,,browserbase
web design for med spas,30,Web Development for Med Spas,Commercial,Service/Industry,Web Development,Med Spas,Service x Industry Page,High,3,https://themedspaagency.com/digital-marketing/website-design/,themedspaagency.com,Website Design for Medical Spas - The Med Spa Agency,,browserbase
web design for med spas,30,Web Development for Med Spas,Commercial,Service/Industry,Web Development,Med Spas,Service x Industry Page,High,4,https://smply.studio/web-design-for-med-spas/,smply.studio,"Med Spa Website Design Services – Custom, SEO‑Driven & High Converting | SMPLY Studio",,browserbase
web design for med spas,30,Web Development for Med Spas,Commercial,Service/Industry,Web Development,Med Spas,Service x Industry Page,High,5,https://tmncreative.com/med-spa,tmncreative.com,Med Spa Website Design Agency · TMN Creative,,browserbase
web design for B2B service companies,31,Web Development for B2B Services,Commercial,Service/Industry,Web Development,B2B Services,Service x Industry Page,High,1,https://www.chetaru.com/b2b-website-solutions/,chetaru.com,B2B Website Solutions - Chetaru,,browserbase
web design for B2B service companies,31,Web Development for B2B Services,Commercial,Service/Industry,Web Development,B2B Services,Service x Industry Page,High,2,https://virdis.io/use-cases/b2b-services,virdis.io,B2B Services Web Design & Development — Virdis | Virdis,,browserbase
web design for B2B service companies,31,Web Development for B2B Services,Commercial,Service/Industry,Web Development,B2B Services,Service x Industry Page,High,3,https://www.chetaru.com/professional-services/,chetaru.com,Professional Services - Chetaru,,browserbase
web design for B2B service companies,31,Web Development for B2B Services,Commercial,Service/Industry,Web Development,B2B Services,Service x Industry Page,High,4,https://zenmedia.com/services/zen-digital-website-design-and-development/,zenmedia.com,B2B Website Design and Development Agency | Zen Media,,browserbase
web design for B2B service companies,31,Web Development for B2B Services,Commercial,Service/Industry,Web Development,B2B Services,Service x Industry Page,High,5,https://vezert.com/portfolio/corporate-website-consulting-company,vezert.com,Corporate Website Design for Consulting Company — Case Study,,browserbase
web design for education and training organizations,32,Web Development for Education & Training,Commercial,Service/Industry,Web Development,Education & Training,Service x Industry Page,High,1,https://www.glidedesign.com/industries/education-training/,glidedesign.com,Education & Training - GLIDE® : Austin Website Design,,browserbase
web design for education and training organizations,32,Web Development for Education & Training,Commercial,Service/Industry,Web Development,Education & Training,Service x Industry Page,High,2,https://www.digitalsilk.com/web-design/education/,digitalsilk.com,Education & University Web Design,,browserbase
web design for education and training organizations,32,Web Development for Education & Training,Commercial,Service/Industry,Web Development,Education & Training,Service x Industry Page,High,3,https://carbonrepro.com/web-design-and-development/web-design-company-for-education-industry/,carbonrepro.com,Web Design Company For Education Industry | Carbon Repro,,browserbase
web design for education and training organizations,32,Web Development for Education & Training,Commercial,Service/Industry,Web Development,Education & Training,Service x Industry Page,High,4,https://makdigitaldesign.com/education-training-web-design-services/,makdigitaldesign.com,Education & Training Web Design Servic | Custom Website Design,,browserbase
web design for education and training organizations,32,Web Development for Education & Training,Commercial,Service/Industry,Web Development,Education & Training,Service x Industry Page,High,5,https://www.trywebtec.com/website-redesign/education-website-redesign/,trywebtec.com,E-Learning & Education Website Redesign | Webtec Agency,,browserbase
crm automation for auto detailing shops,33,CRM Solutions for Auto Detailing,Commercial,Service/Industry,CRM Solutions,Auto Detailing,Service x Industry Page,High,1,https://swirlcrm.com/,swirlcrm.com,Swirl CRM - The Command Center for Auto Detailers & PPF Shops,,browserbase
crm automation for auto detailing shops,33,CRM Solutions for Auto Detailing,Commercial,Service/Industry,CRM Solutions,Auto Detailing,Service x Industry Page,High,2,https://shoppositioner.com/auto-shop-crm/,shoppositioner.com,Auto Shop CRM | Automate Leads & Boost Sales,,browserbase
crm automation for auto detailing shops,33,CRM Solutions for Auto Detailing,Commercial,Service/Industry,CRM Solutions,Auto Detailing,Service x Industry Page,High,3,https://www.autodetailcrm.com/,autodetailcrm.com,Auto Detailing CRM: AI Receptionist + CRM for Detailers,,browserbase
crm automation for auto detailing shops,33,CRM Solutions for Auto Detailing,Commercial,Service/Industry,CRM Solutions,Auto Detailing,Service x Industry Page,High,4,https://dewx.com/for/auto-detailing,dewx.com,Dewx for Auto Detailing — All-in-One Detailing Business Software | Dewx,,browserbase
crm automation for auto detailing shops,33,CRM Solutions for Auto Detailing,Commercial,Service/Industry,CRM Solutions,Auto Detailing,Service x Industry Page,High,5,https://autoboost.dotadigital.com/,autoboost.dotadigital.com,AutoBoost CRM - #1 CRM for Auto Detailing and Car Wrap Shops,,browserbase
crm automation for auto styling shops,34,CRM Solutions for Auto Styling,Commercial,Service/Industry,CRM Solutions,Auto Styling,Service x Industry Page,High,1,https://www.shopwrk.com/,shopwrk.com,"ShopWrk — AI Software for Tint, PPF & Ceramic Shops",,browserbase
crm automation for auto styling shops,34,CRM Solutions for Auto Styling,Commercial,Service/Industry,CRM Solutions,Auto Styling,Service x Industry Page,High,2,https://autoboost.dotadigital.com/,autoboost.dotadigital.com,AutoBoost CRM - #1 CRM for Auto Detailing and Car Wrap Shops,,browserbase
crm automation for auto styling shops,34,CRM Solutions for Auto Styling,Commercial,Service/Industry,CRM Solutions,Auto Styling,Service x Industry Page,High,3,https://shoppositioner.com/auto-shop-crm/,shoppositioner.com,Auto Shop CRM | Automate Leads & Boost Sales,,browserbase
crm automation for auto styling shops,34,CRM Solutions for Auto Styling,Commercial,Service/Industry,CRM Solutions,Auto Styling,Service x Industry Page,High,4,https://autostylemarketing.com/services/restyler-crm/,autostylemarketing.com,Restyler CRM | AutoStyle Marketing,,browserbase
crm automation for auto styling shops,34,CRM Solutions for Auto Styling,Commercial,Service/Industry,CRM Solutions,Auto Styling,Service x Industry Page,High,5,https://revvedpro.com/revvedpro-crm/,revvedpro.com,Custom CRM - revvedpro.com,,browserbase
crm automation for roofing companies,35,CRM Solutions for Roofing,Commercial,Service/Industry,CRM Solutions,Roofing,Service x Industry Page,High,1,https://roofr.com/crm,roofr.com,The #1 Roofing CRM | Roofr,,browserbase
crm automation for roofing companies,35,CRM Solutions for Roofing,Commercial,Service/Industry,CRM Solutions,Roofing,Service x Industry Page,High,2,https://roofiq.net/,roofiq.net,RoofIQ — The Smartest Roofing CRM on the Market,,browserbase
crm automation for roofing companies,35,CRM Solutions for Roofing,Commercial,Service/Industry,CRM Solutions,Roofing,Service x Industry Page,High,3,trussi.ai/,,Trussi.AI - The AI-Powered CRM Built for Roofing,,browserbase
crm automation for roofing companies,35,CRM Solutions for Roofing,Commercial,Service/Industry,CRM Solutions,Roofing,Service x Industry Page,High,4,https://rooflink.com/,rooflink.com,RoofLink - The Best Roofing CRM Software for Growth & Profit,,browserbase
crm automation for roofing companies,35,CRM Solutions for Roofing,Commercial,Service/Industry,CRM Solutions,Roofing,Service x Industry Page,High,5,https://www.jobnimbus.com/,jobnimbus.com,JobNimbus | Roofing CRM & Business Software Built to Scale,,browserbase
crm automation for plumbing companies,36,CRM Solutions for Plumbing,Commercial,Service/Industry,CRM Solutions,Plumbing,Service x Industry Page,High,1,https://bluestage.ai/crm-for-plumbers/,bluestage.ai,"#1 CRM for Plumbers: Manage Leads, Crews, and Jobs in One Dashboard - Win More Jobs with Bluestage",,browserbase
crm automation for plumbing companies,36,CRM Solutions for Plumbing,Commercial,Service/Industry,CRM Solutions,Plumbing,Service x Industry Page,High,2,https://www.bellafsm.com/industries/plumbing-software/crm/,bellafsm.com,Plumbing CRM Software | Manage Customers & Jobs | Bella FSM,,browserbase
crm automation for plumbing companies,36,CRM Solutions for Plumbing,Commercial,Service/Industry,CRM Solutions,Plumbing,Service x Industry Page,High,3,https://myquoteiq.com/crm-for-plumbing-business/,myquoteiq.com,#1 CRM For Plumbing Business In 2026 | QuoteIQ For Plumbing,,browserbase
crm automation for plumbing companies,36,CRM Solutions for Plumbing,Commercial,Service/Industry,CRM Solutions,Plumbing,Service x Industry Page,High,4,https://wepro.ai/industries/plumbing-service-software/,wepro.ai,Plumbing Service Software | WePro,,browserbase
crm automation for plumbing companies,36,CRM Solutions for Plumbing,Commercial,Service/Industry,CRM Solutions,Plumbing,Service x Industry Page,High,5,https://www.deelo.ai/software/crm/plumbers,deelo.ai,CRM Software for Plumbing Businesses | Deelo,,browserbase
crm automation for pest control companies,37,CRM Solutions for Pest Control,Commercial,Service/Industry,CRM Solutions,Pest Control,Service x Industry Page,High,1,https://greenspacecrm.com/for/pest-control/smart,greenspacecrm.com,Pest Control CRM — Work Smarter | GreenSpace,,browserbase
crm automation for pest control companies,37,CRM Solutions for Pest Control,Commercial,Service/Industry,CRM Solutions,Pest Control,Service x Industry Page,High,2,https://www.briostack.com/pest-control-software/pest-control-crm-software,briostack.com,"Pest Control CRM Software, 3,700+ Active Users | Briostack",,browserbase
crm automation for pest control companies,37,CRM Solutions for Pest Control,Commercial,Service/Industry,CRM Solutions,Pest Control,Service x Industry Page,High,3,https://www.jobpulse365.com/crm-for-pest-control,jobpulse365.com,"CRM Software for Pest Control: AI Leads, Inspections, Recurring Plans | JobPulse365",,browserbase
crm automation for pest control companies,37,CRM Solutions for Pest Control,Commercial,Service/Industry,CRM Solutions,Pest Control,Service x Industry Page,High,4,https://www.pestpac.com/features/pest-control-crm-software,pestpac.com,Top Pest Control CRM Software | PestPac by WorkWave,,browserbase
crm automation for pest control companies,37,CRM Solutions for Pest Control,Commercial,Service/Industry,CRM Solutions,Pest Control,Service x Industry Page,High,5,https://www.digipestcontrol.com/,digipestcontrol.com,DigiPestControl | Pest Control CRM and Field Service Software,,browserbase
crm automation for landscaping companies,38,CRM Solutions for Landscaping,Commercial,Service/Industry,CRM Solutions,Landscaping,Service x Industry Page,High,1,https://pro.growcycle.com/,pro.growcycle.com,Growcycle Pro - Features | CRM for Home Service Companies,,browserbase
crm automation for landscaping companies,38,CRM Solutions for Landscaping,Commercial,Service/Industry,CRM Solutions,Landscaping,Service x Industry Page,High,2,https://www.deelo.ai/for/landscaping,deelo.ai,Deelo for Landscaping — All-in-One AI Business Platform,,browserbase
crm automation for landscaping companies,38,CRM Solutions for Landscaping,Commercial,Service/Industry,CRM Solutions,Landscaping,Service x Industry Page,High,3,https://granum.com/lmn/crm/,granum.com,Landscape CRM Software | LMN by Granum,,browserbase
crm automation for landscaping companies,38,CRM Solutions for Landscaping,Commercial,Service/Industry,CRM Solutions,Landscaping,Service x Industry Page,High,4,https://zentive.io/features/crm-software/,zentive.io,#1 Field Service CRM Software | Zentive,,browserbase
crm automation for landscaping companies,38,CRM Solutions for Landscaping,Commercial,Service/Industry,CRM Solutions,Landscaping,Service x Industry Page,High,5,https://www.eano.com/industry/landscape-contractor-software,eano.com,"Landscape Contractor Software | CRM, Estimating & Project Management",,browserbase
crm automation for window companies,39,CRM Solutions for Window Companies,Commercial,Service/Industry,CRM Solutions,Window Companies,Service x Industry Page,High,1,https://windowedge.ai/crm/,windowedge.ai,AI CRM for Window and Door Companies | WindowEdge AI | WindowEdge,,browserbase
crm automation for window companies,39,CRM Solutions for Window Companies,Commercial,Service/Industry,CRM Solutions,Window Companies,Service x Industry Page,High,2,https://www.xtriam.com/bpmpro,xtriam.com,bpmPro | The CRM Built for Window and Door Contractors,,browserbase
crm automation for window companies,39,CRM Solutions for Window Companies,Commercial,Service/Industry,CRM Solutions,Window Companies,Service x Industry Page,High,3,https://openjanela.com/crm-and-lead-management/,openjanela.com,Powerful CRM And Lead Management Software for Window & Door Industry,,browserbase
crm automation for window companies,39,CRM Solutions for Window Companies,Commercial,Service/Industry,CRM Solutions,Window Companies,Service x Industry Page,High,4,https://myquoteiq.com/industries/window-replacement-software/,myquoteiq.com,Best Window Replacement CRM Software | QuoteIQ,,browserbase
crm automation for window companies,39,CRM Solutions for Window Companies,Commercial,Service/Industry,CRM Solutions,Window Companies,Service x Industry Page,High,5,https://www.thelotusroots.co.uk/product/fenestraone,thelotusroots.co.uk,FenestraOne | All-in-One Fenestration Business Platform | Lotus Roots Technologies,,browserbase
crm automation for smart home installers,40,CRM Solutions for Smart Home Installers,Commercial,Service/Industry,CRM Solutions,Smart Home Installers,Service x Industry Page,High,1,https://us.zeacrm.com/,us.zeacrm.com,Smart Home & AV Automation CRM | ZeaCRM,,browserbase
crm automation for smart home installers,40,CRM Solutions for Smart Home Installers,Commercial,Service/Industry,CRM Solutions,Smart Home Installers,Service x Industry Page,High,2,https://myquoteiq.com/crm-for-smart-home-installation-companies/,myquoteiq.com,#1 CRM For Smart Home Installation Companies 2026 | QuoteIQ,,browserbase
crm automation for smart home installers,40,CRM Solutions for Smart Home Installers,Commercial,Service/Industry,CRM Solutions,Smart Home Installers,Service x Industry Page,High,3,smartrhaus.com/,,SmartRHaus,,browserbase
crm automation for smart home installers,40,CRM Solutions for Smart Home Installers,Commercial,Service/Industry,CRM Solutions,Smart Home Installers,Service x Industry Page,High,4,https://opusflow.io/modules/crm/,opusflow.io,OpusFlow CRM Software For Installation Companies,,browserbase
crm automation for smart home installers,40,CRM Solutions for Smart Home Installers,Commercial,Service/Industry,CRM Solutions,Smart Home Installers,Service x Industry Page,High,5,https://intelliloom.com/homeservices,intelliloom.com,AI-Powered CRM & Marketing Automation Platform for Home Services - IntelliLoom,,browserbase
crm automation for contractors,41,CRM Solutions for Contractors,Commercial,Service/Industry,CRM Solutions,Contractors,Service x Industry Page,High,1,https://hammercrm.com/,hammercrm.com,Hammer CRM | Elevate Your Contractor Business with Automation,,browserbase
crm automation for contractors,41,CRM Solutions for Contractors,Commercial,Service/Industry,CRM Solutions,Contractors,Service x Industry Page,High,2,https://www.mycontractorcrm.com/,mycontractorcrm.com,ContractorFlow CRM | Automate & Book More Jobs,,browserbase
crm automation for contractors,41,CRM Solutions for Contractors,Commercial,Service/Industry,CRM Solutions,Contractors,Service x Industry Page,High,3,https://fastfixpro.app/,fastfixpro.app,FastFix Pro — The CRM Built for Contractors and Field Service Companies,,browserbase
crm automation for contractors,41,CRM Solutions for Contractors,Commercial,Service/Industry,CRM Solutions,Contractors,Service x Industry Page,High,4,bidbooksoft.com/,,Construction CRM Software | BidBookSoft,,browserbase
crm automation for contractors,41,CRM Solutions for Contractors,Commercial,Service/Industry,CRM Solutions,Contractors,Service x Industry Page,High,5,https://proflow360.com/contractor-crm,proflow360.com,CRM Software for Contractors | ProFlow360 CRM,,browserbase
crm automation for med spas,42,CRM Solutions for Med Spas,Commercial,Service/Industry,CRM Solutions,Med Spas,Service x Industry Page,High,1,https://nexusonehub.com/medspa-crm/,nexusonehub.com,Nexus One Hub Medspa CRM - Powerful All in One CRM,,browserbase
crm automation for med spas,42,CRM Solutions for Med Spas,Commercial,Service/Industry,CRM Solutions,Med Spas,Service x Industry Page,High,2,https://zenoti.com/medical-spa-software,zenoti.com,Medical Spa Software: Purpose-Built for Growing Medspas | Zenoti,,browserbase
crm automation for med spas,42,CRM Solutions for Med Spas,Commercial,Service/Industry,CRM Solutions,Med Spas,Service x Industry Page,High,3,https://delam.ai/medspa-software,delam.ai,Cutting-Edge AI Medspa Software. Membership-First | Delam | Delam,,browserbase
crm automation for med spas,42,CRM Solutions for Med Spas,Commercial,Service/Industry,CRM Solutions,Med Spas,Service x Industry Page,High,4,https://pilotpractice.com/crm/medspa/,pilotpractice.com,Medspa CRM | HIPAA Compliant Software | PilotPractice,,browserbase
crm automation for med spas,42,CRM Solutions for Med Spas,Commercial,Service/Industry,CRM Solutions,Med Spas,Service x Industry Page,High,5,https://needlemoved.com/,needlemoved.com,Med Spa Software — All-in-One Growth Platform | NeedleMoved,,browserbase
crm automation for B2B service companies,43,CRM Solutions for B2B Services,Commercial,Service/Industry,CRM Solutions,B2B Services,Service x Industry Page,High,1,https://www.pipedrive.com/en/industries/crm-for-service-industry,pipedrive.com,The Best Service Industry CRM | Pipedrive,,browserbase
crm automation for B2B service companies,43,CRM Solutions for B2B Services,Commercial,Service/Industry,CRM Solutions,B2B Services,Service x Industry Page,High,2,https://www.creatio.com/industries/business-services,creatio.com,Business Services CRM & Workflow Automation Software with No-Code | Creatio,,browserbase
crm automation for B2B service companies,43,CRM Solutions for B2B Services,Commercial,Service/Industry,CRM Solutions,B2B Services,Service x Industry Page,High,3,https://theservicepilot.com/,theservicepilot.com,The Service Pilot Service Business CRM & Automation Software,,browserbase
crm automation for B2B service companies,43,CRM Solutions for B2B Services,Commercial,Service/Industry,CRM Solutions,B2B Services,Service x Industry Page,High,4,https://leadspheres.com/crm/,leadspheres.com,"CRM for Service Businesses — AI Follow-Up, Appointments & Pipelines | LeadSpheres - LeadSpheres",,browserbase
crm automation for B2B service companies,43,CRM Solutions for B2B Services,Commercial,Service/Industry,CRM Solutions,B2B Services,Service x Industry Page,High,5,https://www.scoro.com/,scoro.com,Professional Services Automation Software | Scoro,,browserbase
crm automation for education and training organizations,44,CRM Solutions for Education & Training,Commercial,Service/Industry,CRM Solutions,Education & Training,Service x Industry Page,High,1,https://www.msmunify.com/lp/msmaventra/,msmunify.com,MSM Aventra | International Education | MSM Unify,,browserbase
crm automation for education and training organizations,44,CRM Solutions for Education & Training,Commercial,Service/Industry,CRM Solutions,Education & Training,Service x Industry Page,High,2,https://tribecrm.eu/industry/education/,tribecrm.eu,CRM for Education & Training Institutions | Tribe CRM,,browserbase
crm automation for education and training organizations,44,CRM Solutions for Education & Training,Commercial,Service/Industry,CRM Solutions,Education & Training,Service x Industry Page,High,3,https://www.salesforce.com/education/,salesforce.com,Education Software & CRM | Salesforce,,browserbase
crm automation for education and training organizations,44,CRM Solutions for Education & Training,Commercial,Service/Industry,CRM Solutions,Education & Training,Service x Industry Page,High,4,https://www.meritto.com/education-crm/,meritto.com,Education CRM,,browserbase
crm automation for education and training organizations,44,CRM Solutions for Education & Training,Commercial,Service/Industry,CRM Solutions,Education & Training,Service x Industry Page,High,5,https://www.groweon.com/crm-for-admission-counsellors.php,groweon.com,Groweon CRM for Education | Turn Enquiries into Enrollments,,browserbase
google ads for auto detailing shops,45,Google PPC for Auto Detailing,Commercial,Paid,Google PPC,Auto Detailing,Service x Industry Page,High,1,https://www.detailersmovement.com/google-ads-for-auto-detailers-ppf-installers-tint-shops-wrap-businesses-how-to-get-leads-on-demand/,detailersmovement.com,"Google Ads for Auto Detailers, PPF Installers, Tint & Wrap Shops: Get Leads on Demand",,browserbase
google ads for auto detailing shops,45,Google PPC for Auto Detailing,Commercial,Paid,Google PPC,Auto Detailing,Service x Industry Page,High,2,https://mediaspearhead.com/blog/auto-detailing-marketing/,mediaspearhead.com,Auto Detailing Marketing: Google Ads + SEO That Fill Your Schedule | Blog | Media Spearhead,,browserbase
google ads for auto detailing shops,45,Google PPC for Auto Detailing,Commercial,Paid,Google PPC,Auto Detailing,Service x Industry Page,High,3,https://motorgrowth.com/google-ads/,motorgrowth.com,Google Ads for Auto Detailing Businesses | Motorgrowth,,browserbase
google ads for auto detailing shops,45,Google PPC for Auto Detailing,Commercial,Paid,Google PPC,Auto Detailing,Service x Industry Page,High,4,https://houstonppcservices.com/google-ads-for-auto-detailing/,houstonppcservices.com,Google Ads for Auto Detailing: What Actually Works After 12 Years - HoustonPPCservices,,browserbase
google ads for auto detailing shops,45,Google PPC for Auto Detailing,Commercial,Paid,Google PPC,Auto Detailing,Service x Industry Page,High,5,https://getundrdog.com/en-ca/blogs/detailing-business-resources/google-ads-a-simple-step-by-step-tutorial-for-detailers,getundrdog.com,Google Ads: A Simple Step-by-step Tutorial For Detailers,,browserbase
google ads agency for auto detailing shops,46,Google PPC Agency for Auto Detailing,Commercial,Paid,Google PPC,Auto Detailing,Service x Industry Page,High,1,https://motorgrowth.com/google-ads/,motorgrowth.com,Google Ads for Auto Detailing Businesses | Motorgrowth,,browserbase
google ads agency for auto detailing shops,46,Google PPC Agency for Auto Detailing,Commercial,Paid,Google PPC,Auto Detailing,Service x Industry Page,High,2,https://thedetailscale.com/car-detailing-ads/,thedetailscale.com,Ads - Tint Scale,,browserbase
google ads agency for auto detailing shops,46,Google PPC Agency for Auto Detailing,Commercial,Paid,Google PPC,Auto Detailing,Service x Industry Page,High,3,https://www.detailersmovement.com/google-ads/,detailersmovement.com,Google Ads Services for Auto Detailers & Film Installers,,browserbase
google ads agency for auto detailing shops,46,Google PPC Agency for Auto Detailing,Commercial,Paid,Google PPC,Auto Detailing,Service x Industry Page,High,4,https://keygrow.co/industries/automotive/detailing/ppc,keygrow.co,Auto Detailing PPC Services | Google Ads for Car Detailers,,browserbase
google ads agency for auto detailing shops,46,Google PPC Agency for Auto Detailing,Commercial,Paid,Google PPC,Auto Detailing,Service x Industry Page,High,5,https://clicksgeek.com/google-ads-auto-detailing/,clicksgeek.com,Google Ads for Auto Detailing | Adwords (PPC) for Car Detailers,,browserbase
google ads for auto styling shops,47,Google PPC for Auto Styling,Commercial,Paid,Google PPC,Auto Styling,Service x Industry Page,High,1,https://www.detailersmovement.com/google-ads-for-auto-detailers-ppf-installers-tint-shops-wrap-businesses-how-to-get-leads-on-demand/,detailersmovement.com,"Google Ads for Auto Detailers, PPF Installers, Tint & Wrap Shops: Get Leads on Demand",,browserbase
google ads for auto styling shops,47,Google PPC for Auto Styling,Commercial,Paid,Google PPC,Auto Styling,Service x Industry Page,High,2,https://www.detailersmovement.com/the-best-keywords-for-auto-detailers-ppf-installers-tint-shops-wrap-businesses-google-ads-keyword-guide/,detailersmovement.com,"The Best Keywords for Google Ads Campaigns for Auto Detailers, PPF Installers & Tint Shops",,browserbase
google ads for auto styling shops,47,Google PPC for Auto Styling,Commercial,Paid,Google PPC,Auto Styling,Service x Industry Page,High,3,https://houstonppcservices.com/google-ads-for-auto-detailing/,houstonppcservices.com,Google Ads for Auto Detailing: What Actually Works After 12 Years - HoustonPPCservices,,browserbase
google ads for auto styling shops,47,Google PPC for Auto Styling,Commercial,Paid,Google PPC,Auto Styling,Service x Industry Page,High,4,https://motorgrowth.com/google-ads/,motorgrowth.com,Google Ads for Auto Detailing Businesses | Motorgrowth,,browserbase
google ads for auto styling shops,47,Google PPC for Auto Styling,Commercial,Paid,Google PPC,Auto Styling,Service x Industry Page,High,5,https://autostylemarketing.com/services/restyler-digital-advertising/,autostylemarketing.com,Restyler Digital Advertising | AutoStyle Marketing,,browserbase
google ads agency for auto styling shops,48,Google PPC Agency for Auto Styling,Commercial,Paid,Google PPC,Auto Styling,Service x Industry Page,High,1,https://autostylemarketing.com/services/restyler-digital-advertising/,autostylemarketing.com,Restyler Digital Advertising | AutoStyle Marketing,,browserbase
google ads agency for auto styling shops,48,Google PPC Agency for Auto Styling,Commercial,Paid,Google PPC,Auto Styling,Service x Industry Page,High,2,https://theautoadsagency.com/,theautoadsagency.com,"GET MORE PPF, TINTING & WRAPPING LEADS FOR YOUR SHOP",,browserbase
google ads agency for auto styling shops,48,Google PPC Agency for Auto Styling,Commercial,Paid,Google PPC,Auto Styling,Service x Industry Page,High,3,https://vael.agency/,vael.agency,Vael — Paid Ads for Austin's Automotive Specialty Shops,,browserbase
google ads agency for auto styling shops,48,Google PPC Agency for Auto Styling,Commercial,Paid,Google PPC,Auto Styling,Service x Industry Page,High,4,https://shoppositioner.com/auto-shops-google-ads-management/,shoppositioner.com,"Google Ads for Auto Shops | More Leads, Higher ROI",,browserbase
google ads agency for auto styling shops,48,Google PPC Agency for Auto Styling,Commercial,Paid,Google PPC,Auto Styling,Service x Industry Page,High,5,https://motorgrowth.com/google-ads/,motorgrowth.com,Google Ads for Auto Detailing Businesses | Motorgrowth,,browserbase
google ads for roofing companies,49,Google PPC for Roofing,Commercial,Paid,Google PPC,Roofing,Service x Industry Page,High,1,https://riverstonemarketingsolutions.com/google-ads-for-roofing-companies-the-complete-strategy-guide-2026/,riverstonemarketingsolutions.com,Google Ads for Roofing Companies: The Complete Strategy Guide (2026),,browserbase
google ads for roofing companies,49,Google PPC for Roofing,Commercial,Paid,Google PPC,Roofing,Service x Industry Page,High,2,https://www.ondeckmarketing.co/roofer-google-ads-setup,ondeckmarketing.co,The Step-by-Step Guide to a Winning Roofer Google Ads Setup,,browserbase
google ads for roofing companies,49,Google PPC for Roofing,Commercial,Paid,Google PPC,Roofing,Service x Industry Page,High,3,https://bestppcfirm.com/blog/roofing-ppc-campaign-structure-explained,bestppcfirm.com,Roofing PPC Campaign Structure Explained | BestPPC Blog | BestPPC,,browserbase
google ads for roofing companies,49,Google PPC for Roofing,Commercial,Paid,Google PPC,Roofing,Service x Industry Page,High,4,https://www.thomastowndigital.com/blog/google-ads-roofing-budget-guide,thomastowndigital.com,Google Ads for Roofers: Budget Guide & ROI Analysis,,browserbase
google ads for roofing companies,49,Google PPC for Roofing,Commercial,Paid,Google PPC,Roofing,Service x Industry Page,High,5,https://localadsguide.com/2026/05/18/daniel-dimsey-how-to-set-up-google-ads-for-your-roofing-business-step-by-step/,localadsguide.com,Step-by-Step Google Ads Setup for Roofing Leads (Daniel Dimsey),,browserbase
google ads agency for roofing companies,50,Google PPC Agency for Roofing,Commercial,Paid,Google PPC,Roofing,Service x Industry Page,High,1,https://www.max-conversion.com/industries/google-ads-agency-for-roofers,max-conversion.com,Google Ads Agency for Roofing Companies - Max Conversion,,browserbase
google ads agency for roofing companies,50,Google PPC Agency for Roofing,Commercial,Paid,Google PPC,Roofing,Service x Industry Page,High,2,https://www.jobnimbus.com/marketing/services/google-ads,jobnimbus.com,Google Ads for Roofing Contractors | JobNimbus Marketing,,browserbase
google ads agency for roofing companies,50,Google PPC Agency for Roofing,Commercial,Paid,Google PPC,Roofing,Service x Industry Page,High,3,https://thehoustonmarketingagency.com/google-ads-for/roofing/,thehoustonmarketingagency.com,Google Ads for Roofers | Roofing PPC Agency & LSA Management,,browserbase
google ads agency for roofing companies,50,Google PPC Agency for Roofing,Commercial,Paid,Google PPC,Roofing,Service x Industry Page,High,4,https://www.roofingbusinesspartner.com/marketing/google-ad-management,roofingbusinesspartner.com,Google Ad Management,,browserbase
google ads agency for roofing companies,50,Google PPC Agency for Roofing,Commercial,Paid,Google PPC,Roofing,Service x Industry Page,High,5,https://loona.agency/industries/roofing-google-ads,loona.agency,Roofing Google Ads Management That Fills Your Pipeline,,browserbase
google ads for plumbing companies,51,Google PPC for Plumbing,Commercial,Paid,Google PPC,Plumbing,Service x Industry Page,High,1,https://clicksgeek.com/google-ads-for-plumbing-services/,clicksgeek.com,Google Ads For Plumbing Services: Complete Guide 2026,,browserbase
google ads for plumbing companies,51,Google PPC for Plumbing,Commercial,Paid,Google PPC,Plumbing,Service x Industry Page,High,2,https://fourarrowsmarketing.com/blog/ppc-for-plumbing-companies/,fourarrowsmarketing.com,PPC for Plumbing Companies: The Complete Guide (2026),,browserbase
google ads for plumbing companies,51,Google PPC for Plumbing,Commercial,Paid,Google PPC,Plumbing,Service x Industry Page,High,3,https://insidea.com/blog/marketing/plumbers/google-ads-guide,insidea.com,Google Ads for Plumber to Get Quality | INSIDEA,,browserbase
google ads for plumbing companies,51,Google PPC for Plumbing,Commercial,Paid,Google PPC,Plumbing,Service x Industry Page,High,4,https://www.baadigi.com/blog/google-lsas-vs-google-ads-plumbing-leads,baadigi.com,Google LSAs vs Google Ads [Plumbing] | BaaDigi,,browserbase
google ads for plumbing companies,51,Google PPC for Plumbing,Commercial,Paid,Google PPC,Plumbing,Service x Industry Page,High,5,https://searchlightdigital.io/plumbing-google-ads-cost-per-lead/,searchlightdigital.io,Plumbing Google Ads Cost Per Lead (2026 Benchmarks),,browserbase
google ads agency for plumbing companies,52,Google PPC Agency for Plumbing,Commercial,Paid,Google PPC,Plumbing,Service x Industry Page,High,1,https://builtrightdigital.com/google-ads-plumbers/,builtrightdigital.com,Google Ads Agency for Plumbers,,browserbase
google ads agency for plumbing companies,52,Google PPC Agency for Plumbing,Commercial,Paid,Google PPC,Plumbing,Service x Industry Page,High,2,https://ebtechsol.com/plumber-ppc-agency/,ebtechsol.com,Plumber PPC Agency — Google Ads for US Plumbers,,browserbase
google ads agency for plumbing companies,52,Google PPC Agency for Plumbing,Commercial,Paid,Google PPC,Plumbing,Service x Industry Page,High,3,https://www.marketingstrategiesplumbing.com/services/google-ads/,marketingstrategiesplumbing.com,Google Ads Management for Plumbers for Plumbers | Plumber Marketing Strategies,,browserbase
google ads agency for plumbing companies,52,Google PPC Agency for Plumbing,Commercial,Paid,Google PPC,Plumbing,Service x Industry Page,High,4,https://adwordsppcexpert.com/plumber-ppc-agency/,adwordsppcexpert.com,Plumber PPC Agency | High-Converting Google Ads for Plumbers,,browserbase
google ads agency for plumbing companies,52,Google PPC Agency for Plumbing,Commercial,Paid,Google PPC,Plumbing,Service x Industry Page,High,5,https://mediaspearhead.com/industries/plumbing/google-ads/,mediaspearhead.com,Google Ads for Plumbers | Plumbing PPC Management,,browserbase
google ads for pest control companies,53,Google PPC for Pest Control,Commercial,Paid,Google PPC,Pest Control,Service x Industry Page,High,1,https://bluegridmedia.com/google-ads-for-pest-control,bluegridmedia.com,Google Ads for Pest Control: Fill Routes & Sell Plans (2026),,browserbase
google ads for pest control companies,53,Google PPC for Pest Control,Commercial,Paid,Google PPC,Pest Control,Service x Industry Page,High,2,https://pestcontrolmillionaires.com/google-ads-for-pest-control/,pestcontrolmillionaires.com,Google Ads for Pest Control [2026]: Operator's Playbook,,browserbase
google ads for pest control companies,53,Google PPC for Pest Control,Commercial,Paid,Google PPC,Pest Control,Service x Industry Page,High,3,https://aqualitypestcontrol.com/guides/google-ads-pest-control/,aqualitypestcontrol.com,Google Ads for Pest Control Companies: The Complete Guide | AQuality,,browserbase
google ads for pest control companies,53,Google PPC for Pest Control,Commercial,Paid,Google PPC,Pest Control,Service x Industry Page,High,4,https://cyticx.com/google-ads-for-pest-control/,cyticx.com,"Google Ads for Pest Control Companies | CRM, AI & Automation | Cyticx",,browserbase
google ads for pest control companies,53,Google PPC for Pest Control,Commercial,Paid,Google PPC,Pest Control,Service x Industry Page,High,5,https://adssupremacy.com/google-ads-for-pest-control-company/,adssupremacy.com,Google Ads for Pest Control Company - Get More Pest Control Leads and Bookings,,browserbase
google ads agency for pest control companies,54,Google PPC Agency for Pest Control,Commercial,Paid,Google PPC,Pest Control,Service x Industry Page,High,1,https://builtrightdigital.com/google-ads-agency-pest-control/,builtrightdigital.com,Google Ads Agency for Pest Control Companies,,browserbase
google ads agency for pest control companies,54,Google PPC Agency for Pest Control,Commercial,Paid,Google PPC,Pest Control,Service x Industry Page,High,2,https://cyticx.com/google-ads-for-pest-control/,cyticx.com,"Google Ads for Pest Control Companies | CRM, AI & Automation | Cyticx",,browserbase
google ads agency for pest control companies,54,Google PPC Agency for Pest Control,Commercial,Paid,Google PPC,Pest Control,Service x Industry Page,High,3,https://www.max-conversion.com/industries/google-ads-agency-for-pest-control,max-conversion.com,Google Ads Agency for Pest Control - Max Conversion,,browserbase
google ads agency for pest control companies,54,Google PPC Agency for Pest Control,Commercial,Paid,Google PPC,Pest Control,Service x Industry Page,High,4,https://www.andypatel.pro/google-ads/,andypatel.pro,Google Ads for Pest Control | #1 Pest Control PPC Company – Andy Patel Pro,,browserbase
google ads agency for pest control companies,54,Google PPC Agency for Pest Control,Commercial,Paid,Google PPC,Pest Control,Service x Industry Page,High,5,https://www.scorpion.co/pest-control/ppc-pest-control-advertising-google/,scorpion.co,Google Ads for Pest Control That Drive More Calls and Booked Jobs,,browserbase
google ads for landscaping companies,55,Google PPC for Landscaping,Commercial,Paid,Google PPC,Landscaping,Service x Industry Page,High,1,https://avalanchegr.com/blog/how-to-run-google-ads-landscapers,avalanchegr.com,How to Run Google Ads for Landscapers: A Complete Guide,,browserbase
google ads for landscaping companies,55,Google PPC for Landscaping,Commercial,Paid,Google PPC,Landscaping,Service x Industry Page,High,2,https://fourarrowsmarketing.com/blog/ppc-for-landscapers/,fourarrowsmarketing.com,PPC for Landscapers: The Complete Guide (2026),,browserbase
google ads for landscaping companies,55,Google PPC for Landscaping,Commercial,Paid,Google PPC,Landscaping,Service x Industry Page,High,3,https://landscapecontractormarketing.com/the-2026-paid-ads-strategy-mastering-google-meta-ads-for-landscape-hardscape-and-outdoor-living-contractors/,landscapecontractormarketing.com,"The 2026 Paid Ads Strategy: Mastering Google & Meta Ads For Landscape, Hardscape, And Outdoor Living Contractors |",,browserbase
google ads for landscaping companies,55,Google PPC for Landscaping,Commercial,Paid,Google PPC,Landscaping,Service x Industry Page,High,4,https://leads4build.com/insights/google-ads-landscapers,leads4build.com,Google Ads for Landscapers: Budget & Structure That Works,,browserbase
google ads for landscaping companies,55,Google PPC for Landscaping,Commercial,Paid,Google PPC,Landscaping,Service x Industry Page,High,5,https://evergrowmarketing.com/2025-landscaping-and-lawn-care-google-ads-benchmarks/,evergrowmarketing.com,The 2025 Green Industry Google Ads Benchmarks | Complete Guide,,browserbase
google ads agency for landscaping companies,56,Google PPC Agency for Landscaping,Commercial,Paid,Google PPC,Landscaping,Service x Industry Page,High,1,https://builtrightdigital.com/landscaping-google-ads/,builtrightdigital.com,Landscaping Google Ads Agency | Built-Right Digital,,browserbase
google ads agency for landscaping companies,56,Google PPC Agency for Landscaping,Commercial,Paid,Google PPC,Landscaping,Service x Industry Page,High,2,https://seoforhomeservice.com/landscaping-digital-marketing/landscaping-ppc-management/,seoforhomeservice.com,Landscaping PPC Services | No Contracts. One Landscaper Per ZIP.,,browserbase
google ads agency for landscaping companies,56,Google PPC Agency for Landscaping,Commercial,Paid,Google PPC,Landscaping,Service x Industry Page,High,3,https://www.webfx.com/industries/home-services/landscaping/ppc/,webfx.com,PPC for Landscaping | Landscaping PPC Services From WebFX,,browserbase
google ads agency for landscaping companies,56,Google PPC Agency for Landscaping,Commercial,Paid,Google PPC,Landscaping,Service x Industry Page,High,4,https://clicksgeek.com/google-ads-for-landscaping/,clicksgeek.com,Google Ads for Landscaping Companies | Clicks Geek,,browserbase
google ads agency for landscaping companies,56,Google PPC Agency for Landscaping,Commercial,Paid,Google PPC,Landscaping,Service x Industry Page,High,5,https://mediaspearhead.com/industries/landscaping/google-ads/,mediaspearhead.com,Google Ads for Landscaping Companies | PPC Mgmt,,browserbase
google ads for window companies,57,Google PPC for Window Companies,Commercial,Paid,Google PPC,Window Companies,Service x Industry Page,High,1,https://www.homeservicedirect.net/google-ads-ppc-guide-window-replacement/,homeservicedirect.net,Google Ads for Window Replacement Companies: PPC Guide,,browserbase
google ads for window companies,57,Google PPC for Window Companies,Commercial,Paid,Google PPC,Window Companies,Service x Industry Page,High,2,https://www.silvermine.ai/newsletter/google-ads-for-window-companies-how-to-stop-paying-for-bad-leads,silvermine.ai,Google Ads for Window Companies: How to Stop Paying for Bad Leads,,browserbase
google ads for window companies,57,Google PPC for Window Companies,Commercial,Paid,Google PPC,Window Companies,Service x Industry Page,High,3,https://clicksgeek.com/google-ads-for-window-installers/,clicksgeek.com,Google Ads for Window Installers | Clicks Geek,,browserbase
google ads for window companies,57,Google PPC for Window Companies,Commercial,Paid,Google PPC,Window Companies,Service x Industry Page,High,4,https://windowsdoorsseo.com/google-ads-best-practices-2025/,windowsdoorsseo.com,"Google Ads Best Practices in 2025: A Step-by-Step Guide for Window, Door, and Garage Door Contractors - Windows & Doors SEO",,browserbase
google ads for window companies,57,Google PPC for Window Companies,Commercial,Paid,Google PPC,Window Companies,Service x Industry Page,High,5,https://andrewryanmarketing.com/ppc-for-window-and-door-companies/,andrewryanmarketing.com,PPC for Window and Door Companies | Google Ads That Work,,browserbase
google ads agency for window companies,58,Google PPC Agency for Window Companies,Commercial,Paid,Google PPC,Window Companies,Service x Industry Page,High,1,https://clicksgeek.com/google-ads-for-window-installers/,clicksgeek.com,Google Ads for Window Installers | Clicks Geek,,browserbase
google ads agency for window companies,58,Google PPC Agency for Window Companies,Commercial,Paid,Google PPC,Window Companies,Service x Industry Page,High,2,https://serpwars.com/window-contractor-marketing/,serpwars.com,Window Contractor Marketing Agency • The Experts in Window Contractor Marketing,,browserbase
google ads agency for window companies,58,Google PPC Agency for Window Companies,Commercial,Paid,Google PPC,Window Companies,Service x Industry Page,High,3,https://growthppc.co.uk/google-ads-for-window-companies/,growthppc.co.uk,Google Ads for Window Companies UK | Growth PPC,,browserbase
google ads agency for window companies,58,Google PPC Agency for Window Companies,Commercial,Paid,Google PPC,Window Companies,Service x Industry Page,High,4,https://elemenoweb.com/google-ads-for-window-replacement-companies/,elemenoweb.com,Window Replacement Google Ads | Elemeno Digital,,browserbase
google ads agency for window companies,58,Google PPC Agency for Window Companies,Commercial,Paid,Google PPC,Window Companies,Service x Industry Page,High,5,https://windowworks.digital/google-ads-management/,windowworks.digital,Google Ads Management Services | Maximize ROI & Grow Your Business,,browserbase
google ads for smart home installers,59,Google PPC for Smart Home Installers,Commercial,Paid,Google PPC,Smart Home Installers,Service x Industry Page,High,1,https://clicksgeek.com/google-ads-for-smart-home-installers/,clicksgeek.com,Google Ads for Smart Home Installers | Clicks Geek,,browserbase
google ads for smart home installers,59,Google PPC for Smart Home Installers,Commercial,Paid,Google PPC,Smart Home Installers,Service x Industry Page,High,2,https://www.sona.com/blog/google-ads-for-home-automation-a-comprehensive-guide,sona.com,Google Ads for Home Automation: A Comprehensive Setup Guide | Sona,,browserbase
google ads for smart home installers,59,Google PPC for Smart Home Installers,Commercial,Paid,Google PPC,Smart Home Installers,Service x Industry Page,High,3,https://clicksgeek.com/industries/smart-home-installers/,clicksgeek.com,Smart Home Installers Marketing | Clicks Geek,,browserbase
google ads for smart home installers,59,Google PPC for Smart Home Installers,Commercial,Paid,Google PPC,Smart Home Installers,Service x Industry Page,High,4,https://www.lanternroommarketing.com/post/smart-home-lead-cost-google-ads-seo-social,lanternroommarketing.com,The Real Cost of a Smart Home Lead: 2026 Marketing Benchmark Study,,browserbase
google ads for smart home installers,59,Google PPC for Smart Home Installers,Commercial,Paid,Google PPC,Smart Home Installers,Service x Industry Page,High,5,https://clicksgeek.com/seo-for-smart-home-installers/,clicksgeek.com,SEO for Smart Home Installers | Clicks Geek,,browserbase
google ads agency for smart home installers,60,Google PPC Agency for Smart Home Installers,Commercial,Paid,Google PPC,Smart Home Installers,Service x Industry Page,High,1,https://clicksgeek.com/google-ads-for-smart-home-installers/,clicksgeek.com,Google Ads for Smart Home Installers | Clicks Geek,,browserbase
google ads agency for smart home installers,60,Google PPC Agency for Smart Home Installers,Commercial,Paid,Google PPC,Smart Home Installers,Service x Industry Page,High,2,https://emetdigital.com/industries/home-services/home-remodeling/smart-home/,emetdigital.com,Smart Home Remodeling Marketing Services | Emet Digital®,,browserbase
google ads agency for smart home installers,60,Google PPC Agency for Smart Home Installers,Commercial,Paid,Google PPC,Smart Home Installers,Service x Industry Page,High,3,https://www.max-conversion.com/industries/google-ads-agency-home-automation-services,max-conversion.com,Google Ads Agency for Home Automation - Max Conversion,,browserbase
google ads agency for smart home installers,60,Google PPC Agency for Smart Home Installers,Commercial,Paid,Google PPC,Smart Home Installers,Service x Industry Page,High,4,https://clicksgeek.com/industries/smart-home-installers/,clicksgeek.com,Smart Home Installers Marketing | Clicks Geek,,browserbase
google ads agency for smart home installers,60,Google PPC Agency for Smart Home Installers,Commercial,Paid,Google PPC,Smart Home Installers,Service x Industry Page,High,5,https://outdooit.com/google-ads-for-contractors/,outdooit.com,Google Ads for Contractors | #1 Home Services PPC | Outdooit,,browserbase
google ads for contractors,61,Google PPC for Contractors,Commercial,Paid,Google PPC,Contractors,Service x Industry Page,High,1,https://bluegridmedia.com/google-ads-for-contractors,bluegridmedia.com,Google Ads for Contractors: The Complete Guide (2026),,browserbase
google ads for contractors,61,Google PPC for Contractors,Commercial,Paid,Google PPC,Contractors,Service x Industry Page,High,2,https://www.servicetitan.com/blog/google-ads-for-contractors,servicetitan.com,Google Ads for Contractors: An In-Depth Guide,,browserbase
google ads for contractors,61,Google PPC for Contractors,Commercial,Paid,Google PPC,Contractors,Service x Industry Page,High,3,https://cherubinicompany.com/google-ads-for-contractors-beginner-guide/,cherubinicompany.com,Google Ads for Contractors Beginner Guide: Stop Guessing | The Cherubini Company,,browserbase
google ads for contractors,61,Google PPC for Contractors,Commercial,Paid,Google PPC,Contractors,Service x Industry Page,High,4,https://debutmarketing.ca/contractor-google-ads-guide,debutmarketing.ca,Google Ads Guide For Contractors,,browserbase
google ads for contractors,61,Google PPC for Contractors,Commercial,Paid,Google PPC,Contractors,Service x Industry Page,High,5,https://mjmads.com/en/blog/google-ads-dienstleister-handwerker/,mjmads.com,Google Ads for Service Businesses & Contractors: The Industry Guide 2026,,browserbase
google ads agency for contractors,62,Google PPC Agency for Contractors,Commercial,Paid,Google PPC,Contractors,Service x Industry Page,High,1,https://leads4build.com/digital-marketing/google-ads,leads4build.com,Google Ads for Contractors | PPC Management Services | Leads4Build,,browserbase
google ads agency for contractors,62,Google PPC Agency for Contractors,Commercial,Paid,Google PPC,Contractors,Service x Industry Page,High,2,https://www.contractor.click/services/google-ads,contractor.click,Home Improvement Google Ads & LSA Lead Generation - Contractor Click,,browserbase
google ads agency for contractors,62,Google PPC Agency for Contractors,Commercial,Paid,Google PPC,Contractors,Service x Industry Page,High,3,https://outdooit.com/google-ads-for-contractors/,outdooit.com,Google Ads for Contractors | #1 Home Services PPC | Outdooit,,browserbase
google ads agency for contractors,62,Google PPC Agency for Contractors,Commercial,Paid,Google PPC,Contractors,Service x Industry Page,High,4,https://constructionmarketingservices.com/digital-marketing-services/google-ads/,constructionmarketingservices.com,Trusted Google Ads Agency for Contractors and Trades,,browserbase
google ads agency for contractors,62,Google PPC Agency for Contractors,Commercial,Paid,Google PPC,Contractors,Service x Industry Page,High,5,https://adssupremacy.com/professional-google-ads-for-contractors/,adssupremacy.com,Professional Google Ads for Contractors to Grow Your Business,,browserbase
google ads for med spas,63,Google PPC for Med Spas,Commercial,Paid,Google PPC,Med Spas,Service x Industry Page,High,1,https://clinicgrower.com/google-ads-for-med-spas/,clinicgrower.com,"Google Ads for Med Spas: Setup, Strategy & Optimization Guide (2025)",,browserbase
google ads for med spas,63,Google PPC for Med Spas,Commercial,Paid,Google PPC,Med Spas,Service x Industry Page,High,2,https://yoyofumedia.com/google-ads-for-med-spas/,yoyofumedia.com,Google Ads for Med Spas - Step-by-Step Guide on How to Increase Patient Volume and Revenue for Medical Spas - YoYoFuMedia,,browserbase
google ads for med spas,63,Google PPC for Med Spas,Commercial,Paid,Google PPC,Med Spas,Service x Industry Page,High,3,https://medspamarketpro.com/med-spa-google-ads-how-to-drive-new-patients/,medspamarketpro.com,Med Spa Google Ads: Drive New Patients Without Wasting Budget,,browserbase
google ads for med spas,63,Google PPC for Med Spas,Commercial,Paid,Google PPC,Med Spas,Service x Industry Page,High,4,https://medspamarketpro.com/ppc-for-medspas/,medspamarketpro.com,PPC for MedSpas: Google Ads That Book More Consults,,browserbase
google ads for med spas,63,Google PPC for Med Spas,Commercial,Paid,Google PPC,Med Spas,Service x Industry Page,High,5,https://creeksidemarketingpros.com/blog/how-much-do-google-ads-cost-for-med-spas/,creeksidemarketingpros.com,How Much Do Google Ads Cost for Med Spas? [2026 Real Data],,browserbase
google ads agency for med spas,64,Google PPC Agency for Med Spas,Commercial,Paid,Google PPC,Med Spas,Service x Industry Page,High,1,https://www.max-conversion.com/industries/google-ads-agency-for-med-spa-clinics,max-conversion.com,Google Ads Agency for a Med Spa Clinics - Max Conversion,,browserbase
google ads agency for med spas,64,Google PPC Agency for Med Spas,Commercial,Paid,Google PPC,Med Spas,Service x Industry Page,High,2,https://managedmedspa.com/services/digital-marketing-med-spas/med-spa-google-ads/,managedmedspa.com,Google Ads for Med Spas (PPC) | Managed MedSpa,,browserbase
google ads agency for med spas,64,Google PPC Agency for Med Spas,Commercial,Paid,Google PPC,Med Spas,Service x Industry Page,High,3,https://aestheticmarketing.net/solutions/google-ads-pay-per-click-management/,aestheticmarketing.net,"Google Ads for Medspas, Studios & Clinics | Pay-Per Click Management",,browserbase
google ads agency for med spas,64,Google PPC Agency for Med Spas,Commercial,Paid,Google PPC,Med Spas,Service x Industry Page,High,4,https://adjetmarketing.com/med-spa-marketing/,adjetmarketing.com,Med Spa Marketing Agency | Americas Med Spa Google Partner | Adjet Marketing,,browserbase
google ads agency for med spas,64,Google PPC Agency for Med Spas,Commercial,Paid,Google PPC,Med Spas,Service x Industry Page,High,5,https://diamondaccelerator.com/med-spa-google-ads/,diamondaccelerator.com,Med Spa Google Ads Management | Book More Appointments,,browserbase
google ads for B2B service companies,65,Google PPC for B2B Services,Commercial,Paid,Google PPC,B2B Services,Service x Industry Page,High,1,https://buzzdigitalagency.com/google-ads-for-b2b-service-companies/,buzzdigitalagency.com,Proven Google Ads for B2B Service Companies | Buzz Digital Agency,,browserbase
google ads for B2B service companies,65,Google PPC for B2B Services,Commercial,Paid,Google PPC,B2B Services,Service x Industry Page,High,2,https://www.northcountrygrowth.com/blog/google-ads-for-b2b-lead-generation-complete-guide/,northcountrygrowth.com,Google Ads for B2B Lead Generation: Complete Guide,,browserbase
google ads for B2B service companies,65,Google PPC for B2B Services,Commercial,Paid,Google PPC,B2B Services,Service x Industry Page,High,3,https://tlcads.co.uk/google-ads-strategy/google-ads-for-b2b-a-complete-guide/,tlcads.co.uk,Google Ads for B2B: A Complete Guide | TLC ADS,,browserbase
google ads for B2B service companies,65,Google PPC for B2B Services,Commercial,Paid,Google PPC,B2B Services,Service x Industry Page,High,4,https://www.involvedigital.com/insights/google-ads-professional-services-2026,involvedigital.com,Google Ads for Professional Services 2026,,browserbase
google ads for B2B service companies,65,Google PPC for B2B Services,Commercial,Paid,Google PPC,B2B Services,Service x Industry Page,High,5,https://hallam.agency/blog/google-ads-for-b2b-lead-generation/,hallam.agency,Google Ads for B2B lead generation | Hallam,,browserbase
google ads agency for B2B service companies,66,Google PPC Agency for B2B Services,Commercial,Paid,Google PPC,B2B Services,Service x Industry Page,High,1,https://www.cleverly.co/google-ads-management-agency,cleverly.co,Google Ads Management Agency For B2B Companies | Cleverly,,browserbase
google ads agency for B2B service companies,66,Google PPC Agency for B2B Services,Commercial,Paid,Google PPC,B2B Services,Service x Industry Page,High,2,https://growleads.io/google-ads/,growleads.io,B2B Google Ads Agency | Performance Marketing | Growleads,,browserbase
google ads agency for B2B service companies,66,Google PPC Agency for B2B Services,Commercial,Paid,Google PPC,B2B Services,Service x Industry Page,High,3,https://searchads.agency/en/industries/google-ads-for-b2b/,searchads.agency,B2B Google Ads agency | searchads.agency,,browserbase
google ads agency for B2B service companies,66,Google PPC Agency for B2B Services,Commercial,Paid,Google PPC,B2B Services,Service x Industry Page,High,4,https://getuplead.com/google-ads-agency/,getuplead.com,B2B Google Ads Agency for SaaS & Tech Companies | Getuplead,,browserbase
google ads agency for B2B service companies,66,Google PPC Agency for B2B Services,Commercial,Paid,Google PPC,B2B Services,Service x Industry Page,High,5,https://scalixai.com/services/google-ads-agency-for-b2b-companies,scalixai.com,"Google Ads Agency for B2B | Drive Pipeline & Revenue, Not Just Clicks",,browserbase
google ads for education and training organizations,67,Google PPC for Education & Training,Commercial,Paid,Google PPC,Education & Training,Service x Industry Page,High,1,https://www.sona.com/blog/google-ads-for-education-step-by-step,sona.com,Google Ads for Education: A Comprehensive Setup Guide | Sona,,browserbase
google ads for education and training organizations,67,Google PPC for Education & Training,Commercial,Paid,Google PPC,Education & Training,Service x Industry Page,High,2,https://www.leadsquared.com/industries/education/google-ads-education/,leadsquared.com,Google Ads For Education: How To Elevate Your ROI,,browserbase
google ads for education and training organizations,67,Google PPC for Education & Training,Commercial,Paid,Google PPC,Education & Training,Service x Industry Page,High,3,https://benly.ai/learn/google-ads/google-ads-education-universities,benly.ai,Google Ads for Education: Student Recruitment Strategy | Benly,,browserbase
google ads for education and training organizations,67,Google PPC for Education & Training,Commercial,Paid,Google PPC,Education & Training,Service x Industry Page,High,4,https://mdmppc.com/google-ads-benchmarks/education-training/,mdmppc.com,Education & Training Google Ads Benchmarks (2023–2025) | MDMPPC,,browserbase
google ads for education and training organizations,67,Google PPC for Education & Training,Commercial,Paid,Google PPC,Education & Training,Service x Industry Page,High,5,https://www.sona.com/blog/google-ads-for-employment-training-a-comprehensive-setup-guide,sona.com,Google Ads for Employment Training: A Comprehensive Setup Guide | Sona,,browserbase
google ads agency for education and training organizations,68,Google PPC Agency for Education & Training,Commercial,Paid,Google PPC,Education & Training,Service x Industry Page,High,1,https://www.zioadvertising.com/services/google-ads/education,zioadvertising.com,Education Google Ads Management | Zio Advertising,,browserbase
google ads agency for education and training organizations,68,Google PPC Agency for Education & Training,Commercial,Paid,Google PPC,Education & Training,Service x Industry Page,High,2,https://www.myleadsfactory.com/industries/education/,myleadsfactory.com,Education Google Ads Management | MyLeadsFactory,,browserbase
google ads agency for education and training organizations,68,Google PPC Agency for Education & Training,Commercial,Paid,Google PPC,Education & Training,Service x Industry Page,High,3,https://www.pivotal-consulting-group.com/solutions/education/google-ads,pivotal-consulting-group.com,Google Ads & YouTube Management for Education & EdTech | Pivotal Consulting Group,,browserbase
google ads agency for education and training organizations,68,Google PPC Agency for Education & Training,Commercial,Paid,Google PPC,Education & Training,Service x Industry Page,High,4,https://collingmedia.com/education-advertising/,collingmedia.com,Education Advertising Agency | Trade School & Vocational Marketing | Colling Media,,browserbase
google ads agency for education and training organizations,68,Google PPC Agency for Education & Training,Commercial,Paid,Google PPC,Education & Training,Service x Industry Page,High,5,https://searchflex.com/education-digital-marketing-services/google-ads/,searchflex.com,Education Google Ads - (That Actually Pass The Test) - Searchflex,,browserbase
facebook ads for auto detailing shops,69,Meta Ads for Auto Detailing,Commercial,Paid,Meta Ads,Auto Detailing,Service x Industry Page,High,1,https://groundedgroup.com/facebook-ads-for-auto-detailing-businesses/,groundedgroup.com,Are Facebook Ads for Auto Detailing Businesses Worth It?,,browserbase
facebook ads for auto detailing shops,69,Meta Ads for Auto Detailing,Commercial,Paid,Meta Ads,Auto Detailing,Service x Industry Page,High,2,https://www.detailersmovement.com/how-to-use-facebook-ads-to-grow-your-auto-detailing-ppf-tint-or-wrap-business/,detailersmovement.com,"How to Use Facebook Ads to Grow Your Auto Detailing, PPF, Tint, or Wrap Business",,browserbase
facebook ads for auto detailing shops,69,Meta Ads for Auto Detailing,Commercial,Paid,Meta Ads,Auto Detailing,Service x Industry Page,High,3,https://clicksgeek.com/car-detailing-facebook-ads/,clicksgeek.com,Car Detailing Facebook Ads That Book Appointments Fast,,browserbase
facebook ads for auto detailing shops,69,Meta Ads for Auto Detailing,Commercial,Paid,Meta Ads,Auto Detailing,Service x Industry Page,High,4,https://numeral.digital/articles/revolution-in-the-detailing-business-how-to-use-facebook-and-instagram-targeting-to-increase-profits-by-up-to-10-times/,numeral.digital,Revolution in the Detailing Business: How to Use Facebook and Instagram Targeting to Increase Profits by Up to 10 Times - Numeral.Digital,,browserbase
facebook ads for auto detailing shops,69,Meta Ads for Auto Detailing,Commercial,Paid,Meta Ads,Auto Detailing,Service x Industry Page,High,5,https://phousemedia.com/blog/scaling-high-ticket-detailing-meta-ads/,phousemedia.com,Scaling High-Ticket Detailing via Meta Ads | Powerhouse Media | Powerhouse Media,,browserbase
facebook ads agency for auto detailing shops,70,Meta Ads Agency for Auto Detailing,Commercial,Paid,Meta Ads,Auto Detailing,Service x Industry Page,High,1,https://motorgrowth.com/meta-ads/,motorgrowth.com,Meta Ads for Auto Detailing Businesses | Motorgrowth,,browserbase
facebook ads agency for auto detailing shops,70,Meta Ads Agency for Auto Detailing,Commercial,Paid,Meta Ads,Auto Detailing,Service x Industry Page,High,2,https://shopshout.co/,shopshout.co,Auto Detailing Business Marketing Agency - Shopshout.co,,browserbase
facebook ads agency for auto detailing shops,70,Meta Ads Agency for Auto Detailing,Commercial,Paid,Meta Ads,Auto Detailing,Service x Industry Page,High,3,https://www.detailersmovement.com/facebook-ads/,detailersmovement.com,Facebook & Instagram Ads for Auto Detailers & Film Installers,,browserbase
facebook ads agency for auto detailing shops,70,Meta Ads Agency for Auto Detailing,Commercial,Paid,Meta Ads,Auto Detailing,Service x Industry Page,High,4,https://madeformore.agency/,madeformore.agency,Made for More,,browserbase
facebook ads agency for auto detailing shops,70,Meta Ads Agency for Auto Detailing,Commercial,Paid,Meta Ads,Auto Detailing,Service x Industry Page,High,5,https://clughodigital.com/,clughodigital.com,Facebook ads for Car Detailers - ClughoDigital.com,,browserbase
facebook ads for auto styling shops,71,Meta Ads for Auto Styling,Commercial,Paid,Meta Ads,Auto Styling,Service x Industry Page,High,1,https://www.detailersmovement.com/how-to-use-facebook-ads-to-grow-your-auto-detailing-ppf-tint-or-wrap-business/,detailersmovement.com,"How to Use Facebook Ads to Grow Your Auto Detailing, PPF, Tint, or Wrap Business",,browserbase
facebook ads for auto styling shops,71,Meta Ads for Auto Styling,Commercial,Paid,Meta Ads,Auto Styling,Service x Industry Page,High,2,https://www.detailersmovement.com/facebook-ads/,detailersmovement.com,Facebook & Instagram Ads for Auto Detailers & Film Installers,,browserbase
facebook ads for auto styling shops,71,Meta Ads for Auto Styling,Commercial,Paid,Meta Ads,Auto Styling,Service x Industry Page,High,3,https://autostylemarketing.com/services/restyler-digital-advertising/,autostylemarketing.com,Restyler Digital Advertising | AutoStyle Marketing,,browserbase
facebook ads for auto styling shops,71,Meta Ads for Auto Styling,Commercial,Paid,Meta Ads,Auto Styling,Service x Industry Page,High,4,https://shoppositioner.com/auto-shops-facebook-instagram-ads/,shoppositioner.com,Facebook & Instagram Ads for Auto Shops | High ROI,,browserbase
facebook ads for auto styling shops,71,Meta Ads for Auto Styling,Commercial,Paid,Meta Ads,Auto Styling,Service x Industry Page,High,5,https://www.detailersmovement.com/case-study-how-one-tint-shop-tripled-their-leads-using-facebook-ads/,detailersmovement.com,Case Study: How One Tint Shop Tripled Their Leads Using Facebook Ads,,browserbase
facebook ads agency for auto styling shops,72,Meta Ads Agency for Auto Styling,Commercial,Paid,Meta Ads,Auto Styling,Service x Industry Page,High,1,https://autostylemarketing.com/services/restyler-digital-advertising/,autostylemarketing.com,Restyler Digital Advertising | AutoStyle Marketing,,browserbase
facebook ads agency for auto styling shops,72,Meta Ads Agency for Auto Styling,Commercial,Paid,Meta Ads,Auto Styling,Service x Industry Page,High,2,https://shoppositioner.com/auto-shops-facebook-instagram-ads/,shoppositioner.com,Facebook & Instagram Ads for Auto Shops | High ROI,,browserbase
facebook ads agency for auto styling shops,72,Meta Ads Agency for Auto Styling,Commercial,Paid,Meta Ads,Auto Styling,Service x Industry Page,High,3,https://www.gridlock.media/,gridlock.media,"Facebook Ads for Detailing, Tint & Ceramic Coating Shops | Gridlock Media",,browserbase
facebook ads agency for auto styling shops,72,Meta Ads Agency for Auto Styling,Commercial,Paid,Meta Ads,Auto Styling,Service x Industry Page,High,4,https://vael.agency/,vael.agency,Vael — Paid Ads for Austin's Automotive Specialty Shops,,browserbase
facebook ads agency for auto styling shops,72,Meta Ads Agency for Auto Styling,Commercial,Paid,Meta Ads,Auto Styling,Service x Industry Page,High,5,https://shopshout.co/,shopshout.co,Auto Detailing Business Marketing Agency - Shopshout.co,,browserbase
facebook ads for roofing companies,73,Meta Ads for Roofing,Commercial,Paid,Meta Ads,Roofing,Service x Industry Page,High,1,https://admanage.ai/blog/facebook-ads-for-roofing,admanage.ai,Facebook Ads for Roofers: Generate Leads at Scale | AdManage.ai Blog,,browserbase
facebook ads for roofing companies,73,Meta Ads for Roofing,Commercial,Paid,Meta Ads,Roofing,Service x Industry Page,High,2,https://www.cinchlocal.com/stop-your-roofing-leads-from-leaking-on-facebook,cinchlocal.com,Facebook Marketing for Roofing Company: #1 Guide,,browserbase
facebook ads for roofing companies,73,Meta Ads for Roofing,Commercial,Paid,Meta Ads,Roofing,Service x Industry Page,High,3,https://www.jobnimbus.com/blog/what-are-facebook-ads-and-how-can-they-help-contractors-get-more-leads,jobnimbus.com,What Are Facebook Ads and How Can They Help Contractors Get More Leads? | JobNimbus,,browserbase
facebook ads for roofing companies,73,Meta Ads for Roofing,Commercial,Paid,Meta Ads,Roofing,Service x Industry Page,High,4,https://digitaldrewsem.com/roofing-facebook-ads-creating-a-solid-foundation/,digitaldrewsem.com,Roofing Facebook Ads | Creating A Solid Foundation,,browserbase
facebook ads for roofing companies,73,Meta Ads for Roofing,Commercial,Paid,Meta Ads,Roofing,Service x Industry Page,High,5,https://roofingrank.com/facebook-ads-for-roofing-contractors/,roofingrank.com,Facebook Ads for Roofing Contractors - Roofing Facebook Ads,,browserbase
facebook ads agency for roofing companies,74,Meta Ads Agency for Roofing,Commercial,Paid,Meta Ads,Roofing,Service x Industry Page,High,1,https://jdtdigital.agency/,jdtdigital.agency,Roofing Facebook Ads Agency - JDT Digital.agency,,browserbase
facebook ads agency for roofing companies,74,Meta Ads Agency for Roofing,Commercial,Paid,Meta Ads,Roofing,Service x Industry Page,High,2,https://builtrightdigital.com/meta-ads-roofing/,builtrightdigital.com,Meta Ads Agency For Roofing Contractors | Built-Right Digital,,browserbase
facebook ads agency for roofing companies,74,Meta Ads Agency for Roofing,Commercial,Paid,Meta Ads,Roofing,Service x Industry Page,High,3,https://clicksgeek.com/facebook-ads-for-roofers/,clicksgeek.com,Facebook Ads for Roofers | Clicks Geek,,browserbase
facebook ads agency for roofing companies,74,Meta Ads Agency for Roofing,Commercial,Paid,Meta Ads,Roofing,Service x Industry Page,High,4,https://www.jobnimbus.com/marketing/services/facebook-ads,jobnimbus.com,Facebook Ads for Roofing Contractors | JobNimbus Marketing,,browserbase
facebook ads agency for roofing companies,74,Meta Ads Agency for Roofing,Commercial,Paid,Meta Ads,Roofing,Service x Industry Page,High,5,https://levelupdigitals.com/,levelupdigitals.com,Roofing Facebook Ads Agency - Levelupdigitals.com,,browserbase
facebook ads for plumbing companies,75,Meta Ads for Plumbing,Commercial,Paid,Meta Ads,Plumbing,Service x Industry Page,High,1,https://www.graphed.com/blog/facebook-ads-for-plumbers,graphed.com,Facebook Ads for Plumbers: The Complete 2026 Strategy Guide | Graphed Blog,,browserbase
facebook ads for plumbing companies,75,Meta Ads for Plumbing,Commercial,Paid,Meta Ads,Plumbing,Service x Industry Page,High,2,https://hookagency.com/blog/plumbing-facebook-ads-worth-it/,hookagency.com,Are Plumbing Facebook Ads Worth It? | Hook Agency,,browserbase
facebook ads for plumbing companies,75,Meta Ads for Plumbing,Commercial,Paid,Meta Ads,Plumbing,Service x Industry Page,High,3,https://workwithbuildpro.com/blog/plumber-facebook-ads/,workwithbuildpro.com,Using Facebook Ads to Drive Immediate Leads for Your Plumbing Company : BuildPro Media,,browserbase
facebook ads for plumbing companies,75,Meta Ads for Plumbing,Commercial,Paid,Meta Ads,Plumbing,Service x Industry Page,High,4,https://www.bluecorona.com/blog/facebook-ads-plumbers/,bluecorona.com,Best Facebook Ads For Plumbers | Plumbing Company Facebook Ads,,browserbase
facebook ads for plumbing companies,75,Meta Ads for Plumbing,Commercial,Paid,Meta Ads,Plumbing,Service x Industry Page,High,5,https://www.elev8operations.com/industries/plumbing,elev8operations.com,Facebook Ads for Plumbing Companies — Elev8 Operations,,browserbase
facebook ads agency for plumbing companies,76,Meta Ads Agency for Plumbing,Commercial,Paid,Meta Ads,Plumbing,Service x Industry Page,High,1,https://www.elev8operations.com/industries/plumbing,elev8operations.com,Facebook Ads for Plumbing Companies — Elev8 Operations,,browserbase
facebook ads agency for plumbing companies,76,Meta Ads Agency for Plumbing,Commercial,Paid,Meta Ads,Plumbing,Service x Industry Page,High,2,https://www.impact-digital.co.uk/plumber/facebook-ads/,impact-digital.co.uk,Facebook Ads Agency for Plumbers | Impact Digital,,browserbase
facebook ads agency for plumbing companies,76,Meta Ads Agency for Plumbing,Commercial,Paid,Meta Ads,Plumbing,Service x Industry Page,High,3,https://builtrightdigital.com/meta-ads-plumbers/,builtrightdigital.com,Meta Ads Agency For Plumbers | Built-Right Digital,,browserbase
facebook ads agency for plumbing companies,76,Meta Ads Agency for Plumbing,Commercial,Paid,Meta Ads,Plumbing,Service x Industry Page,High,4,https://clicksgeek.com/facebook-ads-for-plumbers/,clicksgeek.com,Facebook Ads for Plumbers | Clicks Geek,,browserbase
facebook ads agency for plumbing companies,76,Meta Ads Agency for Plumbing,Commercial,Paid,Meta Ads,Plumbing,Service x Industry Page,High,5,https://smartcontractormedia.com/plumbing-marketing/plumbing-facebook-ads/,smartcontractormedia.com,Plumbing Facebook Ads That Fill Your Schedule Fast,,browserbase
facebook ads for pest control companies,77,Meta Ads for Pest Control,Commercial,Paid,Meta Ads,Pest Control,Service x Industry Page,High,1,https://cubecreative.design/blog/pest-control-marketing/facebook-ads-strategy-guide,cubecreative.design,Facebook Ads for Pest Control: The Complete Strategy Guide -  Cube Creative Design | Digital Marketing,,browserbase
facebook ads for pest control companies,77,Meta Ads for Pest Control,Commercial,Paid,Meta Ads,Pest Control,Service x Industry Page,High,2,https://www.fieldroutes.com/blog/pest-control-facebook-ads,fieldroutes.com,Pest Control Facebook Ads Guide (+Setup & Cost Tips) | FieldRoutes,,browserbase
facebook ads for pest control companies,77,Meta Ads for Pest Control,Commercial,Paid,Meta Ads,Pest Control,Service x Industry Page,High,3,https://pestcontrolmillionaires.com/pest-control-facebook-ads/,pestcontrolmillionaires.com,Pest Control Facebook Ads: Get $10 Leads That Close,,browserbase
facebook ads for pest control companies,77,Meta Ads for Pest Control,Commercial,Paid,Meta Ads,Pest Control,Service x Industry Page,High,4,https://clicksgeek.com/facebook-ads-for-pest-control/,clicksgeek.com,Facebook Ads for Pest Control Companies | Clicks Geek,,browserbase
facebook ads for pest control companies,77,Meta Ads for Pest Control,Commercial,Paid,Meta Ads,Pest Control,Service x Industry Page,High,5,https://whitenoisedigital.com/pest-control-facebook-ads/,whitenoisedigital.com,Maximize Pest Control Leads with Facebook Ads: White Noise Digital,,browserbase
facebook ads agency for pest control companies,78,Meta Ads Agency for Pest Control,Commercial,Paid,Meta Ads,Pest Control,Service x Industry Page,High,1,https://clicksgeek.com/facebook-ads-for-pest-control/,clicksgeek.com,Facebook Ads for Pest Control Companies | Clicks Geek,,browserbase
facebook ads agency for pest control companies,78,Meta Ads Agency for Pest Control,Commercial,Paid,Meta Ads,Pest Control,Service x Industry Page,High,2,https://www.andypatel.pro/facebook-ads/,andypatel.pro,Facebook Ads for Pest Control | #1 Pest Control PPC Company – Andy Patel Pro,,browserbase
facebook ads agency for pest control companies,78,Meta Ads Agency for Pest Control,Commercial,Paid,Meta Ads,Pest Control,Service x Industry Page,High,3,https://builtrightdigital.com/meta-ads-pest-control/,builtrightdigital.com,Meta Ads Agency For Pest Control | Built-Right Digital,,browserbase
facebook ads agency for pest control companies,78,Meta Ads Agency for Pest Control,Commercial,Paid,Meta Ads,Pest Control,Service x Industry Page,High,4,https://marketingpests.com/services/pest-control-facebook-instagram-advertising/,marketingpests.com,Paid Social Campaigns For Pest Control | MarketingPests,,browserbase
facebook ads agency for pest control companies,78,Meta Ads Agency for Pest Control,Commercial,Paid,Meta Ads,Pest Control,Service x Industry Page,High,5,https://leads4build.com/digital-marketing/pest-control,leads4build.com,"Pest Control Marketing Agency. Lead Generation Services: PPC, SEO, SMM",,browserbase
facebook ads for landscaping companies,79,Meta Ads for Landscaping,Commercial,Paid,Meta Ads,Landscaping,Service x Industry Page,High,1,https://clicksgeek.com/landscaping-facebook-ads/,clicksgeek.com,Landscaping Facebook Ads: Complete Lead Generation Guide,,browserbase
facebook ads for landscaping companies,79,Meta Ads for Landscaping,Commercial,Paid,Meta Ads,Landscaping,Service x Industry Page,High,2,https://www.elev8operations.com/blog/meta-ads-landscaping-companies,elev8operations.com,How Landscaping Companies Are Using Meta Ads to Fill Their Schedule — Elev8 Operations,,browserbase
facebook ads for landscaping companies,79,Meta Ads for Landscaping,Commercial,Paid,Meta Ads,Landscaping,Service x Industry Page,High,3,https://leadnurtureclose.com/maximize-your-reach-facebook-marketing-for-landscapers/,leadnurtureclose.com,Maximize Your Reach: Facebook Marketing for Landscapers - LeadNurtureClose® Web Marketing,,browserbase
facebook ads for landscaping companies,79,Meta Ads for Landscaping,Commercial,Paid,Meta Ads,Landscaping,Service x Industry Page,High,4,https://www.savantmarketingagency.com/6-facebook-ad-strategies-for-landscapers,savantmarketingagency.com,These 6 Facebook Ad Strategies Are Getting Landscapers Booked SOLID!,,browserbase
facebook ads for landscaping companies,79,Meta Ads for Landscaping,Commercial,Paid,Meta Ads,Landscaping,Service x Industry Page,High,5,https://marketwiz.ai/the-exact-facebook-ad-strategy-successful-landscaping-businesses-use/,marketwiz.ai,The Exact Facebook Ad Strategy Successful Landscaping Businesses Use,,browserbase
facebook ads agency for landscaping companies,80,Meta Ads Agency for Landscaping,Commercial,Paid,Meta Ads,Landscaping,Service x Industry Page,High,1,https://anguloagency.com/,anguloagency.com,Landscaping Facebook Ads Agency,,browserbase
facebook ads agency for landscaping companies,80,Meta Ads Agency for Landscaping,Commercial,Paid,Meta Ads,Landscaping,Service x Industry Page,High,2,https://www.landscapingmarketingstrategies.com/services/facebook-ads/,landscapingmarketingstrategies.com,Facebook Advertising for Landscapers for Landscapers | Landscaper Marketing Strategies,,browserbase
facebook ads agency for landscaping companies,80,Meta Ads Agency for Landscaping,Commercial,Paid,Meta Ads,Landscaping,Service x Industry Page,High,3,https://www.savantmarketingagency.com/facebook-ads-for-landscaping-businesses,savantmarketingagency.com,Landscaper Marketing Agency | Savant Marketing Agency,,browserbase
facebook ads agency for landscaping companies,80,Meta Ads Agency for Landscaping,Commercial,Paid,Meta Ads,Landscaping,Service x Industry Page,High,4,https://clicksgeek.com/facebook-ads-for-landscaping/,clicksgeek.com,Facebook Ads for Landscaping Companies | Clicks Geek,,browserbase
facebook ads agency for landscaping companies,80,Meta Ads Agency for Landscaping,Commercial,Paid,Meta Ads,Landscaping,Service x Industry Page,High,5,https://landscapemaverick.com/services/facebook-ads/,landscapemaverick.com,Facebook Ads - Landscape Maverick - Landscape Industry Expert,,browserbase
facebook ads for window companies,81,Meta Ads for Window Companies,Commercial,Paid,Meta Ads,Window Companies,Service x Industry Page,High,1,https://www.homeservicedirect.net/facebook-ads-for-window-companies/,homeservicedirect.net,Facebook Ads for Window Replacement Companies in 2026,,browserbase
facebook ads for window companies,81,Meta Ads for Window Companies,Commercial,Paid,Meta Ads,Window Companies,Service x Industry Page,High,2,https://resultcalls.com/blog/how-to-use-facebook-ads-for-window-installation-lead-generation,resultcalls.com,How to Generate Window Installation Leads with Facebook Ads,,browserbase
facebook ads for window companies,81,Meta Ads for Window Companies,Commercial,Paid,Meta Ads,Window Companies,Service x Industry Page,High,3,https://www.elev8operations.com/industries/windows,elev8operations.com,Facebook Ads for Window Replacement Companies — Elev8 Operations,,browserbase
facebook ads for window companies,81,Meta Ads for Window Companies,Commercial,Paid,Meta Ads,Window Companies,Service x Industry Page,High,4,https://windowgrowth.co/facebook-ads-for-window-home-improvement-businesses/,windowgrowth.co,How To Create Winning Facebook Ads For Window & Home Improvement Businesses - Window Growth Co.,,browserbase
facebook ads for window companies,81,Meta Ads for Window Companies,Commercial,Paid,Meta Ads,Window Companies,Service x Industry Page,High,5,https://windowgrowth.co/services/meta-ads/,windowgrowth.co,Meta Ads for Window & Glass Replacement Companies | Window Growth Co,,browserbase
facebook ads agency for window companies,82,Meta Ads Agency for Window Companies,Commercial,Paid,Meta Ads,Window Companies,Service x Industry Page,High,1,https://www.homeservicedirect.net/facebook-ads-for-window-companies/,homeservicedirect.net,Facebook Ads for Window Replacement Companies in 2026,,browserbase
facebook ads agency for window companies,82,Meta Ads Agency for Window Companies,Commercial,Paid,Meta Ads,Window Companies,Service x Industry Page,High,2,https://www.wiredmedia.co.uk/digital-marketing-for-window-installation-companies/facebook-ads/,wiredmedia.co.uk,Facebook Ads Agency for Window Installation Companies | Facebook Ads Campaign Management For Window Installation,,browserbase
facebook ads agency for window companies,82,Meta Ads Agency for Window Companies,Commercial,Paid,Meta Ads,Window Companies,Service x Industry Page,High,3,https://windowgrowth.co/services/meta-ads/,windowgrowth.co,Meta Ads for Window & Glass Replacement Companies | Window Growth Co,,browserbase
facebook ads agency for window companies,82,Meta Ads Agency for Window Companies,Commercial,Paid,Meta Ads,Window Companies,Service x Industry Page,High,4,https://www.elev8operations.com/industries/windows,elev8operations.com,Facebook Ads for Window Replacement Companies — Elev8 Operations,,browserbase
facebook ads agency for window companies,82,Meta Ads Agency for Window Companies,Commercial,Paid,Meta Ads,Window Companies,Service x Industry Page,High,5,https://clicksgeek.com/facebook-ads-for-window-installers/,clicksgeek.com,Facebook Ads for Window Installers | Clicks Geek,,browserbase
facebook ads for smart home installers,83,Meta Ads for Smart Home Installers,Commercial,Paid,Meta Ads,Smart Home Installers,Service x Industry Page,High,1,https://clicksgeek.com/industries/smart-home-installers/,clicksgeek.com,Smart Home Installers Marketing | Clicks Geek,,browserbase
facebook ads for smart home installers,83,Meta Ads for Smart Home Installers,Commercial,Paid,Meta Ads,Smart Home Installers,Service x Industry Page,High,2,https://clicksgeek.com/facebook-ads-for-home-security-installers/,clicksgeek.com,Facebook Ads for Home Security Installers | Clicks Geek,,browserbase
facebook ads for smart home installers,83,Meta Ads for Smart Home Installers,Commercial,Paid,Meta Ads,Smart Home Installers,Service x Industry Page,High,3,https://truline.io/blog/facebook-ads-contractors-guide,truline.io,Facebook Ads for Contractors: Complete 2026 Guide | TruLine | TruLine Blog | TruLine,,browserbase
facebook ads for smart home installers,83,Meta Ads for Smart Home Installers,Commercial,Paid,Meta Ads,Smart Home Installers,Service x Industry Page,High,4,https://clicksgeek.com/facebook-ads-for-home-service-companies/,clicksgeek.com,Facebook Ads For Home Service Companies: Full Guide,,browserbase
facebook ads for smart home installers,83,Meta Ads for Smart Home Installers,Commercial,Paid,Meta Ads,Smart Home Installers,Service x Industry Page,High,5,https://voladolabs.ai/the-contractors-guide-to-running-facebook-ads-that-actually-convert/,voladolabs.ai,The Contractor's Guide to Running Facebook Ads That Actually Convert - Volado Labs,,browserbase
facebook ads agency for smart home installers,84,Meta Ads Agency for Smart Home Installers,Commercial,Paid,Meta Ads,Smart Home Installers,Service x Industry Page,High,1,https://clicksgeek.com/facebook-ads-for-smart-home-installers/,clicksgeek.com,Facebook Ads for Smart Home Installers | Clicks Geek,,browserbase
facebook ads agency for smart home installers,84,Meta Ads Agency for Smart Home Installers,Commercial,Paid,Meta Ads,Smart Home Installers,Service x Industry Page,High,2,https://freedomflowmarketing.com/en/industries/smart-home,freedomflowmarketing.com,Smart Home Leads | Freedom Flow Marketing | Freedom Flow Marketing,,browserbase
facebook ads agency for smart home installers,84,Meta Ads Agency for Smart Home Installers,Commercial,Paid,Meta Ads,Smart Home Installers,Service x Industry Page,High,3,https://emetdigital.com/industries/home-services/home-remodeling/smart-home/,emetdigital.com,Smart Home Remodeling Marketing Services | Emet Digital®,,browserbase
facebook ads agency for smart home installers,84,Meta Ads Agency for Smart Home Installers,Commercial,Paid,Meta Ads,Smart Home Installers,Service x Industry Page,High,4,https://abbotswell.marketing/,abbotswell.marketing,Home Installation Facebook Ads Agency - Abbotswell Marketing,,browserbase
facebook ads agency for smart home installers,84,Meta Ads Agency for Smart Home Installers,Commercial,Paid,Meta Ads,Smart Home Installers,Service x Industry Page,High,5,https://clicksgeek.com/industries/smart-home-installers/,clicksgeek.com,Smart Home Installers Marketing | Clicks Geek,,browserbase
facebook ads for contractors,85,Meta Ads for Contractors,Commercial,Paid,Meta Ads,Contractors,Service x Industry Page,High,1,https://www.baadigi.com/ppc/facebook-ads-for-contractors-complete-2026-guide-to-generating-quality-leads,baadigi.com,Facebook Ads for Contractors: 2026 Lead Gen Guide [Full Setup] | BaaDigi,,browserbase
facebook ads for contractors,85,Meta Ads for Contractors,Commercial,Paid,Meta Ads,Contractors,Service x Industry Page,High,2,https://www.servicetitan.com/blog/contractor-facebook-ads,servicetitan.com,Facebook Ads for Contractors: Full Guide with Tips & Examples,,browserbase
facebook ads for contractors,85,Meta Ads for Contractors,Commercial,Paid,Meta Ads,Contractors,Service x Industry Page,High,3,https://leadsync.me/blog/facebook-ads-for-contractors/,leadsync.me,Facebook Ads for Contractors: Complete Guide [2026],,browserbase
facebook ads for contractors,85,Meta Ads for Contractors,Commercial,Paid,Meta Ads,Contractors,Service x Industry Page,High,4,https://voladolabs.ai/the-contractors-guide-to-running-facebook-ads-that-actually-convert/,voladolabs.ai,The Contractor's Guide to Running Facebook Ads That Actually Convert - Volado Labs,,browserbase
facebook ads for contractors,85,Meta Ads for Contractors,Commercial,Paid,Meta Ads,Contractors,Service x Industry Page,High,5,https://admanage.ai/blog/facebook-ads-for-construction-companies,admanage.ai,Facebook Ads for Construction Companies: A Lead Gen Guide | AdManage.ai Blog,,browserbase
facebook ads agency for contractors,86,Meta Ads Agency for Contractors,Commercial,Paid,Meta Ads,Contractors,Service x Industry Page,High,1,https://builtrightdigital.com/meta-ads/,builtrightdigital.com,Meta Ads Agency For Contractors - Built Right Digital,,browserbase
facebook ads agency for contractors,86,Meta Ads Agency for Contractors,Commercial,Paid,Meta Ads,Contractors,Service x Industry Page,High,2,https://stpgo.net/,stpgo.net,Contractor Facebook Ads Agency - Stpgo.net,,browserbase
facebook ads agency for contractors,86,Meta Ads Agency for Contractors,Commercial,Paid,Meta Ads,Contractors,Service x Industry Page,High,3,https://www.bandiads.com/,bandiads.com,Bandi Ads | Exclusive Contractor Growth with Facebook Ads,,browserbase
facebook ads agency for contractors,86,Meta Ads Agency for Contractors,Commercial,Paid,Meta Ads,Contractors,Service x Industry Page,High,4,https://leads4build.com/digital-marketing/paid-social,leads4build.com,Facebook & Instagram Ads for Contractors | Paid Social Lead Generation,,browserbase
facebook ads agency for contractors,86,Meta Ads Agency for Contractors,Commercial,Paid,Meta Ads,Contractors,Service x Industry Page,High,5,https://upmotionmedia.com/meta-ads/,upmotionmedia.com,Meta Ads for Contractors | Facebook & Instagram Ads | UpMotion Media,,browserbase
facebook ads for med spas,87,Meta Ads for Med Spas,Commercial,Paid,Meta Ads,Med Spas,Service x Industry Page,High,1,https://ankitamankotia.com/facebook-ads-for-med-spas-the-complete-2026-guide/,ankitamankotia.com,Facebook Ads for Med Spa: The Complete 2026 Guide : Ankita Mankotia,,browserbase
facebook ads for med spas,87,Meta Ads for Med Spas,Commercial,Paid,Meta Ads,Med Spas,Service x Industry Page,High,2,https://medspamagicmarketing.com/tips-advice/meta-facebook-ads-guide-2026/,medspamagicmarketing.com,Our Top-Performing Facebook & Instagram (Meta) Ads for Med Spas in 2026 (Offers + Benchmarks) - Med Spa Magic Marketing,,browserbase
facebook ads for med spas,87,Meta Ads for Med Spas,Commercial,Paid,Meta Ads,Med Spas,Service x Industry Page,High,3,https://bestppcfirm.com/blog/facebook-ads-for-medspas-treatment-based-strategy,bestppcfirm.com,Facebook Ads for MedSpas: Treatment-Based Strategy | BestPPC Blog | BestPPC,,browserbase
facebook ads for med spas,87,Meta Ads for Med Spas,Commercial,Paid,Meta Ads,Med Spas,Service x Industry Page,High,4,https://red27creative.com/facebook-ads-for-med-spas,red27creative.com,Facebook Ads For Med Spas: 5 Steps To Magic,,browserbase
facebook ads for med spas,87,Meta Ads for Med Spas,Commercial,Paid,Meta Ads,Med Spas,Service x Industry Page,High,5,https://medspamagicmarketing.com/tips-advice/meta-ads-campaign-targeting-2026/,medspamagicmarketing.com,Meta Ads for Med Spas Part 2: Campaign Set-Up and Targeting (2026) - Med Spa Magic Marketing,,browserbase
facebook ads agency for med spas,88,Meta Ads Agency for Med Spas,Commercial,Paid,Meta Ads,Med Spas,Service x Industry Page,High,1,https://managedmedspa.com/services/digital-marketing-med-spas/med-spa-meta-ads/,managedmedspa.com,Facebook & Instagram Ads for Med Spas | Managed MedSpa,,browserbase
facebook ads agency for med spas,88,Meta Ads Agency for Med Spas,Commercial,Paid,Meta Ads,Med Spas,Service x Industry Page,High,2,https://pureaestheticsmarketing.co.uk/facebook-ads-agency/,pureaestheticsmarketing.co.uk,Facebook Ads Agency for Med Spa Clinics,,browserbase
facebook ads agency for med spas,88,Meta Ads Agency for Med Spas,Commercial,Paid,Meta Ads,Med Spas,Service x Industry Page,High,3,https://10xmedspamarketing.com/meta-ads/,10xmedspamarketing.com,Meta Ads for Med Spas | 10x Med Spa Marketing,,browserbase
facebook ads agency for med spas,88,Meta Ads Agency for Med Spas,Commercial,Paid,Meta Ads,Med Spas,Service x Industry Page,High,4,https://urgeinteractive.com/services/facebook-instagram-ads/,urgeinteractive.com,Facebook + Instagram Ads for Aesthetics | UI,,browserbase
facebook ads agency for med spas,88,Meta Ads Agency for Med Spas,Commercial,Paid,Meta Ads,Med Spas,Service x Industry Page,High,5,https://medspamarketpro.com/medspa-facebook-instagram-ads-services/,medspamarketpro.com,MedSpa Facebook & Instagram Ads: Attract High-Value Clients,,browserbase
facebook ads for B2B service companies,89,Meta Ads for B2B Services,Commercial,Paid,Meta Ads,B2B Services,Service x Industry Page,High,1,https://www.involvedigital.com/insights/meta-ads-b2b-lead-generation-strategy,involvedigital.com,Meta Ads B2B Lead Generation Strategy 2026 | Involve Digital,,browserbase
facebook ads for B2B service companies,89,Meta Ads for B2B Services,Commercial,Paid,Meta Ads,B2B Services,Service x Industry Page,High,2,https://adlibrary.com/posts/facebook-ads-for-b2b-companies-2026,adlibrary.com,Facebook Ads for B2B: When LinkedIn Is Too Expensive,,browserbase
facebook ads for B2B service companies,89,Meta Ads for B2B Services,Commercial,Paid,Meta Ads,B2B Services,Service x Industry Page,High,3,https://clicksgeek.com/facebook-ads-for-service-businesses/,clicksgeek.com,Facebook Ads For Service Businesses: Lead Gen Guide,,browserbase
facebook ads for B2B service companies,89,Meta Ads for B2B Services,Commercial,Paid,Meta Ads,B2B Services,Service x Industry Page,High,4,https://digino.org/blog/how-to-generate-6-13-b2b-calls-per-day-with-meta-ads/,digino.org,How to Generate 6-13 B2B Calls Per Day With Meta Ads - DigiNo,,browserbase
facebook ads for B2B service companies,89,Meta Ads for B2B Services,Commercial,Paid,Meta Ads,B2B Services,Service x Industry Page,High,5,https://adadvisor.ai/blog/facebook-ads-for-service-businesses-in-2026-what-actually-works,adadvisor.ai,Facebook Ads for Service Businesses in 2026: What Actually Works | AdAdvisor,,browserbase
facebook ads agency for B2B service companies,90,Meta Ads Agency for B2B Services,Commercial,Paid,Meta Ads,B2B Services,Service x Industry Page,High,1,https://www.mv3marketing.com/facebook-ads-agency/,mv3marketing.com,Facebook & Meta Ads Agency for B2B | MV3 Marketing,,browserbase
facebook ads agency for B2B service companies,90,Meta Ads Agency for B2B Services,Commercial,Paid,Meta Ads,B2B Services,Service x Industry Page,High,2,https://theb2bplaybook.com/b2b-meta-ads-agency,theb2bplaybook.com,Best B2B Meta Ads Agency for Pipeline Growth & Revenue,,browserbase
facebook ads agency for B2B service companies,90,Meta Ads Agency for B2B Services,Commercial,Paid,Meta Ads,B2B Services,Service x Industry Page,High,3,https://www.heydigital.co/channels/meta-ads-agency,heydigital.co,B2B SaaS Meta Ads Agency | Meta Ads That Build Pipeline | Hey Digital,,browserbase
facebook ads agency for B2B service companies,90,Meta Ads Agency for B2B Services,Commercial,Paid,Meta Ads,B2B Services,Service x Industry Page,High,4,https://karibu-digital.com/meta-ads/,karibu-digital.com,Meta Ads agency for B2B SaaS startups - Karibu Digital,,browserbase
facebook ads agency for B2B service companies,90,Meta Ads Agency for B2B Services,Commercial,Paid,Meta Ads,B2B Services,Service x Industry Page,High,5,https://dimengrowth.com/meta-ads/,dimengrowth.com,Meta Ads | DimenGrowth,,browserbase
facebook ads for education and training organizations,91,Meta Ads for Education & Training,Commercial,Paid,Meta Ads,Education & Training,Service x Industry Page,High,1,https://scalegrowth.digital/resources/ppc/facebook-ads-for-education/,scalegrowth.digital,Facebook Ads for Education: University Enrollment Strategy - Scale Growth Digital,,browserbase
facebook ads for education and training organizations,91,Meta Ads for Education & Training,Commercial,Paid,Meta Ads,Education & Training,Service x Industry Page,High,2,https://modifyed.in/facebook-ads-targeting-strategies-for-student-enrollment/,modifyed.in,Facebook Ads Targeting Strategies for Student Enrollment 2026,,browserbase
facebook ads for education and training organizations,91,Meta Ads for Education & Training,Commercial,Paid,Meta Ads,Education & Training,Service x Industry Page,High,3,https://thinkorion.com/blog/how-to-target-students-facebook-ads-ppc,thinkorion.com,Facebook Ads for Students in 2026 [Free Page Analyzer],,browserbase
facebook ads for education and training organizations,91,Meta Ads for Education & Training,Commercial,Paid,Meta Ads,Education & Training,Service x Industry Page,High,4,https://www.averi.ai/learn/facebook-ads-for-education-platforms,averi.ai,How to Run Facebook Ads for Education Platforms,,browserbase
facebook ads for education and training organizations,91,Meta Ads for Education & Training,Commercial,Paid,Meta Ads,Education & Training,Service x Industry Page,High,5,https://www.adstellar.ai/blog/meta-ads-for-online-course-creators,adstellar.ai,Meta Ads For Online Course Creators: Complete Guide | AdStellar,,browserbase
facebook ads agency for education and training organizations,92,Meta Ads Agency for Education & Training,Commercial,Paid,Meta Ads,Education & Training,Service x Industry Page,High,1,https://www.brandmind.in/services/meta-ads,brandmind.in,Meta Ads That Generate Qualified Student Leads Not Just Clicks | Services | Brandmind,,browserbase
facebook ads agency for education and training organizations,92,Meta Ads Agency for Education & Training,Commercial,Paid,Meta Ads,Education & Training,Service x Industry Page,High,2,https://goldenmarkers.com/facebook-ads-for-schools-and-colleges/,goldenmarkers.com,Facebook & Instagram Ads Agency for Schools & Colleges - Golden Markers,,browserbase
facebook ads agency for education and training organizations,92,Meta Ads Agency for Education & Training,Commercial,Paid,Meta Ads,Education & Training,Service x Industry Page,High,3,https://goldenmarkers.com/facebook-ads-agency-for-edtech/,goldenmarkers.com,Facebook Ads Agency for EdTech | Fill Seats with Students - Golden Markers,,browserbase
facebook ads agency for education and training organizations,92,Meta Ads Agency for Education & Training,Commercial,Paid,Meta Ads,Education & Training,Service x Industry Page,High,4,https://www.llamaleadgen.com/industries/education/,llamaleadgen.com,Education Marketing Agency Trusted by Leading EdTech and Higher Ed Brands,,browserbase
facebook ads agency for education and training organizations,92,Meta Ads Agency for Education & Training,Commercial,Paid,Meta Ads,Education & Training,Service x Industry Page,High,5,https://www.pivotal-consulting-group.com/industries/education,pivotal-consulting-group.com,Education & EdTech Performance Marketing | Pivotal Consulting Group,,browserbase
google local services ads for auto detailing shops,93,Google LSA for Auto Detailing,Commercial,Paid,Google LSA,Auto Detailing,Service x Industry Page,High,1,https://keygrow.co/industries/automotive/detailing/ppc,keygrow.co,Auto Detailing PPC Services | Google Ads for Car Detailers,,browserbase
google local services ads for auto detailing shops,93,Google LSA for Auto Detailing,Commercial,Paid,Google LSA,Auto Detailing,Service x Industry Page,High,2,https://rcdigital.us/google-ads-vs-seo-auto-detailing/,rcdigital.us,Should My Auto Detailing Use Google Ads or SEO? | Visibility and Ranking Engine,,browserbase
google local services ads for auto detailing shops,93,Google LSA for Auto Detailing,Commercial,Paid,Google LSA,Auto Detailing,Service x Industry Page,High,3,https://houstonppcservices.com/google-ads-for-auto-detailing/,houstonppcservices.com,Google Ads for Auto Detailing: What Actually Works After 12 Years - HoustonPPCservices,,browserbase
google local services ads for auto detailing shops,93,Google LSA for Auto Detailing,Commercial,Paid,Google LSA,Auto Detailing,Service x Industry Page,High,4,https://clicksgeek.com/industries/auto-detailing/,clicksgeek.com,Auto Detailing Shops Marketing | Clicks Geek,,browserbase
google local services ads for auto detailing shops,93,Google LSA for Auto Detailing,Commercial,Paid,Google LSA,Auto Detailing,Service x Industry Page,High,5,https://auto-amplify.com/auto-detailing-leads/,auto-amplify.com,Auto Detailing Leads | AutoAmplify,,browserbase
google local services ads agency for auto detailing shops,94,Google LSA Agency for Auto Detailing,Commercial,Paid,Google LSA,Auto Detailing,Service x Industry Page,High,1,https://keygrow.co/industries/automotive/detailing/ppc,keygrow.co,Auto Detailing PPC Services | Google Ads for Car Detailers,,browserbase
google local services ads agency for auto detailing shops,94,Google LSA Agency for Auto Detailing,Commercial,Paid,Google LSA,Auto Detailing,Service x Industry Page,High,2,https://clicksgeek.com/industries/auto-detailing/,clicksgeek.com,Auto Detailing Shops Marketing | Clicks Geek,,browserbase
google local services ads agency for auto detailing shops,94,Google LSA Agency for Auto Detailing,Commercial,Paid,Google LSA,Auto Detailing,Service x Industry Page,High,3,https://motorgrowth.com/google-ads/,motorgrowth.com,Google Ads for Auto Detailing Businesses | Motorgrowth,,browserbase
google local services ads agency for auto detailing shops,94,Google LSA Agency for Auto Detailing,Commercial,Paid,Google LSA,Auto Detailing,Service x Industry Page,High,4,https://auto-amplify.com/auto-detailing-leads/,auto-amplify.com,Auto Detailing Leads | AutoAmplify,,browserbase
google local services ads agency for auto detailing shops,94,Google LSA Agency for Auto Detailing,Commercial,Paid,Google LSA,Auto Detailing,Service x Industry Page,High,5,https://www.detailersmovement.com/google-ads/,detailersmovement.com,Google Ads Services for Auto Detailers & Film Installers,,browserbase
google local services ads for auto styling shops,95,Google LSA for Auto Styling,Commercial,Paid,Google LSA,Auto Styling,Service x Industry Page,High,1,https://autostylemarketing.com/the-ultimate-google-my-business-optimization-guide-for-restylers/,autostylemarketing.com,Google My Business Optimization Guide for Restylers | AutoStyle Marketing,,browserbase
google local services ads for auto styling shops,95,Google LSA for Auto Styling,Commercial,Paid,Google LSA,Auto Styling,Service x Industry Page,High,2,https://autostylemarketing.com/services/restyler-digital-advertising/,autostylemarketing.com,Restyler Digital Advertising | AutoStyle Marketing,,browserbase
google local services ads for auto styling shops,95,Google LSA for Auto Styling,Commercial,Paid,Google LSA,Auto Styling,Service x Industry Page,High,3,https://autorepairseo.com/google-local-service-ads-for-auto-repair-step-by-step-setup-guide/,autorepairseo.com,Google Local Service Ads for Auto Repair | ADAG Utah,,browserbase
google local services ads for auto styling shops,95,Google LSA for Auto Styling,Commercial,Paid,Google LSA,Auto Styling,Service x Industry Page,High,4,https://autorepairseo.com/google-local-service-ads-management/,autorepairseo.com,Google Local Services Ads Management For Auto Repair Shops,,browserbase
google local services ads for auto styling shops,95,Google LSA for Auto Styling,Commercial,Paid,Google LSA,Auto Styling,Service x Industry Page,High,5,https://bumpmybrand.com/auto-shop-ppc-google-local-services-ads/,bumpmybrand.com,Auto Shop PPC & Google Local Services Ads (LSA),,browserbase
google local services ads agency for auto styling shops,96,Google LSA Agency for Auto Styling,Commercial,Paid,Google LSA,Auto Styling,Service x Industry Page,High,1,https://autostylemarketing.com/services/restyler-digital-advertising/,autostylemarketing.com,Restyler Digital Advertising | AutoStyle Marketing,,browserbase
google local services ads agency for auto styling shops,96,Google LSA Agency for Auto Styling,Commercial,Paid,Google LSA,Auto Styling,Service x Industry Page,High,2,https://vael.agency/,vael.agency,Vael — Paid Ads for Austin's Automotive Specialty Shops,,browserbase
google local services ads agency for auto styling shops,96,Google LSA Agency for Auto Styling,Commercial,Paid,Google LSA,Auto Styling,Service x Industry Page,High,3,https://autorepairseo.com/google-local-service-ads-management/,autorepairseo.com,Google Local Services Ads Management For Auto Repair Shops,,browserbase
google local services ads agency for auto styling shops,96,Google LSA Agency for Auto Styling,Commercial,Paid,Google LSA,Auto Styling,Service x Industry Page,High,4,https://thehoustonmarketingagency.com/google-ads-for/auto-repair/,thehoustonmarketingagency.com,Google Ads for Auto Repair & Specialty Shops | Drive High-Value Service Calls,,browserbase
google local services ads agency for auto styling shops,96,Google LSA Agency for Auto Styling,Commercial,Paid,Google LSA,Auto Styling,Service x Industry Page,High,5,https://www.1digitalagency.com/google-local-services-optimization/,1digitalagency.com,Google Local Services Ads Management Since 2012 | 1Digital®,,browserbase
google local services ads for roofing companies,97,Google LSA for Roofing,Commercial,Paid,Google LSA,Roofing,Service x Industry Page,High,1,https://ppcchief.com/blog/google-local-services-ads-roofing,ppcchief.com,Google Local Services Ads for Roofers: The Complete Guide to More Roofing Leads in 2026 — PPC Chief,,browserbase
google local services ads for roofing companies,97,Google LSA for Roofing,Commercial,Paid,Google LSA,Roofing,Service x Industry Page,High,2,https://bytes.co/blog/local-service-ads-for-roofing-contractors/,bytes.co,Local Service Ads for Roofing Contractors: Turn Clicks Into Calls,,browserbase
google local services ads for roofing companies,97,Google LSA for Roofing,Commercial,Paid,Google LSA,Roofing,Service x Industry Page,High,3,https://theaitrades.ai/blog/how-to-get-more-roofing-leads-google-local-services-ads,theaitrades.ai,How to Get More Roofing Leads with Google Local Services Ads (2026)  -  The AI Trades,,browserbase
google local services ads for roofing companies,97,Google LSA for Roofing,Commercial,Paid,Google LSA,Roofing,Service x Industry Page,High,4,https://visibleeverywhere.com/google-local-services-ads-for-roofers/,visibleeverywhere.com,"Google Local Services Ads for Roofers — Pay Per Lead, Not Per Click | Visible Everywhere",,browserbase
google local services ads for roofing companies,97,Google LSA for Roofing,Commercial,Paid,Google LSA,Roofing,Service x Industry Page,High,5,https://www.bluecorona.com/digital-marketing/paid-media/google-local-services/roofing/,bluecorona.com,Google Local Services Ads Management For Roofing Companies,,browserbase
google local services ads agency for roofing companies,98,Google LSA Agency for Roofing,Commercial,Paid,Google LSA,Roofing,Service x Industry Page,High,1,https://www.bluecorona.com/digital-marketing/paid-media/google-local-services/roofing/,bluecorona.com,Google Local Services Ads Management For Roofing Companies,,browserbase
google local services ads agency for roofing companies,98,Google LSA Agency for Roofing,Commercial,Paid,Google LSA,Roofing,Service x Industry Page,High,2,https://hookagency.com/roofing-marketing/lsa-management/,hookagency.com,Roofing LSA Services | Top Google Local Service Ad Management,,browserbase
google local services ads agency for roofing companies,98,Google LSA Agency for Roofing,Commercial,Paid,Google LSA,Roofing,Service x Industry Page,High,3,https://visibleeverywhere.com/google-local-services-ads-for-roofers/,visibleeverywhere.com,"Google Local Services Ads for Roofers — Pay Per Lead, Not Per Click | Visible Everywhere",,browserbase
google local services ads agency for roofing companies,98,Google LSA Agency for Roofing,Commercial,Paid,Google LSA,Roofing,Service x Industry Page,High,4,https://www.primelsa.ai/roofers-google-guaranteed-local-services-ads-management,primelsa.ai,Local Services Ads for Roofers - Google Guaranteed | PrimeLSA,,browserbase
google local services ads agency for roofing companies,98,Google LSA Agency for Roofing,Commercial,Paid,Google LSA,Roofing,Service x Industry Page,High,5,https://dgagency.co/services/roofing-marketing-agency,dgagency.co,Roofing Marketing Agency | Lead Generation for Roofers | DG Agency,,browserbase
google local services ads for plumbing companies,99,Google LSA for Plumbing,Commercial,Paid,Google LSA,Plumbing,Service x Industry Page,High,1,https://www.bluecorona.com/digital-marketing/paid-media/google-local-services/plumbing/,bluecorona.com,Google Local Services Ads For Plumbers | Get Google Guaranteed,,browserbase
google local services ads for plumbing companies,99,Google LSA for Plumbing,Commercial,Paid,Google LSA,Plumbing,Service x Industry Page,High,2,https://www.primelsa.ai/plumbers-google-guaranteed-local-services-ads-management,primelsa.ai,Local Services Ads for Plumbers - Google Guaranteed | PrimeLSA,,browserbase
google local services ads for plumbing companies,99,Google LSA for Plumbing,Commercial,Paid,Google LSA,Plumbing,Service x Industry Page,High,3,https://www.local-services.marketing/lsa-management-plumbers/,local-services.marketing,Google LSA for Plumbers | Pay Per Qualified Lead | US & UK - Local Services Marketing,,browserbase
google local services ads for plumbing companies,99,Google LSA for Plumbing,Commercial,Paid,Google LSA,Plumbing,Service x Industry Page,High,4,https://insidea.com/blog/marketing/plumbers/google-ads-guide,insidea.com,Google Ads for Plumber to Get Quality | INSIDEA,,browserbase
google local services ads for plumbing companies,99,Google LSA for Plumbing,Commercial,Paid,Google LSA,Plumbing,Service x Industry Page,High,5,https://nickelseo.com/blog/google-ads-and-google-local-service-ads-management-for-plumbing-companies/,nickelseo.com,Google Ads and Google Local Service Ads Management for Plumbing Companies | Nickel SEO,,browserbase
google local services ads agency for plumbing companies,100,Google LSA Agency for Plumbing,Commercial,Paid,Google LSA,Plumbing,Service x Industry Page,High,1,https://www.local-services.marketing/lsa-management-plumbers/,local-services.marketing,Google LSA for Plumbers | Pay Per Qualified Lead | US & UK - Local Services Marketing,,browserbase
google local services ads agency for plumbing companies,100,Google LSA Agency for Plumbing,Commercial,Paid,Google LSA,Plumbing,Service x Industry Page,High,2,https://lmh.agency/plumbing-digital-marketing/google-lsa-management/,lmh.agency,Google LSA Management - LSA For Plumbers | LMH Agency,,browserbase
google local services ads agency for plumbing companies,100,Google LSA Agency for Plumbing,Commercial,Paid,Google LSA,Plumbing,Service x Industry Page,High,3,https://www.bluecorona.com/digital-marketing/paid-media/google-local-services/plumbing/,bluecorona.com,Google Local Services Ads For Plumbers | Get Google Guaranteed,,browserbase
google local services ads agency for plumbing companies,100,Google LSA Agency for Plumbing,Commercial,Paid,Google LSA,Plumbing,Service x Industry Page,High,4,https://rankmetop.net/services/google-local-service-ads/,rankmetop.net,Plumbing Google Local Services Ads (LSA) Agency | RankMeTop,,browserbase
google local services ads agency for plumbing companies,100,Google LSA Agency for Plumbing,Commercial,Paid,Google LSA,Plumbing,Service x Industry Page,High,5,https://hookagency.com/plumbing-marketing/lsa-management/,hookagency.com,Plumbing LSA Management | Get More Local Plumbing Leads,,browserbase
google local services ads for pest control companies,101,Google LSA for Pest Control,Commercial,Paid,Google LSA,Pest Control,Service x Industry Page,High,1,https://bluegridmedia.com/google-lsa-for-pest-control,bluegridmedia.com,Google LSA for Pest Control: Get More Contracts [2026],,browserbase
google local services ads for pest control companies,101,Google LSA for Pest Control,Commercial,Paid,Google LSA,Pest Control,Service x Industry Page,High,2,https://pestcontrolmillionaires.com/google-local-services-ads-for-pest-control-companies/,pestcontrolmillionaires.com,Google Local Services Ads for Pest Control: Full Guide,,browserbase
google local services ads for pest control companies,101,Google LSA for Pest Control,Commercial,Paid,Google LSA,Pest Control,Service x Industry Page,High,3,https://www.bluecorona.com/digital-marketing/paid-media/google-local-services/pest-control/,bluecorona.com,Google Local Services Ads For Pest Control (Google Guaranteed),,browserbase
google local services ads for pest control companies,101,Google LSA for Pest Control,Commercial,Paid,Google LSA,Pest Control,Service x Industry Page,High,4,https://realtimemarketing.com/services/google-guaranteed-local-services-ads-for-pest-control/,realtimemarketing.com,Local Services Ads for Pest Control - Google Guaranteed | Real Time Marketing,,browserbase
google local services ads for pest control companies,101,Google LSA for Pest Control,Commercial,Paid,Google LSA,Pest Control,Service x Industry Page,High,5,https://bluegridmedia.com/google-ads-for-pest-control,bluegridmedia.com,Google Ads for Pest Control: Fill Routes & Sell Plans (2026),,browserbase
google local services ads agency for pest control companies,102,Google LSA Agency for Pest Control,Commercial,Paid,Google LSA,Pest Control,Service x Industry Page,High,1,https://www.bluecorona.com/digital-marketing/paid-media/google-local-services/pest-control/,bluecorona.com,Google Local Services Ads For Pest Control (Google Guaranteed),,browserbase
google local services ads agency for pest control companies,102,Google LSA Agency for Pest Control,Commercial,Paid,Google LSA,Pest Control,Service x Industry Page,High,2,https://www.grownearby.com/lsa-management-for-pest-control/,grownearby.com,Google My Business For Home Service Business | #1 GMB Company,,browserbase
google local services ads agency for pest control companies,102,Google LSA Agency for Pest Control,Commercial,Paid,Google LSA,Pest Control,Service x Industry Page,High,3,https://wolfpackadvising.com/services/google-local-ad-management/pest-control/,wolfpackadvising.com,Pest Control Google Local Ad Management Services,,browserbase
google local services ads agency for pest control companies,102,Google LSA Agency for Pest Control,Commercial,Paid,Google LSA,Pest Control,Service x Industry Page,High,4,https://outdooit.com/pest-control-marketing/,outdooit.com,Pest Control Marketing Agency | SEO & Ads | Outdooit,,browserbase
google local services ads agency for pest control companies,102,Google LSA Agency for Pest Control,Commercial,Paid,Google LSA,Pest Control,Service x Industry Page,High,5,https://www.ritnerdigital.com/industries/home-services/pest-control,ritnerdigital.com,"Pest Control Marketing — SEO, Google Ads & Web Design — Ritner Digital | AI Search & SEO Agency",,browserbase
google local services ads for landscaping companies,103,Google LSA for Landscaping,Commercial,Paid,Google LSA,Landscaping,Service x Industry Page,High,1,https://www.bluecorona.com/digital-marketing/paid-media/google-local-services/landscapers/,bluecorona.com,Google Local Services Ads For Landscapers (Google Guaranteed),,browserbase
google local services ads for landscaping companies,103,Google LSA for Landscaping,Commercial,Paid,Google LSA,Landscaping,Service x Industry Page,High,2,https://bluegridmedia.com/google-lsa-for-landscaping,bluegridmedia.com,Google LSA for Landscaping: Get More Jobs This Season,,browserbase
google local services ads for landscaping companies,103,Google LSA for Landscaping,Commercial,Paid,Google LSA,Landscaping,Service x Industry Page,High,3,https://locallyshown.com/industries/home-services/landscaping-services,locallyshown.com,Google Local Service Ads for Landscapers | Locally Shown,,browserbase
google local services ads for landscaping companies,103,Google LSA for Landscaping,Commercial,Paid,Google LSA,Landscaping,Service x Industry Page,High,4,https://landscapecontractormarketing.com/google-local-services-ads/,landscapecontractormarketing.com,"Google Local Services Ads for Landscape, Hardscape & Outdoor Living Contractors",,browserbase
google local services ads for landscaping companies,103,Google LSA for Landscaping,Commercial,Paid,Google LSA,Landscaping,Service x Industry Page,High,5,https://allscapesmarketing.com/local-service-ads-for-landscapers/,allscapesmarketing.com,Google Local Service Ads - All Scapes Marketing,,browserbase
google local services ads agency for landscaping companies,104,Google LSA Agency for Landscaping,Commercial,Paid,Google LSA,Landscaping,Service x Industry Page,High,1,https://www.bluecorona.com/digital-marketing/paid-media/google-local-services/landscapers/,bluecorona.com,Google Local Services Ads For Landscapers (Google Guaranteed),,browserbase
google local services ads agency for landscaping companies,104,Google LSA Agency for Landscaping,Commercial,Paid,Google LSA,Landscaping,Service x Industry Page,High,2,https://www.landscapemarketingpros.co/services/google-local-service-ads-for-landscaping/,landscapemarketingpros.co,Google Local Service Ads for Landscaping | Per-Per-Lead Ads,,browserbase
google local services ads agency for landscaping companies,104,Google LSA Agency for Landscaping,Commercial,Paid,Google LSA,Landscaping,Service x Industry Page,High,3,https://locallyshown.com/industries/home-services/landscaping-services,locallyshown.com,Google Local Service Ads for Landscapers | Locally Shown,,browserbase
google local services ads agency for landscaping companies,104,Google LSA Agency for Landscaping,Commercial,Paid,Google LSA,Landscaping,Service x Industry Page,High,4,https://www.vrdigs.com/google-local-service-ads-for-landscapers,vrdigs.com,Google Local Service Ads for Landscape Contractors | VRDigs,,browserbase
google local services ads agency for landscaping companies,104,Google LSA Agency for Landscaping,Commercial,Paid,Google LSA,Landscaping,Service x Industry Page,High,5,https://bluegridmedia.com/google-lsa-for-landscaping,bluegridmedia.com,Google LSA for Landscaping: Get More Jobs This Season,,browserbase
google local services ads for window companies,105,Google LSA for Window Companies,Commercial,Paid,Google LSA,Window Companies,Service x Industry Page,High,1,https://windowworks.digital/google-local-service-ads/,windowworks.digital,Google Local Service Ads Management | Drive Qualified Local Leads,,browserbase
google local services ads for window companies,105,Google LSA for Window Companies,Commercial,Paid,Google LSA,Window Companies,Service x Industry Page,High,2,https://accelerateyourmarketing.com/services/google-local-service-ads/window-repair/,accelerateyourmarketing.com,Google Local Service Ads (LSA) For Window Repair Companies - AccelerateYourMarketing.com,,browserbase
google local services ads for window companies,105,Google LSA for Window Companies,Commercial,Paid,Google LSA,Window Companies,Service x Industry Page,High,3,https://www.glassmamamarketing.com/services/google-local-service-ads,glassmamamarketing.com,Google Local Service Ads for Glaziers | Glass Mama Marketing,,browserbase
google local services ads for window companies,105,Google LSA for Window Companies,Commercial,Paid,Google LSA,Window Companies,Service x Industry Page,High,4,https://windowworks.digital/why-local-service-ads-are-essential-for-your-window-door-business/,windowworks.digital,Unlock More Qualified Leads: Why Local Service Ads are Essential for Your Window & Door Business,,browserbase
google local services ads for window companies,105,Google LSA for Window Companies,Commercial,Paid,Google LSA,Window Companies,Service x Industry Page,High,5,https://www.homeservicedirect.net/window-door-leads/,homeservicedirect.net,Window & Door Leads | Exclusive Window Replacement Lead Generation,,browserbase
google local services ads agency for window companies,106,Google LSA Agency for Window Companies,Commercial,Paid,Google LSA,Window Companies,Service x Industry Page,High,1,https://www.glassmamamarketing.com/services/google-local-service-ads,glassmamamarketing.com,Google Local Service Ads for Glaziers | Glass Mama Marketing,,browserbase
google local services ads agency for window companies,106,Google LSA Agency for Window Companies,Commercial,Paid,Google LSA,Window Companies,Service x Industry Page,High,2,https://12amagency.com/window-replacement-company-marketing/,12amagency.com,Window Replacement Company Marketing: Converting Local Homeowners into High-Value Leads | 12AM Agency,,browserbase
google local services ads agency for window companies,106,Google LSA Agency for Window Companies,Commercial,Paid,Google LSA,Window Companies,Service x Industry Page,High,3,https://www.homeservicedirect.net/window-door-leads/,homeservicedirect.net,Window & Door Leads | Exclusive Window Replacement Lead Generation,,browserbase
google local services ads agency for window companies,106,Google LSA Agency for Window Companies,Commercial,Paid,Google LSA,Window Companies,Service x Industry Page,High,4,https://leadstoproject.com/window-install-and-replacement-contractors/,leadstoproject.com,Window Install and Replacement Contractor Marketing & Leads | LeadsToProject,,browserbase
google local services ads agency for window companies,106,Google LSA Agency for Window Companies,Commercial,Paid,Google LSA,Window Companies,Service x Industry Page,High,5,https://accelerateyourmarketing.com/services/google-local-service-ads/window-repair/,accelerateyourmarketing.com,Google Local Service Ads (LSA) For Window Repair Companies - AccelerateYourMarketing.com,,browserbase
google local services ads for smart home installers,107,Google LSA for Smart Home Installers,Commercial,Paid,Google LSA,Smart Home Installers,Service x Industry Page,High,1,https://business.google.com/us/ad-solutions/local-service-ads/,business.google.com,Reach Local Customers with Local Service Ads - Google Ads,,browserbase
google local services ads for smart home installers,107,Google LSA for Smart Home Installers,Commercial,Paid,Google LSA,Smart Home Installers,Service x Industry Page,High,2,https://pixelvault.io/google-ads-vs-google-local-services-ads-which-is-better-for-custom-integrators/,pixelvault.io,Google Ads vs. Google Local Services Ads: Which Is Better for Custom Integrators? - Pixel Vault,,browserbase
google local services ads for smart home installers,107,Google LSA for Smart Home Installers,Commercial,Paid,Google LSA,Smart Home Installers,Service x Industry Page,High,3,https://pipelineon.com/blog/google-local-service-ads-for-contractors/,pipelineon.com,"Google Local Service Ads for Contractors: How to Set Up, Rank, and Get More Leads | Pipeline On",,browserbase
google local services ads for smart home installers,107,Google LSA for Smart Home Installers,Commercial,Paid,Google LSA,Smart Home Installers,Service x Industry Page,High,4,https://support.google.com/localservices/answer/6224841?hl=en-GB%3D&co=GENIE.CountryCode%3DBE,support.google.com,Getting started with Local Services Ads - Belgium - Local Services Help,,browserbase
google local services ads for smart home installers,107,Google LSA for Smart Home Installers,Commercial,Paid,Google LSA,Smart Home Installers,Service x Industry Page,High,5,https://clicksgeek.com/google-ads-for-smart-home-installers/,clicksgeek.com,Google Ads for Smart Home Installers | Clicks Geek,,browserbase
google local services ads agency for smart home installers,108,Google LSA Agency for Smart Home Installers,Commercial,Paid,Google LSA,Smart Home Installers,Service x Industry Page,High,1,https://clicksgeek.com/industries/smart-home-installers/,clicksgeek.com,Smart Home Installers Marketing | Clicks Geek,,browserbase
google local services ads agency for smart home installers,108,Google LSA Agency for Smart Home Installers,Commercial,Paid,Google LSA,Smart Home Installers,Service x Industry Page,High,2,https://clicksgeek.com/google-ads-for-smart-home-installers/,clicksgeek.com,Google Ads for Smart Home Installers | Clicks Geek,,browserbase
google local services ads agency for smart home installers,108,Google LSA Agency for Smart Home Installers,Commercial,Paid,Google LSA,Smart Home Installers,Service x Industry Page,High,3,https://emetdigital.com/industries/home-services/home-remodeling/smart-home/,emetdigital.com,Smart Home Remodeling Marketing Services | Emet Digital®,,browserbase
google local services ads agency for smart home installers,108,Google LSA Agency for Smart Home Installers,Commercial,Paid,Google LSA,Smart Home Installers,Service x Industry Page,High,4,https://builtrightdigital.com/google-ads/local-service-ads/,builtrightdigital.com,Google Local Service Ads Agency For Home Services,,browserbase
google local services ads agency for smart home installers,108,Google LSA Agency for Smart Home Installers,Commercial,Paid,Google LSA,Smart Home Installers,Service x Industry Page,High,5,https://www.local-services.marketing/local-services-ads-for-home-services/,local-services.marketing,Local Service ads Home Services- Google Partner Agency,,browserbase
google local services ads for contractors,109,Google LSA for Contractors,Commercial,Paid,Google LSA,Contractors,Service x Industry Page,High,1,https://business.google.com/us/ad-solutions/local-service-ads/,business.google.com,Reach Local Customers with Local Service Ads - Google Ads,,browserbase
google local services ads for contractors,109,Google LSA for Contractors,Commercial,Paid,Google LSA,Contractors,Service x Industry Page,High,2,https://support.google.com/localservices/answer/6224841?hl=en-GB&co=GENIE.CountryCode%3DUS,support.google.com,Getting started with Local Services Ads - United States - Local Services Help,,browserbase
google local services ads for contractors,109,Google LSA for Contractors,Commercial,Paid,Google LSA,Contractors,Service x Industry Page,High,3,https://localbizguru.com/blog/google-local-service-ads-for-contractors/,localbizguru.com,Google Local Service Ads For Contractors: The Complete 2026 Guide | LocalBizGuru,,browserbase
google local services ads for contractors,109,Google LSA for Contractors,Commercial,Paid,Google LSA,Contractors,Service x Industry Page,High,4,https://www.wordstream.com/blog/google-local-services-ads,wordstream.com,The Ultimate Guide to Google's Local Service Ads,,browserbase
google local services ads for contractors,109,Google LSA for Contractors,Commercial,Paid,Google LSA,Contractors,Service x Industry Page,High,5,https://support.google.com/localservices/answer/6230381?hl=En,support.google.com,How providers qualify for Local Services Ads - Local Services Help,,browserbase
google local services ads agency for contractors,110,Google LSA Agency for Contractors,Commercial,Paid,Google LSA,Contractors,Service x Industry Page,High,1,https://dgagency.co/services/google-local-service-ads,dgagency.co,Google LSA Management for Home Service Contractors | DG Agency,,browserbase
google local services ads agency for contractors,110,Google LSA Agency for Contractors,Commercial,Paid,Google LSA,Contractors,Service x Industry Page,High,2,https://builtrightdigital.com/google-ads/local-service-ads/,builtrightdigital.com,Google Local Service Ads Agency For Home Services,,browserbase
google local services ads agency for contractors,110,Google LSA Agency for Contractors,Commercial,Paid,Google LSA,Contractors,Service x Industry Page,High,3,https://bestcontractormarketing.com/local-service-ads/,bestcontractormarketing.com,Local Services Ads (LSA) Management | Google Guaranteed Experts,,browserbase
google local services ads agency for contractors,110,Google LSA Agency for Contractors,Commercial,Paid,Google LSA,Contractors,Service x Industry Page,High,4,https://valpoagency.com/local-service-ads/,valpoagency.com,Local Service Ads (LSAs) for Contractors | Pay-Per-Lead Google Ads,,browserbase
google local services ads agency for contractors,110,Google LSA Agency for Contractors,Commercial,Paid,Google LSA,Contractors,Service x Industry Page,High,5,https://www.allcontractor.com/services/google-local-service-ads,allcontractor.com,Google Local Services Ads | All Contractor,,browserbase
google local services ads for med spas,111,Google LSA for Med Spas,Commercial,Paid,Google LSA,Med Spas,Service x Industry Page,High,1,https://www.reduxlabs.com/medspa-google-lsa-leads-2025/,reduxlabs.com,How to Get More MedSpa Leads with Google LSA in 2025 | Redux Labs,,browserbase
google local services ads for med spas,111,Google LSA for Med Spas,Commercial,Paid,Google LSA,Med Spas,Service x Industry Page,High,2,https://business.google.com/us/ad-solutions/local-service-ads/,business.google.com,Reach Local Customers with Local Service Ads - Google Ads,,browserbase
google local services ads for med spas,111,Google LSA for Med Spas,Commercial,Paid,Google LSA,Med Spas,Service x Industry Page,High,3,https://keygrow.co/industries/healthcare/med-spa/ppc,keygrow.co,Google Ads for Med Spas | Med Spa PPC Services That Deliver Clients,,browserbase
google local services ads for med spas,111,Google LSA for Med Spas,Commercial,Paid,Google LSA,Med Spas,Service x Industry Page,High,4,https://clinicgrower.com/google-ads-for-med-spas/,clinicgrower.com,"Google Ads for Med Spas: Setup, Strategy & Optimization Guide (2025)",,browserbase
google local services ads for med spas,111,Google LSA for Med Spas,Commercial,Paid,Google LSA,Med Spas,Service x Industry Page,High,5,https://yoyofumedia.com/google-ads-for-med-spas/,yoyofumedia.com,Google Ads for Med Spas - Step-by-Step Guide on How to Increase Patient Volume and Revenue for Medical Spas - YoYoFuMedia,,browserbase
google local services ads agency for med spas,112,Google LSA Agency for Med Spas,Commercial,Paid,Google LSA,Med Spas,Service x Industry Page,High,1,https://www.reduxlabs.com/medspa-google-lsa-leads-2025/,reduxlabs.com,How to Get More MedSpa Leads with Google LSA in 2025 | Redux Labs,,browserbase
google local services ads agency for med spas,112,Google LSA Agency for Med Spas,Commercial,Paid,Google LSA,Med Spas,Service x Industry Page,High,2,https://aestheticmarketing.net/solutions/google-ads-pay-per-click-management/,aestheticmarketing.net,"Google Ads for Medspas, Studios & Clinics | Pay-Per Click Management",,browserbase
google local services ads agency for med spas,112,Google LSA Agency for Med Spas,Commercial,Paid,Google LSA,Med Spas,Service x Industry Page,High,3,https://adjetmarketing.com/med-spa-marketing/,adjetmarketing.com,Med Spa Marketing Agency | Americas Med Spa Google Partner | Adjet Marketing,,browserbase
google local services ads agency for med spas,112,Google LSA Agency for Med Spas,Commercial,Paid,Google LSA,Med Spas,Service x Industry Page,High,4,https://managedmedspa.com/services/digital-marketing-med-spas/med-spa-google-ads/,managedmedspa.com,Google Ads for Med Spas (PPC) | Managed MedSpa,,browserbase
google local services ads agency for med spas,112,Google LSA Agency for Med Spas,Commercial,Paid,Google LSA,Med Spas,Service x Industry Page,High,5,https://makeitmarketable.net/marketing-services/google-ads/,makeitmarketable.net,"Google Ads for Med Spas, Hair Transplant, & Longevity Clinics",,browserbase
google local services ads for B2B service companies,113,Google LSA for B2B Services,Commercial,Paid,Google LSA,B2B Services,Service x Industry Page,High,1,https://oneims.com/blog/google-local-services-ads,oneims.com,Google Local Services Ads: Tips for B2B Companies | OneIMS,,browserbase
google local services ads for B2B service companies,113,Google LSA for B2B Services,Commercial,Paid,Google LSA,B2B Services,Service x Industry Page,High,2,https://support.google.com/localservices/answer/6224841?hl=en-GB&co=GENIE.CountryCode%3DUS,support.google.com,Getting started with Local Services Ads - United States - Local Services Help,,browserbase
google local services ads for B2B service companies,113,Google LSA for B2B Services,Commercial,Paid,Google LSA,B2B Services,Service x Industry Page,High,3,https://www.wordstream.com/blog/google-local-services-ads,wordstream.com,The Ultimate Guide to Google's Local Service Ads,,browserbase
google local services ads for B2B service companies,113,Google LSA for B2B Services,Commercial,Paid,Google LSA,B2B Services,Service x Industry Page,High,4,https://business.google.com/us/ad-solutions/local-service-ads/,business.google.com,Reach Local Customers with Local Service Ads - Google Ads,,browserbase
google local services ads for B2B service companies,113,Google LSA for B2B Services,Commercial,Paid,Google LSA,B2B Services,Service x Industry Page,High,5,https://business.google.com/us/resources/articles/build-online-presence-with-local-services-ads/,business.google.com,How to grow your business with Local Services Ads - Google Ads,,browserbase
google local services ads agency for B2B service companies,114,Google LSA Agency for B2B Services,Commercial,Paid,Google LSA,B2B Services,Service x Industry Page,High,1,https://www.local-services.marketing/,local-services.marketing,Local Service Ads Marketing Agency - Local Services Ads Experts,,browserbase
google local services ads agency for B2B service companies,114,Google LSA Agency for B2B Services,Commercial,Paid,Google LSA,B2B Services,Service x Industry Page,High,2,https://www.1digitalagency.com/google-local-services-optimization/,1digitalagency.com,Google Local Services Ads Management Since 2012 | 1Digital®,,browserbase
google local services ads agency for B2B service companies,114,Google LSA Agency for B2B Services,Commercial,Paid,Google LSA,B2B Services,Service x Industry Page,High,3,https://theseedlessagency.com/services/sem-services/google-local-services-ads/,theseedlessagency.com,Google Local Services Ads - The Seedless Agency,,browserbase
google local services ads agency for B2B service companies,114,Google LSA Agency for B2B Services,Commercial,Paid,Google LSA,B2B Services,Service x Industry Page,High,4,https://frostbitemarketing.com/local-services-ads/,frostbitemarketing.com,Google Local Services Ads (LSA) Management | Frostbite,,browserbase
google local services ads agency for B2B service companies,114,Google LSA Agency for B2B Services,Commercial,Paid,Google LSA,B2B Services,Service x Industry Page,High,5,https://weare86.com/services/google-local-service-ads/,weare86.com,Google Local Service Ads Management | Get Google Guaranteed | 86 Agency,,browserbase
google local services ads for education and training organizations,115,Google LSA for Education & Training,Commercial,Paid,Google LSA,Education & Training,Service x Industry Page,High,1,https://business.google.com/us/ad-solutions/local-service-ads/,business.google.com,Reach Local Customers with Local Service Ads - Google Ads,,browserbase
google local services ads for education and training organizations,115,Google LSA for Education & Training,Commercial,Paid,Google LSA,Education & Training,Service x Industry Page,High,2,https://business.google.com/us/resources/articles/build-online-presence-with-local-services-ads/,business.google.com,How to grow your business with Local Services Ads - Google Ads,,browserbase
google local services ads for education and training organizations,115,Google LSA for Education & Training,Commercial,Paid,Google LSA,Education & Training,Service x Industry Page,High,3,https://support.google.com/localservices/answer/6224841?co=GENIE.CountryCode%3DUS&hl=en,support.google.com,Getting started with Local Services Ads - United States - Local Services Help,,browserbase
google local services ads for education and training organizations,115,Google LSA for Education & Training,Commercial,Paid,Google LSA,Education & Training,Service x Industry Page,High,4,https://support.google.com/localservices/answer/6230381?hl=En,support.google.com,How providers qualify for Local Services Ads - Local Services Help,,browserbase
google local services ads for education and training organizations,115,Google LSA for Education & Training,Commercial,Paid,Google LSA,Education & Training,Service x Industry Page,High,5,https://bullseyeinternet.com/google-local-services-ads-for-education-services/,bullseyeinternet.com,Expert Guide to Education Services Google Local Ads | Bullseye,,browserbase
google local services ads agency for education and training organizations,116,Google LSA Agency for Education & Training,Commercial,Paid,Google LSA,Education & Training,Service x Industry Page,High,1,https://www.1digitalagency.com/google-local-services-optimization/,1digitalagency.com,Google Local Services Ads Management Since 2012 | 1Digital®,,browserbase
google local services ads agency for education and training organizations,116,Google LSA Agency for Education & Training,Commercial,Paid,Google LSA,Education & Training,Service x Industry Page,High,2,https://locallyshown.com/industries/education-training/tutor,locallyshown.com,Google Local Service Ads for Tutors | Locally Shown,,browserbase
google local services ads agency for education and training organizations,116,Google LSA Agency for Education & Training,Commercial,Paid,Google LSA,Education & Training,Service x Industry Page,High,3,https://accelerateyourmarketing.com/services/google-local-service-ads/tutor/,accelerateyourmarketing.com,Google Local Service Ads (LSA) For Tutor Companies - AccelerateYourMarketing.com,,browserbase
google local services ads agency for education and training organizations,116,Google LSA Agency for Education & Training,Commercial,Paid,Google LSA,Education & Training,Service x Industry Page,High,4,https://locallyshown.com/industries/education-training/preschool,locallyshown.com,Google Local Service Ads for Preschools | Locally Shown,,browserbase
google local services ads agency for education and training organizations,116,Google LSA Agency for Education & Training,Commercial,Paid,Google LSA,Education & Training,Service x Industry Page,High,5,https://bullseyeinternet.com/google-local-services-ads-for-education-services/,bullseyeinternet.com,Expert Guide to Education Services Google Local Ads | Bullseye,,browserbase
tiktok ads for auto detailing shops,117,TikTok Ads for Auto Detailing,Commercial,Paid,TikTok Ads,Auto Detailing,Service x Industry Page,High,1,https://fluxnote.io/guides/tiktok-car-detailing-strategy,fluxnote.io,TikTok Car Detailing: [2026] Strategy,,browserbase
tiktok ads for auto detailing shops,117,TikTok Ads for Auto Detailing,Commercial,Paid,TikTok Ads,Auto Detailing,Service x Industry Page,High,2,https://brandinglabco.com/blogs/our-latest-updates/tiktok-ads-the-potential-of-advertising-for-auto-detailing-businesses,brandinglabco.com,TikTok Ads: The Potential of Advertising for Auto Detailing Businesses – Branding Lab Co,,browserbase
tiktok ads for auto detailing shops,117,TikTok Ads for Auto Detailing,Commercial,Paid,TikTok Ads,Auto Detailing,Service x Industry Page,High,3,https://trustedlocalauto.com/blog/tiktok-ads-auto-repair-shops-short-repair-videos-drive-bookings,trustedlocalauto.com,TikTok Ads for Auto Repair Shops: Why Short Repair Videos Drive Bookings,,browserbase
tiktok ads for auto detailing shops,117,TikTok Ads for Auto Detailing,Commercial,Paid,TikTok Ads,Auto Detailing,Service x Industry Page,High,4,https://nerdbot.com/2025/12/31/tiktok-ads-for-car-dealerships-in-2025-from-hook-to-test-drive/,nerdbot.com,TikTok Ads For Car Dealerships In 2025: From Hook To Test Drive,,browserbase
tiktok ads for auto detailing shops,117,TikTok Ads for Auto Detailing,Commercial,Paid,TikTok Ads,Auto Detailing,Service x Industry Page,High,5,https://www.detailersmovement.com/how-to-use-facebook-ads-to-grow-your-auto-detailing-ppf-tint-or-wrap-business/,detailersmovement.com,"How to Use Facebook Ads to Grow Your Auto Detailing, PPF, Tint, or Wrap Business",,browserbase
tiktok ads agency for auto detailing shops,118,TikTok Ads Agency for Auto Detailing,Commercial,Paid,TikTok Ads,Auto Detailing,Service x Industry Page,High,1,https://typhondigital.net/,typhondigital.net,Auto Detailing Ads Agency - TyphonDigital.net,,browserbase
tiktok ads agency for auto detailing shops,118,TikTok Ads Agency for Auto Detailing,Commercial,Paid,TikTok Ads,Auto Detailing,Service x Industry Page,High,2,https://dfadigital.com/,dfadigital.com,Car Detail Facebook Ads Agency - dfadigital.com,,browserbase
tiktok ads agency for auto detailing shops,118,TikTok Ads Agency for Auto Detailing,Commercial,Paid,TikTok Ads,Auto Detailing,Service x Industry Page,High,3,https://clicksgeek.com/industries/auto-detailing/,clicksgeek.com,Auto Detailing Shops Marketing | Clicks Geek,,browserbase
tiktok ads agency for auto detailing shops,118,TikTok Ads Agency for Auto Detailing,Commercial,Paid,TikTok Ads,Auto Detailing,Service x Industry Page,High,4,https://taraimarketing.com.au/,taraimarketing.com.au,Car Detailing Marketing Agency | Facebook Ads for Car Detailers | Tarai Marketing,,browserbase
tiktok ads agency for auto detailing shops,118,TikTok Ads Agency for Auto Detailing,Commercial,Paid,TikTok Ads,Auto Detailing,Service x Industry Page,High,5,https://motorgrowth.com/meta-ads/,motorgrowth.com,Meta Ads for Auto Detailing Businesses | Motorgrowth,,browserbase
tiktok ads for auto styling shops,119,TikTok Ads for Auto Styling,Commercial,Paid,TikTok Ads,Auto Styling,Service x Industry Page,High,1,https://tikadtools.com/blog/tiktok-ads-automotive/,tikadtools.com,TikTok Ads for Automotive Brands: Proven Strategies to Target Car Buyers - TikAdTools,,browserbase
tiktok ads for auto styling shops,119,TikTok Ads for Auto Styling,Commercial,Paid,TikTok Ads,Auto Styling,Service x Industry Page,High,2,https://glo3d.com/tiktok-automotive-ads/,glo3d.com,TikTok Automotive Ads,,browserbase
tiktok ads for auto styling shops,119,TikTok Ads for Auto Styling,Commercial,Paid,TikTok Ads,Auto Styling,Service x Industry Page,High,3,https://tkmkt.com/tiktok-advertising/,tkmkt.com,TikTok Automotive Ads Case Study | TurnKey Marketing,,browserbase
tiktok ads for auto styling shops,119,TikTok Ads for Auto Styling,Commercial,Paid,TikTok Ads,Auto Styling,Service x Industry Page,High,4,https://tiktokfordealers.aderaco.com/,tiktokfordealers.aderaco.com,TikTok 4 Dealers,,browserbase
tiktok ads for auto styling shops,119,TikTok Ads for Auto Styling,Commercial,Paid,TikTok Ads,Auto Styling,Service x Industry Page,High,5,https://blog.aetautomotive.com/tiktok-ads-for-vehicles,blog.aetautomotive.com,We tried Dynamic Showcase Ads for Dealership Inventory on TikTok. Here's How it Went...,,browserbase
tiktok ads agency for auto styling shops,120,TikTok Ads Agency for Auto Styling,Commercial,Paid,TikTok Ads,Auto Styling,Service x Industry Page,High,1,https://autostylemarketing.com/services/restyler-digital-advertising/,autostylemarketing.com,Restyler Digital Advertising | AutoStyle Marketing,,browserbase
tiktok ads agency for auto styling shops,120,TikTok Ads Agency for Auto Styling,Commercial,Paid,TikTok Ads,Auto Styling,Service x Industry Page,High,2,https://smedia.io/tiktok-aia/,smedia.io,TikTok Automotive Ads - sMedia,,browserbase
tiktok ads agency for auto styling shops,120,TikTok Ads Agency for Auto Styling,Commercial,Paid,TikTok Ads,Auto Styling,Service x Industry Page,High,3,https://www.wiredmedia.co.uk/digital-marketing-for-car-dealerships/tiktok/,wiredmedia.co.uk,TikTok Ads Agency for Car Dealers | TikToc Ads Management For Car Dealerships,,browserbase
tiktok ads agency for auto styling shops,120,TikTok Ads Agency for Auto Styling,Commercial,Paid,TikTok Ads,Auto Styling,Service x Industry Page,High,4,https://dealeromg.com/tiktok-automotive-ads/,dealeromg.com,TikTok Automotive Ads For Dealers | Drive Engagement With Dealer OMG,,browserbase
tiktok ads agency for auto styling shops,120,TikTok Ads Agency for Auto Styling,Commercial,Paid,TikTok Ads,Auto Styling,Service x Industry Page,High,5,https://www.dealersunited.com/solutions/tiktok-automotive-ads/,dealersunited.com,TikTok Automotive Ads Management for Car Dealers - Dealers United,,browserbase
tiktok ads for roofing companies,121,TikTok Ads for Roofing,Commercial,Paid,TikTok Ads,Roofing,Service x Industry Page,High,1,https://contractormarketingpros.net/blog/the-tiktok-ads-guide-for-roofers/,contractormarketingpros.net,TikTok Ads For Roofing Companies | Generate TikTok Ad Leads,,browserbase
tiktok ads for roofing companies,121,TikTok Ads for Roofing,Commercial,Paid,TikTok Ads,Roofing,Service x Industry Page,High,2,https://marketwiz.ai/how-to-sell-more-roofing-services-on-tiktok-viral-marketing-strategies/,marketwiz.ai,How to Sell More Roofing Services on TikTok: Viral Marketing Strategies,,browserbase
tiktok ads for roofing companies,121,TikTok Ads for Roofing,Commercial,Paid,TikTok Ads,Roofing,Service x Industry Page,High,3,https://www.wiredmedia.co.uk/digital-marketing-roofing-company/tiktok/,wiredmedia.co.uk,TikTok Ads Agency for Roofing Companies | TikToc Ads Management For Roofers,,browserbase
tiktok ads for roofing companies,121,TikTok Ads for Roofing,Commercial,Paid,TikTok Ads,Roofing,Service x Industry Page,High,4,https://www.gorocketdigital.com/why-tiktok-advertising-is-cheaper-for-roofing-contractors-get-more-for-your-advertising-dollars,gorocketdigital.com,Why TikTok Advertising is Cheaper for Roofing Contractors: Get More for Your Advertising Dollars,,browserbase
tiktok ads for roofing companies,121,TikTok Ads for Roofing,Commercial,Paid,TikTok Ads,Roofing,Service x Industry Page,High,5,https://contractormarketingpros.net/blog/how-tiktok-ads-enhance-roofing-sales/,contractormarketingpros.net,How TikTok Ads Skyrocket Roofing Sales: Secrets Unveiled,,browserbase
tiktok ads agency for roofing companies,122,TikTok Ads Agency for Roofing,Commercial,Paid,TikTok Ads,Roofing,Service x Industry Page,High,1,https://www.wiredmedia.co.uk/digital-marketing-roofing-company/tiktok/,wiredmedia.co.uk,TikTok Ads Agency for Roofing Companies | TikToc Ads Management For Roofers,,browserbase
tiktok ads agency for roofing companies,122,TikTok Ads Agency for Roofing,Commercial,Paid,TikTok Ads,Roofing,Service x Industry Page,High,2,https://localcelebrityroofer.com/,localcelebrityroofer.com,Learn More,,browserbase
tiktok ads agency for roofing companies,122,TikTok Ads Agency for Roofing,Commercial,Paid,TikTok Ads,Roofing,Service x Industry Page,High,3,https://brandbooster.ai/services/tiktok-ads-agency,brandbooster.ai,TikTok Ads Agency for Contractors | BrandBooster.ai,,browserbase
tiktok ads agency for roofing companies,122,TikTok Ads Agency for Roofing,Commercial,Paid,TikTok Ads,Roofing,Service x Industry Page,High,4,https://roofersmarketingdone.com/roofing-ppc/,roofersmarketingdone.com,Roofing PPC Services - Targeted Ads for Roofing Leads | RMD,,browserbase
tiktok ads agency for roofing companies,122,TikTok Ads Agency for Roofing,Commercial,Paid,TikTok Ads,Roofing,Service x Industry Page,High,5,hashesagency.com/,,Hashes Agency LLC - Booked Jobs In 90 Days - Hashes Agency LLC,,browserbase
tiktok ads for plumbing companies,123,TikTok Ads for Plumbing,Commercial,Paid,TikTok Ads,Plumbing,Service x Industry Page,High,1,https://www.ownedandoperated.com/post/how-to-get-into-tiktok-business-ads-for-your-home-service,ownedandoperated.com,How To Get Into TikTok Business Ads For Your Home Service,,browserbase
tiktok ads for plumbing companies,123,TikTok Ads for Plumbing,Commercial,Paid,TikTok Ads,Plumbing,Service x Industry Page,High,2,https://hvacmarketingxperts.com/plumbing-social-media/,hvacmarketingxperts.com,"Plumbing Social Media Mastery 2026: Proven Tactics to Dominate Facebook, Instagram, TikTok & Double Your Service Calls",,browserbase
tiktok ads for plumbing companies,123,TikTok Ads for Plumbing,Commercial,Paid,TikTok Ads,Plumbing,Service x Industry Page,High,3,https://atomicsocial.com/tiktok-ideas-for-local-plumbers-in-scottsdale-to-build-trust/,atomicsocial.com,TikTok Ideas for Local Plumbers in Scottsdale to Build Trust,,browserbase
tiktok ads for plumbing companies,123,TikTok Ads for Plumbing,Commercial,Paid,TikTok Ads,Plumbing,Service x Industry Page,High,4,https://systemizedmedia.com/tiktok-lead-generation-home-service/,systemizedmedia.com,TikTok Lead Generation - Systemized Media,,browserbase
tiktok ads for plumbing companies,123,TikTok Ads for Plumbing,Commercial,Paid,TikTok Ads,Plumbing,Service x Industry Page,High,5,https://www.servicetitan.com/blog/plumbing-contractor-video-marketing,servicetitan.com,Plumbing Contractor Video Marketing: Complete Guide [2025],,browserbase
tiktok ads agency for plumbing companies,124,TikTok Ads Agency for Plumbing,Commercial,Paid,TikTok Ads,Plumbing,Service x Industry Page,High,1,https://systemizedmedia.com/tiktok-lead-generation-home-service/,systemizedmedia.com,TikTok Lead Generation - Systemized Media,,browserbase
tiktok ads agency for plumbing companies,124,TikTok Ads Agency for Plumbing,Commercial,Paid,TikTok Ads,Plumbing,Service x Industry Page,High,2,https://brandbooster.ai/services/tiktok-ads-agency,brandbooster.ai,TikTok Ads Agency for Contractors | BrandBooster.ai,,browserbase
tiktok ads agency for plumbing companies,124,TikTok Ads Agency for Plumbing,Commercial,Paid,TikTok Ads,Plumbing,Service x Industry Page,High,3,https://esbadvertising.com/plumbing-digital-marketing-agency/,esbadvertising.com,Plumbing Digital Marketing Agency | ESB Advertising Agency,,browserbase
tiktok ads agency for plumbing companies,124,TikTok Ads Agency for Plumbing,Commercial,Paid,TikTok Ads,Plumbing,Service x Industry Page,High,4,https://atomicsocial.com/tiktok-ideas-for-local-plumbers-in-scottsdale-to-build-trust/,atomicsocial.com,TikTok Ideas for Local Plumbers in Scottsdale to Build Trust,,browserbase
tiktok ads agency for plumbing companies,124,TikTok Ads Agency for Plumbing,Commercial,Paid,TikTok Ads,Plumbing,Service x Industry Page,High,5,https://rescuemarketing.co/home-services/plumber-marketing/social-media-for-plumbers/,rescuemarketing.co,Social Media For Plumbers | Plumber Marketing,,browserbase
tiktok ads for pest control companies,125,TikTok Ads for Pest Control,Commercial,Paid,TikTok Ads,Pest Control,Service x Industry Page,High,1,https://www.wiredmedia.co.uk/digital-marketing-for-pest-control-companies/tiktok/,wiredmedia.co.uk,TikTok Ads Agency for Pest Control Companies | TikToc Ads Management For Pest Control,,browserbase
tiktok ads for pest control companies,125,TikTok Ads for Pest Control,Commercial,Paid,TikTok Ads,Pest Control,Service x Industry Page,High,2,https://www.vaultcommunications.com/work/taking-over-bug-tiktok-by-swarm/,vaultcommunications.com,National Pest Management Association Case Study | Vault Communications,,browserbase
tiktok ads for pest control companies,125,TikTok Ads for Pest Control,Commercial,Paid,TikTok Ads,Pest Control,Service x Industry Page,High,3,https://www.partipost.com/resources-guides-singapore/an-sme-series-how-a-team-pest-control-leveraged-the-power-of-tiktok-with-nano-influencers,partipost.com,Make Your FMCG Brand Stand Out Using Influencers in Singapore - Partipost,,browserbase
tiktok ads for pest control companies,125,TikTok Ads for Pest Control,Commercial,Paid,TikTok Ads,Pest Control,Service x Industry Page,High,4,https://www.mypmp.net/try-these-3-social-media-tips-in-2024/,mypmp.net,Try these 3 social media tips in 2024 | Pest Management Professional,,browserbase
tiktok ads for pest control companies,125,TikTok Ads for Pest Control,Commercial,Paid,TikTok Ads,Pest Control,Service x Industry Page,High,5,https://www.vivocreative.net/blog/local-pest-control-company-goes-viral-over-fruit-flies,vivocreative.net,Local Pest Control Company Goes VIRAL Over Fruit Flies! — VIVO Creative - Viral Video Marketing Agency,,browserbase
tiktok ads agency for pest control companies,126,TikTok Ads Agency for Pest Control,Commercial,Paid,TikTok Ads,Pest Control,Service x Industry Page,High,1,https://www.wiredmedia.co.uk/digital-marketing-for-pest-control-companies/tiktok/,wiredmedia.co.uk,TikTok Ads Agency for Pest Control Companies | TikToc Ads Management For Pest Control,,browserbase
tiktok ads agency for pest control companies,126,TikTok Ads Agency for Pest Control,Commercial,Paid,TikTok Ads,Pest Control,Service x Industry Page,High,2,https://resultcalls.com/blog/how-to-use-social-media-marketing-to-get-pest-control-leads,resultcalls.com,How to Get Pest Control Leads From Social Media Marketing,,browserbase
tiktok ads agency for pest control companies,126,TikTok Ads Agency for Pest Control,Commercial,Paid,TikTok Ads,Pest Control,Service x Industry Page,High,3,https://www.vaultcommunications.com/work/taking-over-bug-tiktok-by-swarm/,vaultcommunications.com,National Pest Management Association Case Study | Vault Communications,,browserbase
tiktok ads agency for pest control companies,126,TikTok Ads Agency for Pest Control,Commercial,Paid,TikTok Ads,Pest Control,Service x Industry Page,High,4,https://adtargeting.io/industry/ppc-for-pest-control,adtargeting.io,PPC for Pest Control - Essential Tips & Platforms to Increase Sales,,browserbase
tiktok ads agency for pest control companies,126,TikTok Ads Agency for Pest Control,Commercial,Paid,TikTok Ads,Pest Control,Service x Industry Page,High,5,https://www.partipost.com/resources-guides-singapore/an-sme-series-how-a-team-pest-control-leveraged-the-power-of-tiktok-with-nano-influencers,partipost.com,Make Your FMCG Brand Stand Out Using Influencers in Singapore - Partipost,,browserbase
tiktok ads for landscaping companies,127,TikTok Ads for Landscaping,Commercial,Paid,TikTok Ads,Landscaping,Service x Industry Page,High,1,https://yoyofumedia.com/tiktok-ads-for-landscapers/,yoyofumedia.com,TikTok Ads For Landscapers: Marketing Strategy Guide To Grow Your Landscaping Business - YoYoFuMedia,,browserbase
tiktok ads for landscaping companies,127,TikTok Ads for Landscaping,Commercial,Paid,TikTok Ads,Landscaping,Service x Industry Page,High,2,https://lawncaremarketing180.net/tiktok-ads-management/,lawncaremarketing180.net,TikTok Ads For Lawn Care Companies.,,browserbase
tiktok ads for landscaping companies,127,TikTok Ads for Landscaping,Commercial,Paid,TikTok Ads,Landscaping,Service x Industry Page,High,3,https://www.truefuturemedia.com/articles/tiktok-for-landscapers,truefuturemedia.com,TikTok for Landscapers: How to Use TikTok Daily to Grow Your Business — TrueFuture Media,,browserbase
tiktok ads for landscaping companies,127,TikTok Ads for Landscaping,Commercial,Paid,TikTok Ads,Landscaping,Service x Industry Page,High,4,https://www.wiredmedia.co.uk/digital-marketing-for-landscaping-services/tiktok/,wiredmedia.co.uk,TikTok Ads Agency for Landscaping services | TikToc Ads Management For Landscaping Companies,,browserbase
tiktok ads for landscaping companies,127,TikTok Ads for Landscaping,Commercial,Paid,TikTok Ads,Landscaping,Service x Industry Page,High,5,https://strategicvisibility.net/tiktok-marketing-for-hardscape-and-outdoor-living-businesses/,strategicvisibility.net,TikTok marketing for hardscape and outdoor living businesses,,browserbase
tiktok ads agency for landscaping companies,128,TikTok Ads Agency for Landscaping,Commercial,Paid,TikTok Ads,Landscaping,Service x Industry Page,High,1,https://www.wiredmedia.co.uk/digital-marketing-for-landscaping-services/tiktok/,wiredmedia.co.uk,TikTok Ads Agency for Landscaping services | TikToc Ads Management For Landscaping Companies,,browserbase
tiktok ads agency for landscaping companies,128,TikTok Ads Agency for Landscaping,Commercial,Paid,TikTok Ads,Landscaping,Service x Industry Page,High,2,https://marketing180.net/marketing-services/tiktok-ads-management-2/in-feed-ads/,marketing180.net,In feed ads,,browserbase
tiktok ads agency for landscaping companies,128,TikTok Ads Agency for Landscaping,Commercial,Paid,TikTok Ads,Landscaping,Service x Industry Page,High,3,https://brandbooster.ai/services/tiktok-ads-agency,brandbooster.ai,TikTok Ads Agency for Contractors | BrandBooster.ai,,browserbase
tiktok ads agency for landscaping companies,128,TikTok Ads Agency for Landscaping,Commercial,Paid,TikTok Ads,Landscaping,Service x Industry Page,High,4,https://yoyofumedia.com/tiktok-ads-for-landscapers/,yoyofumedia.com,TikTok Ads For Landscapers: Marketing Strategy Guide To Grow Your Landscaping Business - YoYoFuMedia,,browserbase
tiktok ads agency for landscaping companies,128,TikTok Ads Agency for Landscaping,Commercial,Paid,TikTok Ads,Landscaping,Service x Industry Page,High,5,https://riseonlineads.com/services/tiktok-ads/,riseonlineads.com,TikTok Ads for Land Clearing Companies | Rise Online Advertising,,browserbase
tiktok ads for window companies,129,TikTok Ads for Window Companies,Commercial,Paid,TikTok Ads,Window Companies,Service x Industry Page,High,1,https://www.wiredmedia.co.uk/digital-marketing-for-window-installation-companies/tiktok/,wiredmedia.co.uk,TikTok Ads Agency for Window Installation Companies | TikToc Ads Management For Window Installation,,browserbase
tiktok ads for window companies,129,TikTok Ads for Window Companies,Commercial,Paid,TikTok Ads,Window Companies,Service x Industry Page,High,2,https://leadpronto.co.uk/case-studies/fitter-windows/,leadpronto.co.uk,Fitter Windows | Lead Pronto Ltd,,browserbase
tiktok ads for window companies,129,TikTok Ads for Window Companies,Commercial,Paid,TikTok Ads,Window Companies,Service x Industry Page,High,3,https://promo.rbabestoffer.com/tiktok/pro-install/,promo.rbabestoffer.com,Pro Install - Renewal by Andersen,,browserbase
tiktok ads for window companies,129,TikTok Ads for Window Companies,Commercial,Paid,TikTok Ads,Window Companies,Service x Industry Page,High,4,https://www.homeservicedirect.net/facebook-ads-for-window-companies/,homeservicedirect.net,Facebook Ads for Window Replacement Companies in 2026,,browserbase
tiktok ads for window companies,129,TikTok Ads for Window Companies,Commercial,Paid,TikTok Ads,Window Companies,Service x Industry Page,High,5,https://www.tiktok.com/@monteith.windows,tiktok.com,Monteith Windows and Doors (@monteith.windows) | TikTok,,browserbase
tiktok ads agency for window companies,130,TikTok Ads Agency for Window Companies,Commercial,Paid,TikTok Ads,Window Companies,Service x Industry Page,High,1,https://www.wiredmedia.co.uk/digital-marketing-for-window-installation-companies/tiktok/,wiredmedia.co.uk,TikTok Ads Agency for Window Installation Companies | TikToc Ads Management For Window Installation,,browserbase
tiktok ads agency for window companies,130,TikTok Ads Agency for Window Companies,Commercial,Paid,TikTok Ads,Window Companies,Service x Industry Page,High,2,https://windowgrowth.co/services/meta-ads/,windowgrowth.co,Meta Ads for Window & Glass Replacement Companies | Window Growth Co,,browserbase
tiktok ads agency for window companies,130,TikTok Ads Agency for Window Companies,Commercial,Paid,TikTok Ads,Window Companies,Service x Industry Page,High,3,https://www.cmglocalsolutions.com/windows,cmglocalsolutions.com,Expert Marketing for Your Window Business | CMG Local Solutions,,browserbase
tiktok ads agency for window companies,130,TikTok Ads Agency for Window Companies,Commercial,Paid,TikTok Ads,Window Companies,Service x Industry Page,High,4,https://www.imaginuity.com/customers/home-services/windows-doors/,imaginuity.com,Performance Marketing for Window & Door Companies | Imaginuity,,browserbase
tiktok ads agency for window companies,130,TikTok Ads Agency for Window Companies,Commercial,Paid,TikTok Ads,Window Companies,Service x Industry Page,High,5,https://leads4build.com/digital-marketing/door-windows,leads4build.com,"Window & Door Marketing Agency | SEO, PPC, Lead Generation Services",,browserbase
tiktok ads for smart home installers,131,TikTok Ads for Smart Home Installers,Commercial,Paid,TikTok Ads,Smart Home Installers,Service x Industry Page,High,1,https://www.ownedandoperated.com/post/how-to-get-into-tiktok-business-ads-for-your-home-service,ownedandoperated.com,How To Get Into TikTok Business Ads For Your Home Service,,browserbase
tiktok ads for smart home installers,131,TikTok Ads for Smart Home Installers,Commercial,Paid,TikTok Ads,Smart Home Installers,Service x Industry Page,High,2,https://contractormarketingpros.net/blog/how-to-enhance-marketing-tiktok-ads/,contractormarketingpros.net,How To Skyrocket Your Home Improvement Leads With TikTok Ads,,browserbase
tiktok ads for smart home installers,131,TikTok Ads for Smart Home Installers,Commercial,Paid,TikTok Ads,Smart Home Installers,Service x Industry Page,High,3,https://www.tryatria.com/ads/tiktok/smart-home-ads,tryatria.com,"Ad ideas for Smart Home on Tiktok, Updated 2026",,browserbase
tiktok ads for smart home installers,131,TikTok Ads for Smart Home Installers,Commercial,Paid,TikTok Ads,Smart Home Installers,Service x Industry Page,High,4,https://systemizedmedia.com/tiktok-lead-generation-home-service/,systemizedmedia.com,TikTok Lead Generation - Systemized Media,,browserbase
tiktok ads for smart home installers,131,TikTok Ads for Smart Home Installers,Commercial,Paid,TikTok Ads,Smart Home Installers,Service x Industry Page,High,5,https://www.predictivesalesai.com/blog/p.250718001/from-clicks-to-contracts-matrix-basements-3-month-tiktok-success/,predictivesalesai.com,From Clicks to Contracts: Matrix Basements' 3-Month TikTok Success,,browserbase
tiktok ads agency for smart home installers,132,TikTok Ads Agency for Smart Home Installers,Commercial,Paid,TikTok Ads,Smart Home Installers,Service x Industry Page,High,1,https://systemizedmedia.com/tiktok-lead-generation-home-service/,systemizedmedia.com,TikTok Lead Generation - Systemized Media,,browserbase
tiktok ads agency for smart home installers,132,TikTok Ads Agency for Smart Home Installers,Commercial,Paid,TikTok Ads,Smart Home Installers,Service x Industry Page,High,2,https://brandbooster.ai/services/tiktok-ads-agency,brandbooster.ai,TikTok Ads Agency for Contractors | BrandBooster.ai,,browserbase
tiktok ads agency for smart home installers,132,TikTok Ads Agency for Smart Home Installers,Commercial,Paid,TikTok Ads,Smart Home Installers,Service x Industry Page,High,3,https://hireageek.com/tiktok-ads/,hireageek.com,TikTok Ads - Hire a Geek,,browserbase
tiktok ads agency for smart home installers,132,TikTok Ads Agency for Smart Home Installers,Commercial,Paid,TikTok Ads,Smart Home Installers,Service x Industry Page,High,4,https://www.wiredmedia.co.uk/digital-marketing-for-window-installation-companies/tiktok/,wiredmedia.co.uk,TikTok Ads Agency for Window Installation Companies | TikToc Ads Management For Window Installation,,browserbase
tiktok ads agency for smart home installers,132,TikTok Ads Agency for Smart Home Installers,Commercial,Paid,TikTok Ads,Smart Home Installers,Service x Industry Page,High,5,https://www.epsillonmedia.com/tiktok-ads/,epsillonmedia.com,TikTok Ads - Epsillon Media,,browserbase
tiktok ads for contractors,133,TikTok Ads for Contractors,Commercial,Paid,TikTok Ads,Contractors,Service x Industry Page,High,1,https://kirivisual.com/tiktok-ads-contractors-2025/,kirivisual.com,TikTok Ads for Contractors: Are They Worth It in 2025? - Kiri Visual,,browserbase
tiktok ads for contractors,133,TikTok Ads for Contractors,Commercial,Paid,TikTok Ads,Contractors,Service x Industry Page,High,2,https://www.altavistasp.com/2023/10/12/tiktok-for-contractors-leveraging-short-video-platforms-for-maximum-exposure/,altavistasp.com,TikTok for Contractors: Leveraging Short Video Platforms for Maximum Exposure - AltaVista Strategic Partners,,browserbase
tiktok ads for contractors,133,TikTok Ads for Contractors,Commercial,Paid,TikTok Ads,Contractors,Service x Industry Page,High,3,https://www.ownedandoperated.com/post/how-to-get-into-tiktok-business-ads-for-your-home-service,ownedandoperated.com,How To Get Into TikTok Business Ads For Your Home Service,,browserbase
tiktok ads for contractors,133,TikTok Ads for Contractors,Commercial,Paid,TikTok Ads,Contractors,Service x Industry Page,High,4,https://www.makacekmedia.com/blog/tiktok-for-trades-how-toronto-contractors-are-going-viral-without-being-cringe,makacekmedia.com,TikTok for Trades: How Toronto Contractors Are Going Viral Without Being Cringe — Makacek Media,,browserbase
tiktok ads for contractors,133,TikTok Ads for Contractors,Commercial,Paid,TikTok Ads,Contractors,Service x Industry Page,High,5,https://systemizedmedia.com/tiktok-lead-generation-home-service/,systemizedmedia.com,TikTok Lead Generation - Systemized Media,,browserbase
tiktok ads agency for contractors,134,TikTok Ads Agency for Contractors,Commercial,Paid,TikTok Ads,Contractors,Service x Industry Page,High,1,https://brandbooster.ai/services/tiktok-ads-agency,brandbooster.ai,TikTok Ads Agency for Contractors | BrandBooster.ai,,browserbase
tiktok ads agency for contractors,134,TikTok Ads Agency for Contractors,Commercial,Paid,TikTok Ads,Contractors,Service x Industry Page,High,2,https://systemizedmedia.com/tiktok-lead-generation-home-service/,systemizedmedia.com,TikTok Lead Generation - Systemized Media,,browserbase
tiktok ads agency for contractors,134,TikTok Ads Agency for Contractors,Commercial,Paid,TikTok Ads,Contractors,Service x Industry Page,High,3,https://contractormarketingpros.net/services/paid-ads/,contractormarketingpros.net,Paid Ads For Contractors That Appear First & Win The Job,,browserbase
tiktok ads agency for contractors,134,TikTok Ads Agency for Contractors,Commercial,Paid,TikTok Ads,Contractors,Service x Industry Page,High,4,https://www.wiredmedia.co.uk/digital-marketing-for-construction-companies/tiktok/,wiredmedia.co.uk,TikTok Ads Agency for Construction businesses | TikToc Ads Management For Construction Companies,,browserbase
tiktok ads agency for contractors,134,TikTok Ads Agency for Contractors,Commercial,Paid,TikTok Ads,Contractors,Service x Industry Page,High,5,https://leadgulls.com/digital-marketing-for-contractors,leadgulls.com,Digital Marketing for Contractors | Best Online Marketing | LeadGulls,,browserbase
tiktok ads for med spas,135,TikTok Ads for Med Spas,Commercial,Paid,TikTok Ads,Med Spas,Service x Industry Page,High,1,https://medspamarketpro.com/paid-social-ads-mastery-2026-for-medspas/,medspamarketpro.com,Paid Social Ads Mastery 2026 for MedSpas (Meta + TikTok),,browserbase
tiktok ads for med spas,135,TikTok Ads for Med Spas,Commercial,Paid,TikTok Ads,Med Spas,Service x Industry Page,High,2,https://pronkmedspamarketing.com/blog/med-spa-advertising/,pronkmedspamarketing.com,Med Spa Advertising: The Complete Channel Guide for 2026 | Pronk,,browserbase
tiktok ads for med spas,135,TikTok Ads for Med Spas,Commercial,Paid,TikTok Ads,Med Spas,Service x Industry Page,High,3,https://highkeyagency.com/how-to-run-tiktok-ads-for-your-clinic/,highkeyagency.com,How to Run TikTok Ads for Your Clinic - Press/TV,,browserbase
tiktok ads for med spas,135,TikTok Ads for Med Spas,Commercial,Paid,TikTok Ads,Med Spas,Service x Industry Page,High,4,https://www.marketingwind.com/leveraging-tiktok-and-reels-for-medspa-client-acquisition/,marketingwind.com,Leveraging TikTok & Reels for Medspa Client Acquisition,,browserbase
tiktok ads for med spas,135,TikTok Ads for Med Spas,Commercial,Paid,TikTok Ads,Med Spas,Service x Industry Page,High,5,https://socialmediaadgenius.com/social-media-tiktok-ads/,socialmediaadgenius.com,Social Media TikTok Ads: How Clinics Are Reaching New Patients on the World’s Fastest-Growing Platform - Social Media Ad Genius,,browserbase
tiktok ads agency for med spas,136,TikTok Ads Agency for Med Spas,Commercial,Paid,TikTok Ads,Med Spas,Service x Industry Page,High,1,https://stethondigitalmarketing.com/services/paid-media/tiktok-ads-agency/,stethondigitalmarketing.com,STETHON: ▷ TikTok Ads Agency That Grows Your Practice,,browserbase
tiktok ads agency for med spas,136,TikTok Ads Agency for Med Spas,Commercial,Paid,TikTok Ads,Med Spas,Service x Industry Page,High,2,https://urgeinteractive.com/services/tiktok-advertising/,urgeinteractive.com,TikTok Advertising Experts | Urge Interactive,,browserbase
tiktok ads agency for med spas,136,TikTok Ads Agency for Med Spas,Commercial,Paid,TikTok Ads,Med Spas,Service x Industry Page,High,3,https://getfixr.ai/tiktok-ads-campaigns-for-med-spas,getfixr.ai,TikTok Ads for Med Spas | Reach Audiences | Fixr AI | Fixr AI,,browserbase
tiktok ads agency for med spas,136,TikTok Ads Agency for Med Spas,Commercial,Paid,TikTok Ads,Med Spas,Service x Industry Page,High,4,https://greatonmedical.com/medical-spa-marketing/,greatonmedical.com,Attract High-Value Clients. Dominate Your Market | Greaton,,browserbase
tiktok ads agency for med spas,136,TikTok Ads Agency for Med Spas,Commercial,Paid,TikTok Ads,Med Spas,Service x Industry Page,High,5,https://www.techstepsolutions.com/services/med-spa-social-media-marketing-services-usa/,techstepsolutions.com,Med Spa Social Media Marketing Services in USA,,browserbase
tiktok ads for B2B service companies,137,TikTok Ads for B2B Services,Commercial,Paid,TikTok Ads,B2B Services,Service x Industry Page,High,1,https://bleomedia.com.au/tiktok-ads-for-australian-service-based-businesses-reach-young-decision-makers-and-convert-video-engagement-into-high-value-client-inquiries/,bleomedia.com.au,TikTok Ads for Service Businesses 2026,,browserbase
tiktok ads for B2B service companies,137,TikTok Ads for B2B Services,Commercial,Paid,TikTok Ads,B2B Services,Service x Industry Page,High,2,https://www.2pointagency.com/glossary/can-tiktok-ads-work-for-high-ticket-b2b-services/,2pointagency.com,Can TikTok Ads Work for High-Ticket B2B Services? - 2POINT Agency - Best Digital Marketing Agency,,browserbase
tiktok ads for B2B service companies,137,TikTok Ads for B2B Services,Commercial,Paid,TikTok Ads,B2B Services,Service x Industry Page,High,3,https://tikadsuite.com/blog/tiktok-ads-for-b2b-companies/,tikadsuite.com,TikTok Ads for B2B Companies: What Actually Works in 2026,,browserbase
tiktok ads for B2B service companies,137,TikTok Ads for B2B Services,Commercial,Paid,TikTok Ads,B2B Services,Service x Industry Page,High,4,https://benly.ai/learn/tiktok-ads/tiktok-ads-b2b-marketing,benly.ai,TikTok Ads for B2B: Strategy Guide for SaaS & Services 2026,,browserbase
tiktok ads for B2B service companies,137,TikTok Ads for B2B Services,Commercial,Paid,TikTok Ads,B2B Services,Service x Industry Page,High,5,https://maysonai.com/en/insights/tiktok-b2b-singapore-professional-services,maysonai.com,Is TikTok Worth It for Singapore B2B and Professional Services Businesses? | Mayson AI,,browserbase
tiktok ads agency for B2B service companies,138,TikTok Ads Agency for B2B Services,Commercial,Paid,TikTok Ads,B2B Services,Service x Industry Page,High,1,https://www.boundify.io/platforms/b2b-tiktok-ads,boundify.io,TikTok Ads for B2B Brands - Boundify,,browserbase
tiktok ads agency for B2B service companies,138,TikTok Ads Agency for B2B Services,Commercial,Paid,TikTok Ads,B2B Services,Service x Industry Page,High,2,https://www.abetheagency.com/guide/selecting-a-tiktok-ads-agency-for-b2b,abetheagency.com,Selecting a TikTok Ads Agency for B2B,,browserbase
tiktok ads agency for B2B service companies,138,TikTok Ads Agency for B2B Services,Commercial,Paid,TikTok Ads,B2B Services,Service x Industry Page,High,3,https://traffiy.com/services/tiktok-ads,traffiy.com,TikTok Ads Agency — TikTok Advertising Management | Traffiy | Traffiy,,browserbase
tiktok ads agency for B2B service companies,138,TikTok Ads Agency for B2B Services,Commercial,Paid,TikTok Ads,B2B Services,Service x Industry Page,High,4,https://theseedlessagency.com/services/paid-social-media-ads/tiktok-ads/,theseedlessagency.com,TikTok Ads - The Seedless Agency,,browserbase
tiktok ads agency for B2B service companies,138,TikTok Ads Agency for B2B Services,Commercial,Paid,TikTok Ads,B2B Services,Service x Industry Page,High,5,https://www.2pointagency.com/glossary/can-tiktok-ads-work-for-high-ticket-b2b-services/,2pointagency.com,Can TikTok Ads Work for High-Ticket B2B Services? - 2POINT Agency - Best Digital Marketing Agency,,browserbase
tiktok ads for education and training organizations,139,TikTok Ads for Education & Training,Commercial,Paid,TikTok Ads,Education & Training,Service x Industry Page,High,1,https://benly.ai/learn/tiktok-ads/tiktok-ads-education-edtech,benly.ai,TikTok Ads for Education: Student Recruitment Guide 2026,,browserbase
tiktok ads for education and training organizations,139,TikTok Ads for Education & Training,Commercial,Paid,TikTok Ads,Education & Training,Service x Industry Page,High,2,https://highreach.ai/ad-library/tiktok/education/top-ads,highreach.ai,Top TikTok Ads for Education: Ad Examples and Creative Inspiration | HighReach | HighReach,,browserbase
tiktok ads for education and training organizations,139,TikTok Ads for Education & Training,Commercial,Paid,TikTok Ads,Education & Training,Service x Industry Page,High,3,https://socialgarden.com.au/case-studies/tiktok-for-gen-u/,socialgarden.com.au,Unlocking youth engagement with TikTok for genU Training | Social Garden,,browserbase
tiktok ads for education and training organizations,139,TikTok Ads for Education & Training,Commercial,Paid,TikTok Ads,Education & Training,Service x Industry Page,High,4,https://tailorededgemarketing.com/maximizing-course-sales-tiktok-ads-strategies-for-educators/,tailorededgemarketing.com,Maximizing Course Sales: TikTok Ads Strategies For Educators - Tailored Edge Marketing,,browserbase
tiktok ads for education and training organizations,139,TikTok Ads for Education & Training,Commercial,Paid,TikTok Ads,Education & Training,Service x Industry Page,High,5,https://www.aicoursify.com/blog/tiktok-ads-for-online-course-enrollment,aicoursify.com,TikTok Ads for Online Course Enrollment: 7 Simple Ways to Attract Students,,browserbase
tiktok ads agency for education and training organizations,140,TikTok Ads Agency for Education & Training,Commercial,Paid,TikTok Ads,Education & Training,Service x Industry Page,High,1,https://vitaledu.com/higher-ed-tiktok-ads/,vitaledu.com,TikTok Ads for Higher Education | VitalEDU,,browserbase
tiktok ads agency for education and training organizations,140,TikTok Ads Agency for Education & Training,Commercial,Paid,TikTok Ads,Education & Training,Service x Industry Page,High,2,https://www.adsmanagement.co/industries/education,adsmanagement.co,"Education Marketing Agency | Google, Meta, YouTube & TikTok for Schools | AdsManagement.co",,browserbase
tiktok ads agency for education and training organizations,140,TikTok Ads Agency for Education & Training,Commercial,Paid,TikTok Ads,Education & Training,Service x Industry Page,High,3,https://www.wiredmedia.co.uk/college-digital-marketing-agency/tiktok/,wiredmedia.co.uk,TikTok Ads Agency for Colleges | TikToc Ads Management For Colleges,,browserbase
tiktok ads agency for education and training organizations,140,TikTok Ads Agency for Education & Training,Commercial,Paid,TikTok Ads,Education & Training,Service x Industry Page,High,4,lurnmedia.com/,,LURN MEDIA — Growth Marketing & Creative Agency for Education,,browserbase
tiktok ads agency for education and training organizations,140,TikTok Ads Agency for Education & Training,Commercial,Paid,TikTok Ads,Education & Training,Service x Industry Page,High,5,https://benly.ai/learn/tiktok-ads/tiktok-ads-education-edtech,benly.ai,TikTok Ads for Education: Student Recruitment Guide 2026,,browserbase
seo for auto detailing shops,141,SEO / AEO / GEO for Auto Detailing,Commercial,Organic,SEO / AEO / GEO,Auto Detailing,Service x Industry Page,High,1,https://groundedgroup.com/car-detailing-seo-blueprint/,groundedgroup.com,Car Detailing SEO Blueprint for a Prosperous 2026,,browserbase
seo for auto detailing shops,141,SEO / AEO / GEO for Auto Detailing,Commercial,Organic,SEO / AEO / GEO,Auto Detailing,Service x Industry Page,High,2,https://autodetailingseo.com/auto-detailing-seo-the-complete-guide-to-ranking-your-shop-on-google/,autodetailingseo.com,Auto Detailing SEO: The Complete Guide to Ranking Your Shop on Google - Auto Detailing SEO,,browserbase
seo for auto detailing shops,141,SEO / AEO / GEO for Auto Detailing,Commercial,Organic,SEO / AEO / GEO,Auto Detailing,Service x Industry Page,High,3,https://hirebalzac.ai/seo-playbooks/auto-detailing/,hirebalzac.ai,SEO Playbook for Auto detailing businesses (2026 Guide),,browserbase
seo for auto detailing shops,141,SEO / AEO / GEO for Auto Detailing,Commercial,Organic,SEO / AEO / GEO,Auto Detailing,Service x Industry Page,High,4,https://gethoneybun.com/local-seo-auto-detailing/,gethoneybun.com,Local SEO for Auto Detailing Companies — Rank in Every City | HoneyBun,,browserbase
seo for auto detailing shops,141,SEO / AEO / GEO for Auto Detailing,Commercial,Organic,SEO / AEO / GEO,Auto Detailing,Service x Industry Page,High,5,https://clicksgeek.com/seo-for-car-detailing/,clicksgeek.com,Local SEO for Car Detailing: Your Ultimate Guide | Clicks Geek,,browserbase
seo agency for auto detailing shops,142,SEO / AEO / GEO Agency for Auto Detailing,Commercial,Organic,SEO / AEO / GEO,Auto Detailing,Service x Industry Page,High,1,https://www.norvexdigital.com/,norvexdigital.com,Auto Detailing SEO Agency | Norvex Digital,,browserbase
seo agency for auto detailing shops,142,SEO / AEO / GEO Agency for Auto Detailing,Commercial,Organic,SEO / AEO / GEO,Auto Detailing,Service x Industry Page,High,2,https://autodetailingseo.com/,autodetailingseo.com,The #1 Auto Detailing SEO - Double Your Leads in 90 Days,,browserbase
seo agency for auto detailing shops,142,SEO / AEO / GEO Agency for Auto Detailing,Commercial,Organic,SEO / AEO / GEO,Auto Detailing,Service x Industry Page,High,3,https://thedetailscale.com/auto-detailing-seo/,thedetailscale.com,SEO - Tint Scale,,browserbase
seo agency for auto detailing shops,142,SEO / AEO / GEO Agency for Auto Detailing,Commercial,Organic,SEO / AEO / GEO,Auto Detailing,Service x Industry Page,High,4,https://www.detailersmovement.com/seo/,detailersmovement.com,Local SEO for Auto Detailer & Film Installers to Rank Higher on Google,,browserbase
seo agency for auto detailing shops,142,SEO / AEO / GEO Agency for Auto Detailing,Commercial,Organic,SEO / AEO / GEO,Auto Detailing,Service x Industry Page,High,5,https://noahfordetailers.com/,noahfordetailers.com,Digital Marketing for Auto detailers | Noah For Detailers,,browserbase
seo for auto styling shops,143,SEO / AEO / GEO for Auto Styling,Commercial,Organic,SEO / AEO / GEO,Auto Styling,Service x Industry Page,High,1,https://autostylemarketing.com/local-seo-in-2026-isnt-about-rankings-its-about-market-control-for-auto-restylers/,autostylemarketing.com,Local SEO In 2026 Isn’t About Rankings—It’s About Market Control For Auto Restylers | AutoStyle Marketing,,browserbase
seo for auto styling shops,143,SEO / AEO / GEO for Auto Styling,Commercial,Organic,SEO / AEO / GEO,Auto Styling,Service x Industry Page,High,2,https://autostylemarketing.com/the-ultimate-google-my-business-optimization-guide-for-restylers/,autostylemarketing.com,Google My Business Optimization Guide for Restylers | AutoStyle Marketing,,browserbase
seo for auto styling shops,143,SEO / AEO / GEO for Auto Styling,Commercial,Organic,SEO / AEO / GEO,Auto Styling,Service x Industry Page,High,3,https://www.detailersmovement.com/how-to-set-up-seo-friendly-landing-pages-for-lead-generation-for-auto-detailers-ppf-installers-and-tint-shops/,detailersmovement.com,"How to Set Up SEO-Friendly Landing Pages for Lead Generation (for Auto Detailers, PPF Installers, and Tint Shops)",,browserbase
seo for auto styling shops,143,SEO / AEO / GEO for Auto Styling,Commercial,Organic,SEO / AEO / GEO,Auto Styling,Service x Industry Page,High,4,https://autodetailingseo.com/auto-detailing-seo-checklist-10-things-your-website-must-have-to-rank-convert-and-grow-in-2026/,autodetailingseo.com,"Auto Detailing SEO Checklist: 10 Things Your Website Must Have to Rank, Convert, and Grow in 2026 - Auto Detailing SEO",,browserbase
seo for auto styling shops,143,SEO / AEO / GEO for Auto Styling,Commercial,Organic,SEO / AEO / GEO,Auto Styling,Service x Industry Page,High,5,https://hirebalzac.ai/seo-playbooks/auto-detailing/,hirebalzac.ai,SEO Playbook for Auto detailing businesses (2026 Guide),,browserbase
seo agency for auto styling shops,144,SEO / AEO / GEO Agency for Auto Styling,Commercial,Organic,SEO / AEO / GEO,Auto Styling,Service x Industry Page,High,1,https://autostylemarketing.com/services/restyler-seo/,autostylemarketing.com,Restyler SEO | AutoStyle Marketing,,browserbase
seo agency for auto styling shops,144,SEO / AEO / GEO Agency for Auto Styling,Commercial,Organic,SEO / AEO / GEO,Auto Styling,Service x Industry Page,High,2,https://autodetailingseo.com/,autodetailingseo.com,The #1 Auto Detailing SEO - Double Your Leads in 90 Days,,browserbase
seo agency for auto styling shops,144,SEO / AEO / GEO Agency for Auto Styling,Commercial,Organic,SEO / AEO / GEO,Auto Styling,Service x Industry Page,High,3,https://ikaimedia.com/automotive-shops/,ikaimedia.com,"PPF, Tint, Wrap & Detailing Marketing Agency | Scale Your Shop",,browserbase
seo agency for auto styling shops,144,SEO / AEO / GEO Agency for Auto Styling,Commercial,Organic,SEO / AEO / GEO,Auto Styling,Service x Industry Page,High,4,https://shoppositioner.com/seo-for-auto-detailing-businesses/,shoppositioner.com,"Proven SEO for Detailing, Wraps, PPF, Coatings & Tint Shops",,browserbase
seo agency for auto styling shops,144,SEO / AEO / GEO Agency for Auto Styling,Commercial,Organic,SEO / AEO / GEO,Auto Styling,Service x Industry Page,High,5,https://revvedpro.com/,revvedpro.com,Revved Pro Home - revvedpro.com,,browserbase
seo for roofing companies,145,SEO / AEO / GEO for Roofing,Commercial,Organic,SEO / AEO / GEO,Roofing,Service x Industry Page,High,1,https://www.webfx.com/blog/home-services/roofing-seo-guide/,webfx.com,Roofing SEO: A Complete Guide to Getting More Leads (2025),,browserbase
seo for roofing companies,145,SEO / AEO / GEO for Roofing,Commercial,Organic,SEO / AEO / GEO,Roofing,Service x Industry Page,High,2,https://www.fokal.com/seo-for/roofing/,fokal.com,Roofing Company SEO: How Roofers Rank on Google and Get Cited by AI | Fokal Guides,,browserbase
seo for roofing companies,145,SEO / AEO / GEO for Roofing,Commercial,Organic,SEO / AEO / GEO,Roofing,Service x Industry Page,High,3,https://www.servicetitan.com/blog/roofing-seo,servicetitan.com,"Roofing SEO: Benefits, Strategy, Tools, Optimizing for AI & More",,browserbase
seo for roofing companies,145,SEO / AEO / GEO for Roofing,Commercial,Organic,SEO / AEO / GEO,Roofing,Service x Industry Page,High,4,https://roofingseomasters.com/the-complete-guide-to-roofing-seo/,roofingseomasters.com,The Complete Guide to Roofing SEO in 2026: Strategies That Generate Real Leads,,browserbase
seo for roofing companies,145,SEO / AEO / GEO for Roofing,Commercial,Organic,SEO / AEO / GEO,Roofing,Service x Industry Page,High,5,https://www.nolenwalker.com/seo-for-roofers/,nolenwalker.com,SEO for Roofers: (Exclusive Guide) | 15 Years of Experience ✅,,browserbase
seo agency for roofing companies,146,SEO / AEO / GEO Agency for Roofing,Commercial,Organic,SEO / AEO / GEO,Roofing,Service x Industry Page,High,1,https://roofingroi.net/seo-services/,roofingroi.net,Leading SEO Company for Roofing Companies | RoofingROI Labs,,browserbase
seo agency for roofing companies,146,SEO / AEO / GEO Agency for Roofing,Commercial,Organic,SEO / AEO / GEO,Roofing,Service x Industry Page,High,2,https://www.rekmarketing.com/industries/roofing-seo.html,rekmarketing.com,Roofing SEO Services | Digital Marketing for Roofing Companies,,browserbase
seo agency for roofing companies,146,SEO / AEO / GEO Agency for Roofing,Commercial,Organic,SEO / AEO / GEO,Roofing,Service x Industry Page,High,3,roofingwebmasters.com/,,Roofing SEO Services | Google + AI | Roofing Webmasters,,browserbase
seo agency for roofing companies,146,SEO / AEO / GEO Agency for Roofing,Commercial,Organic,SEO / AEO / GEO,Roofing,Service x Industry Page,High,4,https://www.roofing-seo.com/,roofing-seo.com,"Roofing SEO, Web Design & Lead Gen for US Contractors.",,browserbase
seo agency for roofing companies,146,SEO / AEO / GEO Agency for Roofing,Commercial,Organic,SEO / AEO / GEO,Roofing,Service x Industry Page,High,5,https://roofingmarketingco.com/seo-service/,roofingmarketingco.com,Roofing SEO Services Company | 90 Days Guarantee ROI Results,,browserbase
seo for plumbing companies,147,SEO / AEO / GEO for Plumbing,Commercial,Organic,SEO / AEO / GEO,Plumbing,Service x Industry Page,High,1,https://fourarrowsmarketing.com/blog/seo-for-plumbing-companies/,fourarrowsmarketing.com,SEO for Plumbing Companies: The Complete Guide (2026),,browserbase
seo for plumbing companies,147,SEO / AEO / GEO for Plumbing,Commercial,Organic,SEO / AEO / GEO,Plumbing,Service x Industry Page,High,2,https://pipelineon.com/blog/seo-for-plumbers/,pipelineon.com,SEO for Plumbers: What Actually Books Jobs in 2026 | Pipeline On,,browserbase
seo for plumbing companies,147,SEO / AEO / GEO for Plumbing,Commercial,Organic,SEO / AEO / GEO,Plumbing,Service x Industry Page,High,3,https://themarketingjuice.com/local-seo-for-plumbers-what-works-in-2026/,themarketingjuice.com,"Local SEO for Plumbers: Rank Higher, Win More Jobs",,browserbase
seo for plumbing companies,147,SEO / AEO / GEO for Plumbing,Commercial,Organic,SEO / AEO / GEO,Plumbing,Service x Industry Page,High,4,https://aimsetwin.com/seo-for-plumbers-outrank-local-competition-book-jobs/,aimsetwin.com,SEO for plumbers: outrank local competition and book more jobs - Aim Set Win,,browserbase
seo for plumbing companies,147,SEO / AEO / GEO for Plumbing,Commercial,Organic,SEO / AEO / GEO,Plumbing,Service x Industry Page,High,5,https://id-agora.com/local-seo-for-plumbers-a-playbook-to-win-the-map-pack-in-competitive/,id-agora.com,Local SEO For Plumbers: A Playbook To Win The Map Pack In Competitive Cities - ID AGORA,,browserbase
seo agency for plumbing companies,148,SEO / AEO / GEO Agency for Plumbing,Commercial,Organic,SEO / AEO / GEO,Plumbing,Service x Industry Page,High,1,https://www.rekmarketing.com/industries/plumber-seo.html,rekmarketing.com,Plumber SEO Services | Digital Marketing for Plumbing Companies,,browserbase
seo agency for plumbing companies,148,SEO / AEO / GEO Agency for Plumbing,Commercial,Organic,SEO / AEO / GEO,Plumbing,Service x Industry Page,High,2,https://plumberseocompany.co/,plumberseocompany.co,Plumber SEO Company | SEO for Plumbing Contractors,,browserbase
seo agency for plumbing companies,148,SEO / AEO / GEO Agency for Plumbing,Commercial,Organic,SEO / AEO / GEO,Plumbing,Service x Industry Page,High,3,https://cogoceler.com/,cogoceler.com,Plumbing SEO Company | ChatGPT & Google Ranking | Cogo Celer,,browserbase
seo agency for plumbing companies,148,SEO / AEO / GEO Agency for Plumbing,Commercial,Organic,SEO / AEO / GEO,Plumbing,Service x Industry Page,High,4,https://www.plumbingwebmasters.com/,plumbingwebmasters.com,Plumber SEO for Google + ChatGPT | Plumbing Webmasters,,browserbase
seo agency for plumbing companies,148,SEO / AEO / GEO Agency for Plumbing,Commercial,Organic,SEO / AEO / GEO,Plumbing,Service x Industry Page,High,5,https://plumbingseoagency.com/,plumbingseoagency.com,"Plumbing SEO Agency – We Help Plumbers Get More Calls, More Leads & More Jobs",,browserbase
seo for pest control companies,149,SEO / AEO / GEO for Pest Control,Commercial,Organic,SEO / AEO / GEO,Pest Control,Service x Industry Page,High,1,https://insidea.com/blog/marketing/pest-control-companies/seo-guide-for-exterminators/,insidea.com,SEO for Pest Control Companies: The Ultimate Guide - INSIDEA,,browserbase
seo for pest control companies,149,SEO / AEO / GEO for Pest Control,Commercial,Organic,SEO / AEO / GEO,Pest Control,Service x Industry Page,High,2,https://cometrank.ai/blogs/seo-for-pest-control-companies/,cometrank.ai,SEO for Pest Control: Lead generation for Local Pest Control Companies,,browserbase
seo for pest control companies,149,SEO / AEO / GEO for Pest Control,Commercial,Organic,SEO / AEO / GEO,Pest Control,Service x Industry Page,High,3,https://cubecreative.design/blog/pest-control-marketing/technical-semantic-seo-pest-control-guide,cubecreative.design,Technical SEO for Pest Control: The Complete 2026 Guide,,browserbase
seo for pest control companies,149,SEO / AEO / GEO for Pest Control,Commercial,Organic,SEO / AEO / GEO,Pest Control,Service x Industry Page,High,4,https://www.causalfunnel.com/blog/pest-control-seo-in-2026-how-local-companies-rank-higher-and-get-more-leads/,causalfunnel.com,Pest Control SEO Services: What Local Businesses Should Know,,browserbase
seo for pest control companies,149,SEO / AEO / GEO for Pest Control,Commercial,Organic,SEO / AEO / GEO,Pest Control,Service x Industry Page,High,5,https://gethoneybun.com/local-seo-pest-control/,gethoneybun.com,Local SEO for Pest Control Companies — Rank in Every City | HoneyBun,,browserbase
seo agency for pest control companies,150,SEO / AEO / GEO Agency for Pest Control,Commercial,Organic,SEO / AEO / GEO,Pest Control,Service x Industry Page,High,1,https://pestymarketing.com/services/seo-service/,pestymarketing.com,Pest Control SEO Services | Dominate Google Local Search,,browserbase
seo agency for pest control companies,150,SEO / AEO / GEO Agency for Pest Control,Commercial,Organic,SEO / AEO / GEO,Pest Control,Service x Industry Page,High,2,https://seoforhomeservice.com/pest-control-digital-marketing/pest-control-seo-services/,seoforhomeservice.com,Pest Control SEO Services | Exclusive ZIPs. No Contracts.,,browserbase
seo agency for pest control companies,150,SEO / AEO / GEO Agency for Pest Control,Commercial,Organic,SEO / AEO / GEO,Pest Control,Service x Industry Page,High,3,https://www.rekmarketing.com/industries/pest-control-seo.html,rekmarketing.com,Pest Control SEO | Digital Marketing for Exterminators,,browserbase
seo agency for pest control companies,150,SEO / AEO / GEO Agency for Pest Control,Commercial,Organic,SEO / AEO / GEO,Pest Control,Service x Industry Page,High,4,https://expanseoagency.com/,expanseoagency.com,SEO For Pest Control Companies | ExpanSEO,,browserbase
seo agency for pest control companies,150,SEO / AEO / GEO Agency for Pest Control,Commercial,Organic,SEO / AEO / GEO,Pest Control,Service x Industry Page,High,5,pestymarketing.com/,,Pest Control Marketing Agency | SEO & PPC Experts,,browserbase
seo for landscaping companies,151,SEO / AEO / GEO for Landscaping,Commercial,Organic,SEO / AEO / GEO,Landscaping,Service x Industry Page,High,1,https://b2bdigitalmarketers.com/blog/seo-for-landscaping/,b2bdigitalmarketers.com,SEO for Landscaping: Ultimate & Easy Guide for Non-SEOs – B2B Digital Marketers,,browserbase
seo for landscaping companies,151,SEO / AEO / GEO for Landscaping,Commercial,Organic,SEO / AEO / GEO,Landscaping,Service x Industry Page,High,2,https://www.sideways8.com/insights/local-seo-for-landscape-contractors/,sideways8.com,Local SEO for Landscape Contractors: A Practical 2026 Guide,,browserbase
seo for landscaping companies,151,SEO / AEO / GEO for Landscaping,Commercial,Organic,SEO / AEO / GEO,Landscaping,Service x Industry Page,High,3,https://www.webfx.com/blog/home-services/landscaping-seo-guide/,webfx.com,SEO for Landscaping: 6 Tips for Starting SEO for Landscapers,,browserbase
seo for landscaping companies,151,SEO / AEO / GEO for Landscaping,Commercial,Organic,SEO / AEO / GEO,Landscaping,Service x Industry Page,High,4,https://brandonrollins.com/p/seo-for-landscapers-what-wins-leads-not-just-traffic,brandonrollins.com,SEO for Landscapers: What Wins Leads (Not Just Traffic),,browserbase
seo for landscaping companies,151,SEO / AEO / GEO for Landscaping,Commercial,Organic,SEO / AEO / GEO,Landscaping,Service x Industry Page,High,5,https://jackson-digital.com/seo-for-landscaping/,jackson-digital.com,Seo for Landscaping: A Practical Growth Guide to Attract Local Clients,,browserbase
seo agency for landscaping companies,152,SEO / AEO / GEO Agency for Landscaping,Commercial,Organic,SEO / AEO / GEO,Landscaping,Service x Industry Page,High,1,https://landscapingseoservices.com/,landscapingseoservices.com,Landscaping SEO Services | Dominate Local Search,,browserbase
seo agency for landscaping companies,152,SEO / AEO / GEO Agency for Landscaping,Commercial,Organic,SEO / AEO / GEO,Landscaping,Service x Industry Page,High,2,https://www.rekmarketing.com/industries/landscaping-seo.html,rekmarketing.com,Landscaping SEO Services | Digital Marketing for Landscapers,,browserbase
seo agency for landscaping companies,152,SEO / AEO / GEO Agency for Landscaping,Commercial,Organic,SEO / AEO / GEO,Landscaping,Service x Industry Page,High,3,https://www.landscapemarketingpros.co/services/landscaping-seo/,landscapemarketingpros.co,Landscaper SEO | 8+ Figures in Revenue Gains Generated,,browserbase
seo agency for landscaping companies,152,SEO / AEO / GEO Agency for Landscaping,Commercial,Organic,SEO / AEO / GEO,Landscaping,Service x Industry Page,High,4,https://builtrightdigital.com/landscaping-seo/,builtrightdigital.com,Landscaping SEO Agency - Built Right Digital,,browserbase
seo agency for landscaping companies,152,SEO / AEO / GEO Agency for Landscaping,Commercial,Organic,SEO / AEO / GEO,Landscaping,Service x Industry Page,High,5,https://lawnmarketingedge.com/landscaping-seo/,lawnmarketingedge.com,Lawn & Landscaping SEO | Lawn Marketing Edge,,browserbase
seo for window companies,153,SEO / AEO / GEO for Window Companies,Commercial,Organic,SEO / AEO / GEO,Window Companies,Service x Industry Page,High,1,https://www.webfx.com/blog/home-services/window-door-companies-seo-guide/,webfx.com,SEO for Window and Door Companies: Grow Your Business Online,,browserbase
seo for window companies,153,SEO / AEO / GEO for Window Companies,Commercial,Organic,SEO / AEO / GEO,Window Companies,Service x Industry Page,High,2,https://prospelle.com/industries/roofing-exterior/window-replacement-seo/playbook/,prospelle.com,Window Replacement SEO Playbook | Prospelle,,browserbase
seo for window companies,153,SEO / AEO / GEO for Window Companies,Commercial,Organic,SEO / AEO / GEO,Window Companies,Service x Industry Page,High,3,https://www.loopexdigital.com/industries/seo-for-window-door-companies,loopexdigital.com,SEO for Window and Door Companies: Strategy + Keywords for Leads,,browserbase
seo for window companies,153,SEO / AEO / GEO for Window Companies,Commercial,Organic,SEO / AEO / GEO,Window Companies,Service x Industry Page,High,4,https://andrewryanmarketing.com/seo-for-window-and-door-companies/,andrewryanmarketing.com,SEO for Window and Door Companies | Rank → $7K Jobs,,browserbase
seo for window companies,153,SEO / AEO / GEO for Window Companies,Commercial,Organic,SEO / AEO / GEO,Window Companies,Service x Industry Page,High,5,https://profiletree.com/seo-for-window-and-door-companies/,profiletree.com,SEO for Window and Door Companies: Found by Homeowners,,browserbase
seo agency for window companies,154,SEO / AEO / GEO Agency for Window Companies,Commercial,Organic,SEO / AEO / GEO,Window Companies,Service x Industry Page,High,1,https://curbsidesearch.com/seo-for-window-door-companies/,curbsidesearch.com,Window & Door Company SEO | Get More Leads From Google | CurbSide Search,,browserbase
seo agency for window companies,154,SEO / AEO / GEO Agency for Window Companies,Commercial,Organic,SEO / AEO / GEO,Window Companies,Service x Industry Page,High,2,https://windowsdoorsseo.com/,windowsdoorsseo.com,Home - Windows & Doors SEO,,browserbase
seo agency for window companies,154,SEO / AEO / GEO Agency for Window Companies,Commercial,Organic,SEO / AEO / GEO,Window Companies,Service x Industry Page,High,3,https://morewindows.io/window-marketing-services/window-contractor-seo,morewindows.io,Window and Door Contractor SEO | Generate High-Intent Leads,,browserbase
seo agency for window companies,154,SEO / AEO / GEO Agency for Window Companies,Commercial,Organic,SEO / AEO / GEO,Window Companies,Service x Industry Page,High,4,https://photonseo.com/window-install-seo/,photonseo.com,Window Install SEO - Photon SEO,,browserbase
seo agency for window companies,154,SEO / AEO / GEO Agency for Window Companies,Commercial,Organic,SEO / AEO / GEO,Window Companies,Service x Industry Page,High,5,https://www.rekmarketing.com/industries/window-door-seo.html,rekmarketing.com,Window & Door SEO | Get More Leads Faster | REK Marketing,,browserbase
seo for smart home installers,155,SEO / AEO / GEO for Smart Home Installers,Commercial,Organic,SEO / AEO / GEO,Smart Home Installers,Service x Industry Page,High,1,https://clicksgeek.com/seo-for-smart-home-installers/,clicksgeek.com,SEO for Smart Home Installers | Clicks Geek,,browserbase
seo for smart home installers,155,SEO / AEO / GEO for Smart Home Installers,Commercial,Organic,SEO / AEO / GEO,Smart Home Installers,Service x Industry Page,High,2,https://growthforlocal.com/blog/local-seo-for-smart-home-businesses/,growthforlocal.com,Local SEO for Smart Home Businesses: Steps That Work in 2025,,browserbase
seo for smart home installers,155,SEO / AEO / GEO for Smart Home Installers,Commercial,Organic,SEO / AEO / GEO,Smart Home Installers,Service x Industry Page,High,3,https://www.ranktracker.com/blog/smart-home-device-installation-seo/,ranktracker.com,Smart Home Device Installation SEO: Rank in Your City,,browserbase
seo for smart home installers,155,SEO / AEO / GEO for Smart Home Installers,Commercial,Organic,SEO / AEO / GEO,Smart Home Installers,Service x Industry Page,High,4,https://qrolic.com/blog/smart-home-technology-website-seo/,qrolic.com,Smart Home SEO: Rank Your Tech Business on Google Page 1,,browserbase
seo for smart home installers,155,SEO / AEO / GEO for Smart Home Installers,Commercial,Organic,SEO / AEO / GEO,Smart Home Installers,Service x Industry Page,High,5,https://www.semthrive.com/seo-for-home-automation-companies/,semthrive.com,The Ultimate Guide to SEO for Home Automation Companies 2026.,,browserbase
seo agency for smart home installers,156,SEO / AEO / GEO Agency for Smart Home Installers,Commercial,Organic,SEO / AEO / GEO,Smart Home Installers,Service x Industry Page,High,1,https://clicksgeek.com/seo-for-smart-home-installers/,clicksgeek.com,SEO for Smart Home Installers | Clicks Geek,,browserbase
seo agency for smart home installers,156,SEO / AEO / GEO Agency for Smart Home Installers,Commercial,Organic,SEO / AEO / GEO,Smart Home Installers,Service x Industry Page,High,2,https://hometechseo.com/,hometechseo.com,"Home Tech SEO, Lead Gen, and Digital Marketing - SEO and Digital Marketing for Home AV and Automation Companies",,browserbase
seo agency for smart home installers,156,SEO / AEO / GEO Agency for Smart Home Installers,Commercial,Organic,SEO / AEO / GEO,Smart Home Installers,Service x Industry Page,High,3,https://gfctech.co.uk/seo-services-for-smart-home-installers/,gfctech.co.uk,Expert SEO Services for Smart Home Installers | Boost Your Online Visibility​,,browserbase
seo agency for smart home installers,156,SEO / AEO / GEO Agency for Smart Home Installers,Commercial,Organic,SEO / AEO / GEO,Smart Home Installers,Service x Industry Page,High,4,https://maximusdigitalmarketing.com/seo-for-smart-home-automation-installers/,maximusdigitalmarketing.com,Boost Online Visibility with SEO for Smart Home Automation Installers,,browserbase
seo agency for smart home installers,156,SEO / AEO / GEO Agency for Smart Home Installers,Commercial,Organic,SEO / AEO / GEO,Smart Home Installers,Service x Industry Page,High,5,https://smarthomemarketingfirm.com/services/seo-for-smart-home-business/,smarthomemarketingfirm.com,SEO for Smart Home Business - Smart Home Marketing Firm,,browserbase
seo for contractors,157,SEO / AEO / GEO for Contractors,Commercial,Organic,SEO / AEO / GEO,Contractors,Service x Industry Page,High,1,https://revved.digital/seo-for-contractors-the-complete-2026-playbook/,revved.digital,SEO for Contractors: The Complete 2026 Playbook — Revved Digital,,browserbase
seo for contractors,157,SEO / AEO / GEO for Contractors,Commercial,Organic,SEO / AEO / GEO,Contractors,Service x Industry Page,High,2,https://www.seologist.com/knowledge-sharing/seo-for-contractors-guide/,seologist.com,SEO for Contractors: A Practical Guide to More Leads - SEOlogist Inc,,browserbase
seo for contractors,157,SEO / AEO / GEO for Contractors,Commercial,Organic,SEO / AEO / GEO,Contractors,Service x Industry Page,High,3,https://protradehq.com/marketing/seo-for-contractors/,protradehq.com,SEO for contractors: rank locally and book more jobs | ProTradeHQ,,browserbase
seo for contractors,157,SEO / AEO / GEO for Contractors,Commercial,Organic,SEO / AEO / GEO,Contractors,Service x Industry Page,High,4,https://www.localmighty.com/blog/seo-for-construction-companies/,localmighty.com,SEO for Construction Companies: The Complete Guide (2026),,browserbase
seo for contractors,157,SEO / AEO / GEO for Contractors,Commercial,Organic,SEO / AEO / GEO,Contractors,Service x Industry Page,High,5,https://www.loopexdigital.com/industries/seo-for-contractors,loopexdigital.com,SEO for Contractors - Proven Strategies and Top Keywords,,browserbase
seo agency for contractors,158,SEO / AEO / GEO Agency for Contractors,Commercial,Organic,SEO / AEO / GEO,Contractors,Service x Industry Page,High,1,https://seoforcontractors.agency/,seoforcontractors.agency,SEO for Contractors | The SEO Contractor - #1 Contractor SEO Agency,,browserbase
seo agency for contractors,158,SEO / AEO / GEO Agency for Contractors,Commercial,Organic,SEO / AEO / GEO,Contractors,Service x Industry Page,High,2,https://constructionseopros.com/,constructionseopros.com,Construction SEO | SEO for Contractors Across 12 Trades | Construction SEO Pros,,browserbase
seo agency for contractors,158,SEO / AEO / GEO Agency for Contractors,Commercial,Organic,SEO / AEO / GEO,Contractors,Service x Industry Page,High,3,https://contractorseo.us/,contractorseo.us,Contractor SEO Services | AI + Human Strategy for Contractors,,browserbase
seo agency for contractors,158,SEO / AEO / GEO Agency for Contractors,Commercial,Organic,SEO / AEO / GEO,Contractors,Service x Industry Page,High,4,https://rankcontractors.com/,rankcontractors.com,Contractor SEO & Organic Lead Generation | Rank Contractors,,browserbase
seo agency for contractors,158,SEO / AEO / GEO Agency for Contractors,Commercial,Organic,SEO / AEO / GEO,Contractors,Service x Industry Page,High,5,https://rankpivot.ai/seo-agency-contractors/,rankpivot.ai,SEO Agency For Contractor Leads - RankPivot,,browserbase
seo for med spas,159,SEO / AEO / GEO for Med Spas,Commercial,Organic,SEO / AEO / GEO,Med Spas,Service x Industry Page,High,1,https://nexiobit.com/medical-spa-seo/,nexiobit.com,Medical Spa SEO: The Complete 2026 Guide | NexioBit,,browserbase
seo for med spas,159,SEO / AEO / GEO for Med Spas,Commercial,Organic,SEO / AEO / GEO,Med Spas,Service x Industry Page,High,2,https://www.holisticseo.co/blog/med-spa-seo,holisticseo.co,Med Spa SEO: The Complete Guide to Ranking Your Practice (2026),,browserbase
seo for med spas,159,SEO / AEO / GEO for Med Spas,Commercial,Organic,SEO / AEO / GEO,Med Spas,Service x Industry Page,High,3,https://pronkmedspamarketing.com/med-spa-seo-guide/,pronkmedspamarketing.com,The Complete Med Spa SEO Guide | 8 Chapters | Pronk,,browserbase
seo for med spas,159,SEO / AEO / GEO for Med Spas,Commercial,Organic,SEO / AEO / GEO,Med Spas,Service x Industry Page,High,4,https://bluefinlabs.io/local-seo-for-medspas-how-to-get-more-leads/,bluefinlabs.io,Local SEO for Medspas: How to Get More Leads in 2026,,browserbase
seo for med spas,159,SEO / AEO / GEO for Med Spas,Commercial,Organic,SEO / AEO / GEO,Med Spas,Service x Industry Page,High,5,https://diamondaccelerator.com/topic-clustering-med-spa-seo-strategy/,diamondaccelerator.com,Topic Clustering for Med Spas: How to Rank on Google in 2026,,browserbase
seo agency for med spas,160,SEO / AEO / GEO Agency for Med Spas,Commercial,Organic,SEO / AEO / GEO,Med Spas,Service x Industry Page,High,1,https://medicalspaseocompany.com/,medicalspaseocompany.com,Medical Spa SEO Company | #1 MedSpa SEO Agency,,browserbase
seo agency for med spas,160,SEO / AEO / GEO Agency for Med Spas,Commercial,Organic,SEO / AEO / GEO,Med Spas,Service x Industry Page,High,2,https://logikdigital.com/services/old_recent-med-spa-seo/,logikdigital.com,"SEO for Med Spas | Rank, Attract & Book More Patients",,browserbase
seo agency for med spas,160,SEO / AEO / GEO Agency for Med Spas,Commercial,Organic,SEO / AEO / GEO,Med Spas,Service x Industry Page,High,3,https://medseo.agency/industries/med-spa-seo/,medseo.agency,Med Spa SEO Company | Healthcare SEO Experts | Med SEO,,browserbase
seo agency for med spas,160,SEO / AEO / GEO Agency for Med Spas,Commercial,Organic,SEO / AEO / GEO,Med Spas,Service x Industry Page,High,4,https://pronkmedspamarketing.com/med-spa-seo/,pronkmedspamarketing.com,"Med Spa SEO Services | Get Found, Get Booked | Pronk",,browserbase
seo agency for med spas,160,SEO / AEO / GEO Agency for Med Spas,Commercial,Organic,SEO / AEO / GEO,Med Spas,Service x Industry Page,High,5,https://nexiobit.com/medical-spa-seo-company/,nexiobit.com,Medical Spa SEO Company | AI-Powered SEO + GEO | NexioBit,,browserbase
seo for B2B service companies,161,SEO / AEO / GEO for B2B Services,Commercial,Organic,SEO / AEO / GEO,B2B Services,Service x Industry Page,High,1,https://www.globials.com/seo-for-b2b-service-companies-complete-growth-guide/,globials.com,SEO for B2B Service Companies | Complete Growth Guide,,browserbase
seo for B2B service companies,161,SEO / AEO / GEO for B2B Services,Commercial,Organic,SEO / AEO / GEO,B2B Services,Service x Industry Page,High,2,https://authorityspecialist.com/guides/strategy/effective-seo-strategies-for-b2b-service-providers,authorityspecialist.com,SEO Strategies for B2B Service Providers: The Entity | Resource,,browserbase
seo for B2B service companies,161,SEO / AEO / GEO for B2B Services,Commercial,Organic,SEO / AEO / GEO,B2B Services,Service x Industry Page,High,3,https://www.etavrian.com/blog/b2b-seo-pipeline-lead-strategy,etavrian.com,Stop Chasing Traffic: B2B SEO That Yields Deals,,browserbase
seo for B2B service companies,161,SEO / AEO / GEO for B2B Services,Commercial,Organic,SEO / AEO / GEO,B2B Services,Service x Industry Page,High,4,https://www.tenspeed.io/blog/b2b-seo-strategies,tenspeed.io,B2B SEO Strategies for 2026: Complete Revenue Growth Playbook | Ten Speed,,browserbase
seo for B2B service companies,161,SEO / AEO / GEO for B2B Services,Commercial,Organic,SEO / AEO / GEO,B2B Services,Service x Industry Page,High,5,https://www.stridec.com/blog/ai-seo-for-b2b-service-companies/,stridec.com,AI SEO for B2B Service Companies 2026,,browserbase
seo agency for B2B service companies,162,SEO / AEO / GEO Agency for B2B Services,Commercial,Organic,SEO / AEO / GEO,B2B Services,Service x Industry Page,High,1,generatemore.ai/,,"AI SEO Agency for Tech, SaaS and B2B Services",,browserbase
seo agency for B2B service companies,162,SEO / AEO / GEO Agency for B2B Services,Commercial,Organic,SEO / AEO / GEO,B2B Services,Service x Industry Page,High,2,https://b2bseoagency.us/,b2bseoagency.us,B2B SEO Agency for Pipeline Growth | B2B SEO Giants,,browserbase
seo agency for B2B service companies,162,SEO / AEO / GEO Agency for B2B Services,Commercial,Organic,SEO / AEO / GEO,B2B Services,Service x Industry Page,High,3,https://lattseo.com/services/b2b-seo/,lattseo.com,B2B SEO Agency | Full-Funnel B2B SEO Strategy | LATT SEO,,browserbase
seo agency for B2B service companies,162,SEO / AEO / GEO Agency for B2B Services,Commercial,Organic,SEO / AEO / GEO,B2B Services,Service x Industry Page,High,4,https://susodigital.com/services/b2b-seo/,susodigital.com,B2B SEO Services | SEO for B2B Agency | AI Search B2B | SUSO,,browserbase
seo agency for B2B service companies,162,SEO / AEO / GEO Agency for B2B Services,Commercial,Organic,SEO / AEO / GEO,B2B Services,Service x Industry Page,High,5,https://grownupdigital.com/b2b-seo-service/,grownupdigital.com,B2B SEO Services | High-Intent Keyword & BOFU SEO,,browserbase
seo for education and training organizations,163,SEO / AEO / GEO for Education & Training,Commercial,Organic,SEO / AEO / GEO,Education & Training,Service x Industry Page,High,1,https://ahrefs.com/blog/education-seo/,ahrefs.com,"Education SEO for Higher Education, EdTech and K-12 Schools",,browserbase
seo for education and training organizations,163,SEO / AEO / GEO for Education & Training,Commercial,Organic,SEO / AEO / GEO,Education & Training,Service x Industry Page,High,2,https://www.digitallyunique.com/post/education-seo-guide-2026,digitallyunique.com,Education SEO Guide 2026 | SEO Guides,,browserbase
seo for education and training organizations,163,SEO / AEO / GEO for Education & Training,Commercial,Organic,SEO / AEO / GEO,Education & Training,Service x Industry Page,High,3,https://qrolic.com/blog/education-training-website-seo/,qrolic.com,Education & Training Website SEO: Rank Higher on Google,,browserbase
seo for education and training organizations,163,SEO / AEO / GEO for Education & Training,Commercial,Organic,SEO / AEO / GEO,Education & Training,Service x Industry Page,High,4,https://www.tryanalyze.ai/blog/education-seo,tryanalyze.ai,"Education SEO for Higher Education, EdTech, and K-12 Schools",,browserbase
seo for education and training organizations,163,SEO / AEO / GEO for Education & Training,Commercial,Organic,SEO / AEO / GEO,Education & Training,Service x Industry Page,High,5,https://hashmeta.com/blog/education-seo-complete-guide-to-school-course-marketing-success/,hashmeta.com,Education SEO: Complete Guide to School & Course Marketing Success | Hashmeta,,browserbase
seo agency for education and training organizations,164,SEO / AEO / GEO Agency for Education & Training,Commercial,Organic,SEO / AEO / GEO,Education & Training,Service x Industry Page,High,1,https://visionary-marketing.co.uk/seo/education-seo-agency,visionary-marketing.co.uk,Education SEO Agency | Increase Enrolments & Applications,,browserbase
seo agency for education and training organizations,164,SEO / AEO / GEO Agency for Education & Training,Commercial,Organic,SEO / AEO / GEO,Education & Training,Service x Industry Page,High,2,https://yellowinkdigital.com/industries/education-seo-agency/,yellowinkdigital.com,"Education SEO Agency for Schools, Universities & Training Providers",,browserbase
seo agency for education and training organizations,164,SEO / AEO / GEO Agency for Education & Training,Commercial,Organic,SEO / AEO / GEO,Education & Training,Service x Industry Page,High,3,https://searchflex.com/education-digital-marketing-services/seo/,searchflex.com,Education SEO Services - The Best SEO In Class,,browserbase
seo agency for education and training organizations,164,SEO / AEO / GEO Agency for Education & Training,Commercial,Organic,SEO / AEO / GEO,Education & Training,Service x Industry Page,High,4,https://digitallyconnects.com/service/seo-agency-for-education/,digitallyconnects.com,SEO Agency for Education | Schools Colleges & Universities | Digitally Connects,,browserbase
seo agency for education and training organizations,164,SEO / AEO / GEO Agency for Education & Training,Commercial,Organic,SEO / AEO / GEO,Education & Training,Service x Industry Page,High,5,https://www.koozai.com/industries-education-skills-marketing-agency/,koozai.com,Education & Learning Industry Digital Marketing Agency | Koozai,,browserbase
ai automation for auto detailing shops,165,AI Implementation for Auto Detailing,Commercial,Automation,AI Implementation,Auto Detailing,Service x Industry Page,Medium,1,https://leadsorbit.ai/industries/auto-detailing-shop-software,leadsorbit.ai,AI Auto Detailing Software | LEADSORBIT CRM,,browserbase
ai automation for auto detailing shops,165,AI Implementation for Auto Detailing,Commercial,Automation,AI Implementation,Auto Detailing,Service x Industry Page,Medium,2,https://sumgenius.ai/services/chatgenius-auto-detailers,sumgenius.ai,"ChatGenius for Auto Detailers | AI Instagram, Telegram & DM Automation",,browserbase
ai automation for auto detailing shops,165,AI Implementation for Auto Detailing,Commercial,Automation,AI Implementation,Auto Detailing,Service x Industry Page,Medium,3,https://trygleam.co/,trygleam.co,Gleam — AI Concierge for Auto Detailing,,browserbase
ai automation for auto detailing shops,165,AI Implementation for Auto Detailing,Commercial,Automation,AI Implementation,Auto Detailing,Service x Industry Page,Medium,4,https://www.trillet.ai/industries/car-detailing?fpc=d3df61fc-c484-472c-8b12-1bc8c633b8c3--dHJpc3Rhbjky,trillet.ai,AI Answering Service for Car Detailers & Mobile Auto Detailing | Trillet,,browserbase
ai automation for auto detailing shops,165,AI Implementation for Auto Detailing,Commercial,Automation,AI Implementation,Auto Detailing,Service x Industry Page,Medium,5,https://dmtolead.com/en/car-detailing-booking-bot,dmtolead.com,Car Detailing & Wash Booking Bot | DMtoLead | DMtoLead,,browserbase
ai automation agency for auto detailing shops,166,AI Implementation Agency for Auto Detailing,Commercial,Automation,AI Implementation,Auto Detailing,Service x Industry Page,Medium,1,https://autocar-ai.com/home,autocar-ai.com,AutoCar AI - Detailing Business and Marketing Agency,,browserbase
ai automation agency for auto detailing shops,166,AI Implementation Agency for Auto Detailing,Commercial,Automation,AI Implementation,Auto Detailing,Service x Industry Page,Medium,2,https://autodetailerautomations.com/,autodetailerautomations.com,Auto Detailer Automations,,browserbase
ai automation agency for auto detailing shops,166,AI Implementation Agency for Auto Detailing,Commercial,Automation,AI Implementation,Auto Detailing,Service x Industry Page,Medium,3,https://shopblast.io/,shopblast.io,ShopBlast | Helping Shop Owners Scale with Smart Tools & Strategy,,browserbase
ai automation agency for auto detailing shops,166,AI Implementation Agency for Auto Detailing,Commercial,Automation,AI Implementation,Auto Detailing,Service x Industry Page,Medium,4,https://appearancekings.com/,appearancekings.com,Appearance Kings,,browserbase
ai automation agency for auto detailing shops,166,AI Implementation Agency for Auto Detailing,Commercial,Automation,AI Implementation,Auto Detailing,Service x Industry Page,Medium,5,https://www.detailpro.tech/,detailpro.tech,DetailPro - #1 Auto Detailing Software & Growth Platform,,browserbase
ai automation for auto styling shops,167,AI Implementation for Auto Styling,Commercial,Automation,AI Implementation,Auto Styling,Service x Industry Page,Medium,1,https://wrapmyride.ai/,wrapmyride.ai,WrapMyRide.ai | AI Car Wrap Visualizer & Instant Wrap Mockups,,browserbase
ai automation for auto styling shops,167,AI Implementation for Auto Styling,Commercial,Automation,AI Implementation,Auto Styling,Service x Industry Page,Medium,2,https://autopictura.com/,autopictura.com,Autopictura - AI custom designs for Shopify print‑on‑demand,,browserbase
ai automation for auto styling shops,167,AI Implementation for Auto Styling,Commercial,Automation,AI Implementation,Auto Styling,Service x Industry Page,Medium,3,https://www.presti.ai/,presti.ai,Automate Visual Production at Scale | Presti AI,,browserbase
ai automation for auto styling shops,167,AI Implementation for Auto Styling,Commercial,Automation,AI Implementation,Auto Styling,Service x Industry Page,Medium,4,https://www.graswald.ai/,graswald.ai,"Enterprise AI for scalable, on-brand product imagery workflows",,browserbase
ai automation for auto styling shops,167,AI Implementation for Auto Styling,Commercial,Automation,AI Implementation,Auto Styling,Service x Industry Page,Medium,5,mastertech.ai/,,Mastertech.ai - Your ultimate technician and advisor companion,,browserbase
ai automation agency for auto styling shops,168,AI Implementation Agency for Auto Styling,Commercial,Automation,AI Implementation,Auto Styling,Service x Industry Page,Medium,1,https://dreamride.ai/,dreamride.ai,DreamRide.AI – The Interactive Car Visualizer,,browserbase
ai automation agency for auto styling shops,168,AI Implementation Agency for Auto Styling,Commercial,Automation,AI Implementation,Auto Styling,Service x Industry Page,Medium,2,https://wrapmyride.ai/,wrapmyride.ai,WrapMyRide.ai | AI Car Wrap Visualizer & Instant Wrap Mockups,,browserbase
ai automation agency for auto styling shops,168,AI Implementation Agency for Auto Styling,Commercial,Automation,AI Implementation,Auto Styling,Service x Industry Page,Medium,3,https://monterastudio.com/,monterastudio.com,Montera Studio | AI-Powered Car Visualization & Wrap Simulator,,browserbase
ai automation agency for auto styling shops,168,AI Implementation Agency for Auto Styling,Commercial,Automation,AI Implementation,Auto Styling,Service x Industry Page,Medium,4,https://tintbot.ai/,tintbot.ai,Tintbot.ai - AI Platform Built for Window Tint Shops,,browserbase
ai automation agency for auto styling shops,168,AI Implementation Agency for Auto Styling,Commercial,Automation,AI Implementation,Auto Styling,Service x Industry Page,Medium,5,elementdma.com/,,Element DMA – Marketing Agency for Auto & Truck Repair Shops,,browserbase
ai automation for roofing companies,169,AI Implementation for Roofing,Commercial,Automation,AI Implementation,Roofing,Service x Industry Page,Medium,1,https://smartroofing.ai/,smartroofing.ai,AI For The Next Generation of Roofing Contractors,,browserbase
ai automation for roofing companies,169,AI Implementation for Roofing,Commercial,Automation,AI Implementation,Roofing,Service x Industry Page,Medium,2,https://www.paiv.ai/industries/roofing,paiv.ai,Roofing | Paiv – Roofing’s First Autonomous GTM Engine,,browserbase
ai automation for roofing companies,169,AI Implementation for Roofing,Commercial,Automation,AI Implementation,Roofing,Service x Industry Page,Medium,3,https://www.stackai.com/solutions/roofing-contractors,stackai.com,The Agentic AI Platform for Roofing Contractors,,browserbase
ai automation for roofing companies,169,AI Implementation for Roofing,Commercial,Automation,AI Implementation,Roofing,Service x Industry Page,Medium,4,https://rooftops.ai/,rooftops.ai,Rooftops AI | Instant Roofing Reports & AI Tools for Contractors,,browserbase
ai automation for roofing companies,169,AI Implementation for Roofing,Commercial,Automation,AI Implementation,Roofing,Service x Industry Page,Medium,5,https://roofgenius.ai/,roofgenius.ai,RoofGenius.ai — Recover every dollar carriers leave off your scope.,,browserbase
ai automation agency for roofing companies,170,AI Implementation Agency for Roofing,Commercial,Automation,AI Implementation,Roofing,Service x Industry Page,Medium,1,hashesagency.com/,,Hashes Agency LLC - Booked Jobs In 90 Days - Hashes Agency LLC,,browserbase
ai automation agency for roofing companies,170,AI Implementation Agency for Roofing,Commercial,Automation,AI Implementation,Roofing,Service x Industry Page,Medium,2,https://smartroofing.ai/,smartroofing.ai,AI For The Next Generation of Roofing Contractors,,browserbase
ai automation agency for roofing companies,170,AI Implementation Agency for Roofing,Commercial,Automation,AI Implementation,Roofing,Service x Industry Page,Medium,3,https://aplosai.com/roofing,aplosai.com,Roofing Automation: Storm Follow-Up & Reviews | Aplos AI,,browserbase
ai automation agency for roofing companies,170,AI Implementation Agency for Roofing,Commercial,Automation,AI Implementation,Roofing,Service x Industry Page,Medium,4,https://auvren.com/solutions/industries/roofing,auvren.com,AI for Roofing Contractors | Storm Lead Automation & Sales AI,,browserbase
ai automation agency for roofing companies,170,AI Implementation Agency for Roofing,Commercial,Automation,AI Implementation,Roofing,Service x Industry Page,Medium,5,https://airoofingsystems.com/,airoofingsystems.com,"AI Roofing Systems | Automate Leads, Calls & Claims for Roofers",,browserbase
ai automation for plumbing companies,171,AI Implementation for Plumbing,Commercial,Automation,AI Implementation,Plumbing,Service x Industry Page,Medium,1,https://plumberops.com/,plumberops.com,PlumberOps — AI Powered Operations,,browserbase
ai automation for plumbing companies,171,AI Implementation for Plumbing,Commercial,Automation,AI Implementation,Plumbing,Service x Industry Page,Medium,2,https://serviceagent.ai/ai-models/plumbing-gpt,serviceagent.ai,Plumbing GPT: AI Operating System for Plumbing Businesses | ServiceAgent,,browserbase
ai automation for plumbing companies,171,AI Implementation for Plumbing,Commercial,Automation,AI Implementation,Plumbing,Service x Industry Page,Medium,3,https://getplumbify.com/,getplumbify.com,Plumbify — The AI front office for plumbing contractors,,browserbase
ai automation for plumbing companies,171,AI Implementation for Plumbing,Commercial,Automation,AI Implementation,Plumbing,Service x Industry Page,Medium,4,https://www.deelo.ai/for/plumbers,deelo.ai,Deelo for Plumbers — All-in-One AI Business Platform,,browserbase
ai automation for plumbing companies,171,AI Implementation for Plumbing,Commercial,Automation,AI Implementation,Plumbing,Service x Industry Page,Medium,5,https://maximizerteam.com/plumbing/,maximizerteam.com,Plumbing - Maximizer Team,,browserbase
ai automation agency for plumbing companies,172,AI Implementation Agency for Plumbing,Commercial,Automation,AI Implementation,Plumbing,Service x Industry Page,Medium,1,https://www.rhetor.ai/industries/plumbing/,rhetor.ai,AI Marketing & Automation for Plumbers.,,browserbase
ai automation agency for plumbing companies,172,AI Implementation Agency for Plumbing,Commercial,Automation,AI Implementation,Plumbing,Service x Industry Page,Medium,2,https://infuseai.agency/industries/plumbing,infuseai.agency,AI Marketing for Plumbers | Infuse AI Agency,,browserbase
ai automation agency for plumbing companies,172,AI Implementation Agency for Plumbing,Commercial,Automation,AI Implementation,Plumbing,Service x Industry Page,Medium,3,https://icarusworks.ai/industries/plumbing,icarusworks.ai,AI Implementation for Plumbing Companies | Icarus | Icarus AI,,browserbase
ai automation agency for plumbing companies,172,AI Implementation Agency for Plumbing,Commercial,Automation,AI Implementation,Plumbing,Service x Industry Page,Medium,4,https://www.aibystorm.com/ai-for-plumbing,aibystorm.com,AI for Plumbers | Plumbing Business AI Automation | AI by Storm,,browserbase
ai automation agency for plumbing companies,172,AI Implementation Agency for Plumbing,Commercial,Automation,AI Implementation,Plumbing,Service x Industry Page,Medium,5,https://engagepulse.site/ai-for-service-businesses,engagepulse.site,"AI Marketing for HVAC, Plumbing & Service Companies | Engage Pulse",,browserbase
ai automation for pest control companies,173,AI Implementation for Pest Control,Commercial,Automation,AI Implementation,Pest Control,Service x Industry Page,Medium,1,https://www.solea.ai/,solea.ai,Solea AI | The #1 AI Field Service Software for Pest Control,,browserbase
ai automation for pest control companies,173,AI Implementation for Pest Control,Commercial,Automation,AI Implementation,Pest Control,Service x Industry Page,Medium,2,https://www.deelo.ai/for/pest-control,deelo.ai,Deelo for Pest Control — All-in-One AI Business Platform,,browserbase
ai automation for pest control companies,173,AI Implementation for Pest Control,Commercial,Automation,AI Implementation,Pest Control,Service x Industry Page,Medium,3,https://nyor-ai.com/,nyor-ai.com,Nyor AI - True AI Agents for Pest Control,,browserbase
ai automation for pest control companies,173,AI Implementation for Pest Control,Commercial,Automation,AI Implementation,Pest Control,Service x Industry Page,Medium,4,https://convocore.ai/ai-for/pest-control,convocore.ai,AI for Pest Control Companies | 24/7 Call Answering & Job Booking | ConvoCore,,browserbase
ai automation for pest control companies,173,AI Implementation for Pest Control,Commercial,Automation,AI Implementation,Pest Control,Service x Industry Page,Medium,5,https://optiserveai.tech/industries/pest-control,optiserveai.tech,Pest Control Business Software | OptiServe AI,,browserbase
ai automation agency for pest control companies,174,AI Implementation Agency for Pest Control,Commercial,Automation,AI Implementation,Pest Control,Service x Industry Page,Medium,1,pestai.io/,,PEST AI - AI Agency for Pest Control,,browserbase
ai automation agency for pest control companies,174,AI Implementation Agency for Pest Control,Commercial,Automation,AI Implementation,Pest Control,Service x Industry Page,Medium,2,https://icarusworks.ai/industries/pest-control,icarusworks.ai,AI Implementation for Pest Control | Icarus | Icarus AI,,browserbase
ai automation agency for pest control companies,174,AI Implementation Agency for Pest Control,Commercial,Automation,AI Implementation,Pest Control,Service x Industry Page,Medium,3,https://www.solea.ai/,solea.ai,Solea AI | The #1 AI Field Service Software for Pest Control,,browserbase
ai automation agency for pest control companies,174,AI Implementation Agency for Pest Control,Commercial,Automation,AI Implementation,Pest Control,Service x Industry Page,Medium,4,https://nyor-ai.com/,nyor-ai.com,Nyor AI - True AI Agents for Pest Control,,browserbase
ai automation agency for pest control companies,174,AI Implementation Agency for Pest Control,Commercial,Automation,AI Implementation,Pest Control,Service x Industry Page,Medium,5,https://aiforpest.com/,aiforpest.com,AI For PEST,,browserbase
ai automation for landscaping companies,175,AI Implementation for Landscaping,Commercial,Automation,AI Implementation,Landscaping,Service x Industry Page,Medium,1,https://rootedly.ai/,rootedly.ai,Rootedly | AI Operating System for Landscaping,,browserbase
ai automation for landscaping companies,175,AI Implementation for Landscaping,Commercial,Automation,AI Implementation,Landscaping,Service x Industry Page,Medium,2,https://serviceagent.ai/ai-models/landscaping-gpt,serviceagent.ai,Landscaping GPT: AI Operating System for Landscaping Businesses | ServiceAgent,,browserbase
ai automation for landscaping companies,175,AI Implementation for Landscaping,Commercial,Automation,AI Implementation,Landscaping,Service x Industry Page,Medium,3,https://www.deelo.ai/for/landscaping,deelo.ai,Deelo for Landscaping — All-in-One AI Business Platform,,browserbase
ai automation for landscaping companies,175,AI Implementation for Landscaping,Commercial,Automation,AI Implementation,Landscaping,Service x Industry Page,Medium,4,https://www.flowautomations.ai/industry-landscaping,flowautomations.ai,AI Automation for Landscaping Businesses | FlowAutomations,,browserbase
ai automation for landscaping companies,175,AI Implementation for Landscaping,Commercial,Automation,AI Implementation,Landscaping,Service x Industry Page,Medium,5,https://www.stackai.com/solutions/landscaping-services,stackai.com,The Agentic AI Platform for Landscaping Services,,browserbase
ai automation agency for landscaping companies,176,AI Implementation Agency for Landscaping,Commercial,Automation,AI Implementation,Landscaping,Service x Industry Page,Medium,1,https://wyndelta.com/,wyndelta.com,WynDelta AI Studio | AI Automation for Landscaping Businesses,,browserbase
ai automation agency for landscaping companies,176,AI Implementation Agency for Landscaping,Commercial,Automation,AI Implementation,Landscaping,Service x Industry Page,Medium,2,https://brothersautomate.com/for/landscaping,brothersautomate.com,AI Automation for Landscaping Companies | Brothers Automate,,browserbase
ai automation agency for landscaping companies,176,AI Implementation Agency for Landscaping,Commercial,Automation,AI Implementation,Landscaping,Service x Industry Page,Medium,3,https://rootedly.ai/,rootedly.ai,Rootedly | AI Operating System for Landscaping,,browserbase
ai automation agency for landscaping companies,176,AI Implementation Agency for Landscaping,Commercial,Automation,AI Implementation,Landscaping,Service x Industry Page,Medium,4,https://metronomelabs.io/ai-for-landscaping-companies/,metronomelabs.io,AI for Landscaping Companies — Metronome Labs,,browserbase
ai automation agency for landscaping companies,176,AI Implementation Agency for Landscaping,Commercial,Automation,AI Implementation,Landscaping,Service x Industry Page,Medium,5,https://icarusworks.ai/industries/landscaping,icarusworks.ai,AI Implementation for Landscaping Companies | Icarus | Icarus AI,,browserbase
ai automation for window companies,177,AI Implementation for Window Companies,Commercial,Automation,AI Implementation,Window Companies,Service x Industry Page,Medium,1,windowedge.ai/,,WindowEdge - AI Automation for Window & Door Dealers,,browserbase
ai automation for window companies,177,AI Implementation for Window Companies,Commercial,Automation,AI Implementation,Window Companies,Service x Industry Page,Medium,2,https://adminify.ai/industries/windows-doors,adminify.ai,AI Automation for Window & Door Companies — Book More Estimates & Installations | Adminify AI,,browserbase
ai automation for window companies,177,AI Implementation for Window Companies,Commercial,Automation,AI Implementation,Window Companies,Service x Industry Page,Medium,3,https://windowedge.ai/ai-agents/,windowedge.ai,AI Agents for Window & Door Dealers | WindowEdge | WindowEdge,,browserbase
ai automation for window companies,177,AI Implementation for Window Companies,Commercial,Automation,AI Implementation,Window Companies,Service x Industry Page,Medium,4,https://exayard.com/window-door-ai-agent,exayard.com,AI Agent for Glass & Glazing Companies | Exayard | Exayard,,browserbase
ai automation for window companies,177,AI Implementation for Window Companies,Commercial,Automation,AI Implementation,Window Companies,Service x Industry Page,Medium,5,https://morewindows.io/window-contractor-crm/windowrev,morewindows.io,Window Contractor CRM & AI Lead Generation | MoreWindows,,browserbase
ai automation agency for window companies,178,AI Implementation Agency for Window Companies,Commercial,Automation,AI Implementation,Window Companies,Service x Industry Page,Medium,1,https://morewindows.io/window-contractor-crm/windowrev,morewindows.io,Window Contractor CRM & AI Lead Generation | MoreWindows,,browserbase
ai automation agency for window companies,178,AI Implementation Agency for Window Companies,Commercial,Automation,AI Implementation,Window Companies,Service x Industry Page,Medium,2,https://adminify.ai/industries/windows-doors,adminify.ai,AI Automation for Window & Door Companies — Book More Estimates & Installations | Adminify AI,,browserbase
ai automation agency for window companies,178,AI Implementation Agency for Window Companies,Commercial,Automation,AI Implementation,Window Companies,Service x Industry Page,Medium,3,windowedge.ai/,,WindowEdge - AI Automation for Window & Door Dealers,,browserbase
ai automation agency for window companies,178,AI Implementation Agency for Window Companies,Commercial,Automation,AI Implementation,Window Companies,Service x Industry Page,Medium,4,https://www.ailocalgrowth.com/industries/windows-doors,ailocalgrowth.com,AI Automation for Windows & Doors Companies in Toronto | AI Local Growth,,browserbase
ai automation agency for window companies,178,AI Implementation Agency for Window Companies,Commercial,Automation,AI Implementation,Window Companies,Service x Industry Page,Medium,5,https://clearview-growth.webflow.io/,clearview-growth.webflow.io,ClearView Growth,,browserbase
ai automation for smart home installers,179,AI Implementation for Smart Home Installers,Commercial,Automation,AI Implementation,Smart Home Installers,Service x Industry Page,Medium,1,https://myquoteiq.com/smart-home-installation-crm/,myquoteiq.com,#1 CRM For Smart Home Installation Companies In 2026,,browserbase
ai automation for smart home installers,179,AI Implementation for Smart Home Installers,Commercial,Automation,AI Implementation,Smart Home Installers,Service x Industry Page,Medium,2,smartrhaus.com/,,SmartRHaus,,browserbase
ai automation for smart home installers,179,AI Implementation for Smart Home Installers,Commercial,Automation,AI Implementation,Smart Home Installers,Service x Industry Page,Medium,3,https://kordless.ai/industries/smart-home,kordless.ai,Smart Home Customer Acquisition | Kordless,,browserbase
ai automation for smart home installers,179,AI Implementation for Smart Home Installers,Commercial,Automation,AI Implementation,Smart Home Installers,Service x Industry Page,Medium,4,http://lumenix.polsia.app/,lumenix.polsia.app,Lumenix - AI-Powered Smart Home Proposals in Minutes,,browserbase
ai automation for smart home installers,179,AI Implementation for Smart Home Installers,Commercial,Automation,AI Implementation,Smart Home Installers,Service x Industry Page,Medium,5,https://www.smarthomesuite.app/,smarthomesuite.app,Smart Home AI Suite | Smarter Way to Build Smart Homes,,browserbase
ai automation agency for smart home installers,180,AI Implementation Agency for Smart Home Installers,Commercial,Automation,AI Implementation,Smart Home Installers,Service x Industry Page,Medium,1,https://smartrhaus.com/,smartrhaus.com,SmartRHaus,,browserbase
ai automation agency for smart home installers,180,AI Implementation Agency for Smart Home Installers,Commercial,Automation,AI Implementation,Smart Home Installers,Service x Industry Page,Medium,2,https://kordless.ai/industries/smart-home,kordless.ai,Smart Home Customer Acquisition | Kordless,,browserbase
ai automation agency for smart home installers,180,AI Implementation Agency for Smart Home Installers,Commercial,Automation,AI Implementation,Smart Home Installers,Service x Industry Page,Medium,3,http://lumenix.polsia.app/,lumenix.polsia.app,Lumenix - AI-Powered Smart Home Proposals in Minutes,,browserbase
ai automation agency for smart home installers,180,AI Implementation Agency for Smart Home Installers,Commercial,Automation,AI Implementation,Smart Home Installers,Service x Industry Page,Medium,4,https://www.flowbots.ai/industries/home-services/,flowbots.ai,AI Automation for Home Services & Trades | FlowBots.ai,,browserbase
ai automation agency for smart home installers,180,AI Implementation Agency for Smart Home Installers,Commercial,Automation,AI Implementation,Smart Home Installers,Service x Industry Page,Medium,5,https://aplosai.com/electrical,aplosai.com,Electrical Contractor Automation: Close More Quotes | Aplos AI,,browserbase
ai automation for contractors,181,AI Implementation for Contractors,Commercial,Automation,AI Implementation,Contractors,Service x Industry Page,Medium,1,https://www.siteready.build/,siteready.build,SiteReady — AI Back Office for Contractors,,browserbase
ai automation for contractors,181,AI Implementation for Contractors,Commercial,Automation,AI Implementation,Contractors,Service x Industry Page,Medium,2,https://contractorx.com/,contractorx.com,ContractorX — Superintelligence for Contractors | ContractorX,,browserbase
ai automation for contractors,181,AI Implementation for Contractors,Commercial,Automation,AI Implementation,Contractors,Service x Industry Page,Medium,3,https://contractorfy.com/,contractorfy.com,"The CRM That Answers, Writes, and Sends For You | Contractorfy",,browserbase
ai automation for contractors,181,AI Implementation for Contractors,Commercial,Automation,AI Implementation,Contractors,Service x Industry Page,Medium,4,https://www.bizzen.com/,bizzen.com,Bizzen - AI Backoffice for Construction,,browserbase
ai automation for contractors,181,AI Implementation for Contractors,Commercial,Automation,AI Implementation,Contractors,Service x Industry Page,Medium,5,https://www.cru.ai/,cru.ai,Cru | AI-Native ERP for Construction Subcontractors,,browserbase
ai automation agency for contractors,182,AI Implementation Agency for Contractors,Commercial,Automation,AI Implementation,Contractors,Service x Industry Page,Medium,1,https://contractorautomations.com/,contractorautomations.com,Contractor Automations,,browserbase
ai automation agency for contractors,182,AI Implementation Agency for Contractors,Commercial,Automation,AI Implementation,Contractors,Service x Industry Page,Medium,2,https://automatedconstruction.io/,automatedconstruction.io,"Automated Construction | AI Powered CRMs, ERPs & Workflows for Contractors",,browserbase
ai automation agency for contractors,182,AI Implementation Agency for Contractors,Commercial,Automation,AI Implementation,Contractors,Service x Industry Page,Medium,3,https://contractor-ai.com/,contractor-ai.com,Contractor-AI — AI for the People Who Build Things,,browserbase
ai automation agency for contractors,182,AI Implementation Agency for Contractors,Commercial,Automation,AI Implementation,Contractors,Service x Industry Page,Medium,4,promptive.tech/,,PrompTive | AI Automation Agency | AI Voice Assistants & Workflow Automation,,browserbase
ai automation agency for contractors,182,AI Implementation Agency for Contractors,Commercial,Automation,AI Implementation,Contractors,Service x Industry Page,Medium,5,ai-hardhat.com/,,AI Hardhat | AI Workflow Integration for Construction,,browserbase
ai automation for med spas,183,AI Implementation for Med Spas,Commercial,Automation,AI Implementation,Med Spas,Service x Industry Page,Medium,1,https://aesthetics.podium.com/,aesthetics.podium.com,AI Operating System for Aesthetic Practices & Medical Spas | Podium for Aesthetics,,browserbase
ai automation for med spas,183,AI Implementation for Med Spas,Commercial,Automation,AI Implementation,Med Spas,Service x Industry Page,Medium,2,https://www.zenoti.com/lp/amspa,zenoti.com,Zenoti AI Workforce for Medspas,,browserbase
ai automation for med spas,183,AI Implementation for Med Spas,Commercial,Automation,AI Implementation,Med Spas,Service x Industry Page,Medium,3,https://www.pic2motion.com/medspa-ai-automation/,pic2motion.com,MedSpa AI Automation | 24/7 Chatbot & Workflows,,browserbase
ai automation for med spas,183,AI Implementation for Med Spas,Commercial,Automation,AI Implementation,Med Spas,Service x Industry Page,Medium,4,https://www.tepali.com/,tepali.com,Tepali | All-in-One Medspa Software,,browserbase
ai automation for med spas,183,AI Implementation for Med Spas,Commercial,Automation,AI Implementation,Med Spas,Service x Industry Page,Medium,5,https://meghan.ai/,meghan.ai,Meghan AI — The AI Agent Built for MedSpas,,browserbase
ai automation agency for med spas,184,AI Implementation Agency for Med Spas,Commercial,Automation,AI Implementation,Med Spas,Service x Industry Page,Medium,1,https://medspas.ai/,medspas.ai,"MedSpas AI | AI Agents, Automations & Software for Med Spas",,browserbase
ai automation agency for med spas,184,AI Implementation Agency for Med Spas,Commercial,Automation,AI Implementation,Med Spas,Service x Industry Page,Medium,2,https://www.medspasos.com/,medspasos.com,Med Spa SOS - #1 AI Growth Partner for Med Spas,,browserbase
ai automation agency for med spas,184,AI Implementation Agency for Med Spas,Commercial,Automation,AI Implementation,Med Spas,Service x Industry Page,Medium,3,https://brothersautomate.com/for/medical-spa,brothersautomate.com,AI Automation for Medical Spas | Brothers Automate,,browserbase
ai automation agency for med spas,184,AI Implementation Agency for Med Spas,Commercial,Automation,AI Implementation,Med Spas,Service x Industry Page,Medium,4,https://www.kisautomations.com/,kisautomations.com,"KIS — Med Spa Automation | Book More Appointments, Lose Fewer Leads",,browserbase
ai automation agency for med spas,184,AI Implementation Agency for Med Spas,Commercial,Automation,AI Implementation,Med Spas,Service x Industry Page,Medium,5,https://automatedgrowthagency.com/,automatedgrowthagency.com,"Automated Growth Agency - MedSpa Marketing, Automations and More.",,browserbase
ai automation for B2B service companies,185,AI Implementation for B2B Services,Commercial,Automation,AI Implementation,B2B Services,Service x Industry Page,Medium,1,https://tvameva.ai/solutions/propeledge,tvameva.ai,Tvameva AI PropelEdge — Agentic Revenue Orchestration for B2B Services Firms | Tvameva,,browserbase
ai automation for B2B service companies,185,AI Implementation for B2B Services,Commercial,Automation,AI Implementation,B2B Services,Service x Industry Page,Medium,2,https://njin.co/industries/b2b-services,njin.co,AI Sales Automation for B2B Services - Njin,,browserbase
ai automation for B2B service companies,185,AI Implementation for B2B Services,Commercial,Automation,AI Implementation,B2B Services,Service x Industry Page,Medium,3,https://www.salesengage.ai/,salesengage.ai,Sales Engage | AI Revenue Team for Service Businesses,,browserbase
ai automation for B2B service companies,185,AI Implementation for B2B Services,Commercial,Automation,AI Implementation,B2B Services,Service x Industry Page,Medium,4,https://revenuefirst.ai/,revenuefirst.ai,RevenueFirst.AI | AI Sales Automation for Service Businesses,,browserbase
ai automation for B2B service companies,185,AI Implementation for B2B Services,Commercial,Automation,AI Implementation,B2B Services,Service x Industry Page,Medium,5,https://vendo-ai.com/service-companies/,vendo-ai.com,Service Companies - Vendo AI,,browserbase
ai automation agency for B2B service companies,186,AI Implementation Agency for B2B Services,Commercial,Automation,AI Implementation,B2B Services,Service x Industry Page,Medium,1,https://www.aubeai.com/,aubeai.com,Aube AI - AI Automation Agency | Transform Your Business,,browserbase
ai automation agency for B2B service companies,186,AI Implementation Agency for B2B Services,Commercial,Automation,AI Implementation,B2B Services,Service x Industry Page,Medium,2,https://ionisai.com/,ionisai.com,AI Automation Agency for B2B Growth | Ionis AI,,browserbase
ai automation agency for B2B service companies,186,AI Implementation Agency for B2B Services,Commercial,Automation,AI Implementation,B2B Services,Service x Industry Page,Medium,3,https://deep-y.com/,deep-y.com,B2B AI Lead Generation & Sales Automation Agency | Deep-Y,,browserbase
ai automation agency for B2B service companies,186,AI Implementation Agency for B2B Services,Commercial,Automation,AI Implementation,B2B Services,Service x Industry Page,Medium,4,https://boostedlab.com/services/ai-automation-agency/,boostedlab.com,AI Automation Agency for B2B - Custom AI Agents- Boosted Lab,,browserbase
ai automation agency for B2B service companies,186,AI Implementation Agency for B2B Services,Commercial,Automation,AI Implementation,B2B Services,Service x Industry Page,Medium,5,https://www.em8.io/,em8.io,em8 | Fractional AI Studio for Mid-Market B2B,,browserbase
ai automation for education and training organizations,187,AI Implementation for Education & Training,Commercial,Automation,AI Implementation,Education & Training,Service x Industry Page,Medium,1,https://kwilo.ai/,kwilo.ai,Kwilo AI — Your institution's AI team | AI for education and training,,browserbase
ai automation for education and training organizations,187,AI Implementation for Education & Training,Commercial,Automation,AI Implementation,Education & Training,Service x Industry Page,Medium,2,https://www.gpstrategies.com/ai-solutions/gp-aiq/,gpstrategies.com,GP AIQ+™ AI Platform for Enterprise Learning - GP Strategies,,browserbase
ai automation for education and training organizations,187,AI Implementation for Education & Training,Commercial,Automation,AI Implementation,Education & Training,Service x Industry Page,Medium,3,https://www.presight.ai/learnxpert,presight.ai,AI-Native Education Solutions for Scalable Learning | Presight LearnXpert,,browserbase
ai automation for education and training organizations,187,AI Implementation for Education & Training,Commercial,Automation,AI Implementation,Education & Training,Service x Industry Page,Medium,4,https://www.cornerstoneondemand.com/platform/cornerstone-galaxy-ai/,cornerstoneondemand.com,AI LMS: AI learning platform | Cornerstone Galaxy AI,,browserbase
ai automation for education and training organizations,187,AI Implementation for Education & Training,Commercial,Automation,AI Implementation,Education & Training,Service x Industry Page,Medium,5,https://axio.ai/home,axio.ai,"Axio: AI-Powered LMS, CRM & SIS Platform for Educational Leaders | Modern Education Solutions",,browserbase
ai automation agency for education and training organizations,188,AI Implementation Agency for Education & Training,Commercial,Automation,AI Implementation,Education & Training,Service x Industry Page,Medium,1,https://aidolsgroup.com/en/industries/education/,aidolsgroup.com,AI for Education: CME & Adaptive Learning AI | AIDOLS,,browserbase
ai automation agency for education and training organizations,188,AI Implementation Agency for Education & Training,Commercial,Automation,AI Implementation,Education & Training,Service x Industry Page,Medium,2,https://www.straive.com/ai-data-solutions-in-edtech/,straive.com,AI & Data Solutions in EdTech | Straive,,browserbase
ai automation agency for education and training organizations,188,AI Implementation Agency for Education & Training,Commercial,Automation,AI Implementation,Education & Training,Service x Industry Page,Medium,3,https://www.mobiloitte.com/industry-solutions/education-and-edtech,mobiloitte.com,AI Solutions for Education & EdTech,,browserbase
ai automation agency for education and training organizations,188,AI Implementation Agency for Education & Training,Commercial,Automation,AI Implementation,Education & Training,Service x Industry Page,Medium,4,https://www.intellectgroup.org/ai-enablement.html,intellectgroup.org,AI Enablement - Intellect Education Group,,browserbase
ai automation agency for education and training organizations,188,AI Implementation Agency for Education & Training,Commercial,Automation,AI Implementation,Education & Training,Service x Industry Page,Medium,5,https://www.wildnetedge.com/ai-solutions/ai-education-development-services,wildnetedge.com,AI Education Development Services from a Trusted EdTech Partner,,browserbase
marketing for mobile detailing,189,Marketing for Mobile Detailing,Commercial,Industry,Full Stack,Auto Detailing,Industry Subservice Page,High,1,https://inmotiondetail.com/how-to-market-mobile-detailing/,inmotiondetail.com,How to Market Mobile Detailing - Car Detailing Experts,,browserbase
marketing for mobile detailing,189,Marketing for Mobile Detailing,Commercial,Industry,Full Stack,Auto Detailing,Industry Subservice Page,High,2,https://www.xpezia.com/blog/boost-your-mobile-car-detailing-bookings-with-seo-social-media-mobile-apps/,xpezia.com,Boost Mobile Car Detailing Bookings with SEO & Mobile Apps,,browserbase
marketing for mobile detailing,189,Marketing for Mobile Detailing,Commercial,Industry,Full Stack,Auto Detailing,Industry Subservice Page,High,3,https://mediaspearhead.com/blog/auto-detailing-marketing/,mediaspearhead.com,Auto Detailing Marketing: Google Ads + SEO That Fill Your Schedule | Blog | Media Spearhead,,browserbase
marketing for mobile detailing,189,Marketing for Mobile Detailing,Commercial,Industry,Full Stack,Auto Detailing,Industry Subservice Page,High,4,https://www.curbcar.co/blogs/how-to-rank-1-on-google-as-a-mobile-detailer,curbcar.co,How to Rank #1 on Google as a Mobile Detailer | CurbCar,,browserbase
marketing for mobile detailing,189,Marketing for Mobile Detailing,Commercial,Industry,Full Stack,Auto Detailing,Industry Subservice Page,High,5,https://mobiledominate.com/marketing-your-mobile-detailing-business/,mobiledominate.com,Powerful Tips for Marketing Your Mobile Detailing Business,,browserbase
lead generation for mobile detailing,190,Lead Generation for Mobile Detailing,Commercial,Industry,Full Stack,Auto Detailing,Industry Subservice Page,High,1,https://www.symphonyadvertising.com/auto-detailing-marketing/,symphonyadvertising.com,How Auto Detailing Businesses Get More Leads | Google Ads and SEO Guide,,browserbase
lead generation for mobile detailing,190,Lead Generation for Mobile Detailing,Commercial,Industry,Full Stack,Auto Detailing,Industry Subservice Page,High,2,https://mobiledominate.com/marketing-your-mobile-detailing-business/,mobiledominate.com,Powerful Tips for Marketing Your Mobile Detailing Business,,browserbase
lead generation for mobile detailing,190,Lead Generation for Mobile Detailing,Commercial,Industry,Full Stack,Auto Detailing,Industry Subservice Page,High,3,https://www.detailersmovement.com/google-ads-for-auto-detailers-ppf-installers-tint-shops-wrap-businesses-how-to-get-leads-on-demand/,detailersmovement.com,"Google Ads for Auto Detailers, PPF Installers, Tint & Wrap Shops: Get Leads on Demand",,browserbase
lead generation for mobile detailing,190,Lead Generation for Mobile Detailing,Commercial,Industry,Full Stack,Auto Detailing,Industry Subservice Page,High,4,https://salesservant.com/,salesservant.com,Sales Servant - DFY Mobile Detailing Automation System,,browserbase
lead generation for mobile detailing,190,Lead Generation for Mobile Detailing,Commercial,Industry,Full Stack,Auto Detailing,Industry Subservice Page,High,5,https://www.detailersmovement.com/how-to-use-facebook-lead-forms-to-capture-more-detailing-ppf-tint-wrap-leads/,detailersmovement.com,"How to Use Facebook Lead Forms to Capture More Detailing, PPF, Tint & Wrap Leads",,browserbase
website design for mobile detailing,191,Website Design for Mobile Detailing,Commercial,Web Development,Web Development,Auto Detailing,Service x Subservice Page,Medium,1,https://motorgrowth.com/website/,motorgrowth.com,Website Design for Auto Detailing Businesses | Motorgrowth,,browserbase
website design for mobile detailing,191,Website Design for Mobile Detailing,Commercial,Web Development,Web Development,Auto Detailing,Service x Subservice Page,Medium,2,https://digitaltrace.agency/auto-detailing-website-design,digitaltrace.agency,Auto Detailing Website Design | Car Detailing Websites That Convert | Digital Trace Agency,,browserbase
website design for mobile detailing,191,Website Design for Mobile Detailing,Commercial,Web Development,Web Development,Auto Detailing,Service x Subservice Page,Medium,3,https://detailersystems.com/features/functional-website,detailersystems.com,Auto Detailing Website Design | High-Converting & Mobile-First,,browserbase
website design for mobile detailing,191,Website Design for Mobile Detailing,Commercial,Web Development,Web Development,Auto Detailing,Service x Subservice Page,Medium,4,https://qrolic.com/services/mobile-car-wash-business-website-design-service/,qrolic.com,Mobile Car Wash Business Website Design Service - Qrolic Technologies,,browserbase
website design for mobile detailing,191,Website Design for Mobile Detailing,Commercial,Web Development,Web Development,Auto Detailing,Service x Subservice Page,Medium,5,https://miocommerce.com/mobile-car-detailing-website-design/,miocommerce.com,Mobile Car Detailing Website Design | MioCommerce,,browserbase
google ads for mobile detailing,192,Google Ads for Mobile Detailing,Commercial,Google PPC,Google PPC,Auto Detailing,Paid Search Page,High,1,https://autodetailing.app/mobile-detailing-business/google-ads-for-mobile-detailers/,autodetailing.app,Google Ads for Mobile Detailers – 🚘 Auto Detailing,,browserbase
google ads for mobile detailing,192,Google Ads for Mobile Detailing,Commercial,Google PPC,Google PPC,Auto Detailing,Paid Search Page,High,2,https://www.detailersmovement.com/google-ads-for-auto-detailers-ppf-installers-tint-shops-wrap-businesses-how-to-get-leads-on-demand/,detailersmovement.com,"Google Ads for Auto Detailers, PPF Installers, Tint & Wrap Shops: Get Leads on Demand",,browserbase
google ads for mobile detailing,192,Google Ads for Mobile Detailing,Commercial,Google PPC,Google PPC,Auto Detailing,Paid Search Page,High,3,https://houstonppcservices.com/google-ads-for-auto-detailing/,houstonppcservices.com,Google Ads for Auto Detailing: What Actually Works After 12 Years - HoustonPPCservices,,browserbase
google ads for mobile detailing,192,Google Ads for Mobile Detailing,Commercial,Google PPC,Google PPC,Auto Detailing,Paid Search Page,High,4,https://yoyofumedia.com/google-ads-for-auto-detailing/,yoyofumedia.com,Google Ads for Auto Detailing: The Best Strategy for Mobile and In-Shop Detailers - YoYoFuMedia,,browserbase
google ads for mobile detailing,192,Google Ads for Mobile Detailing,Commercial,Google PPC,Google PPC,Auto Detailing,Paid Search Page,High,5,https://99calls.com/learn/boost-mobile-detailing-low-cost-google-ads-page,99calls.com,Boost Your Mobile Detailing Business with Low-Cost Google Ads,,browserbase
seo for mobile detailing,193,SEO for Mobile Detailing,Commercial,SEO / AEO / GEO,SEO / AEO / GEO,Auto Detailing,Organic Search Page,High,1,https://www.curbcar.co/blogs/how-to-rank-1-on-google-as-a-mobile-detailer,curbcar.co,How to Rank #1 on Google as a Mobile Detailer | CurbCar,,browserbase
seo for mobile detailing,193,SEO for Mobile Detailing,Commercial,SEO / AEO / GEO,SEO / AEO / GEO,Auto Detailing,Organic Search Page,High,2,https://congero.com.au/blog/business-types/auto-detailing-seo/,congero.com.au,Auto Detailing SEO — Local SEO for Mobile Detailers & Workshops | Congero,,browserbase
seo for mobile detailing,193,SEO for Mobile Detailing,Commercial,SEO / AEO / GEO,SEO / AEO / GEO,Auto Detailing,Organic Search Page,High,3,https://detailersuite.com/6-highly-effective-seo-tips-for-mobile-detailing-business-websites/,detailersuite.com,6 Highly Effective SEO Tips for Mobile Detailing Business Websites,,browserbase
seo for mobile detailing,193,SEO for Mobile Detailing,Commercial,SEO / AEO / GEO,SEO / AEO / GEO,Auto Detailing,Organic Search Page,High,4,https://autotidy.co.uk/seo-mobile-valeting-guide/,autotidy.co.uk,SEO for Mobile Valeters: A Complete Guide in 2026 - AutoTidy,,browserbase
seo for mobile detailing,193,SEO for Mobile Detailing,Commercial,SEO / AEO / GEO,SEO / AEO / GEO,Auto Detailing,Organic Search Page,High,5,https://clicksgeek.com/seo-for-car-detailing/,clicksgeek.com,Local SEO for Car Detailing: Your Ultimate Guide | Clicks Geek,,browserbase
marketing for ceramic coating,194,Marketing for Ceramic Coating,Commercial,Industry,Full Stack,Auto Detailing,Industry Subservice Page,High,1,https://noahfordetailers.com/blog/how-to-get-more-ceramic-coating-leads/,noahfordetailers.com,Ceramic Coating Leads For Detailers: Without Paid Ads (2026),,browserbase
marketing for ceramic coating,194,Marketing for Ceramic Coating,Commercial,Industry,Full Stack,Auto Detailing,Industry Subservice Page,High,2,https://ceramiccoatingmarketing.com/,ceramiccoatingmarketing.com,Ceramic Coating Marketing For Auto Detail Shops,,browserbase
marketing for ceramic coating,194,Marketing for Ceramic Coating,Commercial,Industry,Full Stack,Auto Detailing,Industry Subservice Page,High,3,https://www.symphonyadvertising.com/ppf-ceramic-coating-marketing/,symphonyadvertising.com,PPF and Ceramic Coating Shop Marketing: How to Attract High-Value Installation Jobs,,browserbase
marketing for ceramic coating,194,Marketing for Ceramic Coating,Commercial,Industry,Full Stack,Auto Detailing,Industry Subservice Page,High,4,https://mediaspearhead.com/blog/auto-detailing-marketing/,mediaspearhead.com,Auto Detailing Marketing: Google Ads + SEO That Fill Your Schedule | Blog | Media Spearhead,,browserbase
marketing for ceramic coating,194,Marketing for Ceramic Coating,Commercial,Industry,Full Stack,Auto Detailing,Industry Subservice Page,High,5,https://imperialdrive.agency/blog/ceramic-coating-advertising-and-how-to-get-more-customers/,imperialdrive.agency,Ceramic Coating Advertising and How to Get More Customers,,browserbase
lead generation for ceramic coating,195,Lead Generation for Ceramic Coating,Commercial,Industry,Full Stack,Auto Detailing,Industry Subservice Page,High,1,https://ceramiccoatingmarketing.com/,ceramiccoatingmarketing.com,Ceramic Coating Marketing For Auto Detail Shops,,browserbase
lead generation for ceramic coating,195,Lead Generation for Ceramic Coating,Commercial,Industry,Full Stack,Auto Detailing,Industry Subservice Page,High,2,https://auto-amplify.com/ceramic-coating-ads/,auto-amplify.com,Ceramic Coating Ads | AutoAmplify,,browserbase
lead generation for ceramic coating,195,Lead Generation for Ceramic Coating,Commercial,Industry,Full Stack,Auto Detailing,Industry Subservice Page,High,3,https://need4leads.ca/,need4leads.ca,"Need4Leads | Revenue System for Ceramic Coating, PPF & Tint Shops",,browserbase
lead generation for ceramic coating,195,Lead Generation for Ceramic Coating,Commercial,Industry,Full Stack,Auto Detailing,Industry Subservice Page,High,4,https://truebluetradie.au/ceramic-coating-leads/,truebluetradie.au,Ceramic Coating Leads - More Jobs for Your Auto Business,,browserbase
lead generation for ceramic coating,195,Lead Generation for Ceramic Coating,Commercial,Industry,Full Stack,Auto Detailing,Industry Subservice Page,High,5,https://autogrowth.co.uk/services/ceramic-coating-marketing,autogrowth.co.uk,Ceramic Coating Marketing That Gets High-Ticket Bookings Into Your Diary Every Week,,browserbase
website design for ceramic coating,196,Website Design for Ceramic Coating,Commercial,Web Development,Web Development,Auto Detailing,Service x Subservice Page,Medium,1,https://www.detailersroadmap.com/top-10-tips-for-ceramic-coating-website-design,detailersroadmap.com,Top 10 Tips for Ceramic Coating Website Design,,browserbase
website design for ceramic coating,196,Website Design for Ceramic Coating,Commercial,Web Development,Web Development,Auto Detailing,Service x Subservice Page,Medium,2,https://autodetailingwebsitedesign.org/ceramic-coating-website-design/,autodetailingwebsitedesign.org,ceramic coating website design,,browserbase
website design for ceramic coating,196,Website Design for Ceramic Coating,Commercial,Web Development,Web Development,Auto Detailing,Service x Subservice Page,Medium,3,https://globalbay.design/case-studies/empowering-a-car-detailing-brand-with-a-clean-high-performing-website/,globalbay.design,Case Study: Car Detailing Website Design for Pure PPF | Global Bay,,browserbase
website design for ceramic coating,196,Website Design for Ceramic Coating,Commercial,Web Development,Web Development,Auto Detailing,Service x Subservice Page,Medium,4,https://edocbits.com/portfolio/crystelly-shine-in/,edocbits.com,Crystelly Shine | Premium Nano-Tech Ceramic Coatings for Cars,,browserbase
website design for ceramic coating,196,Website Design for Ceramic Coating,Commercial,Web Development,Web Development,Auto Detailing,Service x Subservice Page,Medium,5,https://www.limawebstudios.com/portfolio/paint-protection-ma,limawebstudios.com,Paint Protection MA: PPF Website | LWS,,browserbase
google ads for ceramic coating,197,Google Ads for Ceramic Coating,Commercial,Google PPC,Google PPC,Auto Detailing,Paid Search Page,High,1,https://www.detailersmovement.com/google-ads-for-auto-detailers-ppf-installers-tint-shops-wrap-businesses-how-to-get-leads-on-demand/,detailersmovement.com,"Google Ads for Auto Detailers, PPF Installers, Tint & Wrap Shops: Get Leads on Demand",,browserbase
google ads for ceramic coating,197,Google Ads for Ceramic Coating,Commercial,Google PPC,Google PPC,Auto Detailing,Paid Search Page,High,2,https://motorgrowth.com/google-ads/,motorgrowth.com,Google Ads for Auto Detailing Businesses | Motorgrowth,,browserbase
google ads for ceramic coating,197,Google Ads for Ceramic Coating,Commercial,Google PPC,Google PPC,Auto Detailing,Paid Search Page,High,3,https://houstonppcservices.com/google-ads-for-auto-detailing/,houstonppcservices.com,Google Ads for Auto Detailing: What Actually Works After 12 Years - HoustonPPCservices,,browserbase
google ads for ceramic coating,197,Google Ads for Ceramic Coating,Commercial,Google PPC,Google PPC,Auto Detailing,Paid Search Page,High,4,https://www.detailersmovement.com/the-best-keywords-for-auto-detailers-ppf-installers-tint-shops-wrap-businesses-google-ads-keyword-guide/,detailersmovement.com,"The Best Keywords for Google Ads Campaigns for Auto Detailers, PPF Installers & Tint Shops",,browserbase
google ads for ceramic coating,197,Google Ads for Ceramic Coating,Commercial,Google PPC,Google PPC,Auto Detailing,Paid Search Page,High,5,https://www.sona.com/blog/google-ads-for-auto-detailing-step-by-step,sona.com,Google Ads for Auto Detailing: A Comprehensive Setup Guide | Sona,,browserbase
seo for ceramic coating,198,SEO for Ceramic Coating,Commercial,SEO / AEO / GEO,SEO / AEO / GEO,Auto Detailing,Organic Search Page,High,1,https://autodetailingseo.com/seo-for-ceramic-coating-business/,autodetailingseo.com,SEO for Ceramic Coating Business - Double Your Leads in Next 90 Days,,browserbase
seo for ceramic coating,198,SEO for Ceramic Coating,Commercial,SEO / AEO / GEO,SEO / AEO / GEO,Auto Detailing,Organic Search Page,High,2,https://noahfordetailers.com/blog/how-to-get-more-ceramic-coating-leads/,noahfordetailers.com,Ceramic Coating Leads For Detailers: Without Paid Ads (2026),,browserbase
seo for ceramic coating,198,SEO for Ceramic Coating,Commercial,SEO / AEO / GEO,SEO / AEO / GEO,Auto Detailing,Organic Search Page,High,3,https://www.detailersmovement.com/how-to-optimize-your-service-pages-for-local-seo-for-auto-detailers-ppf-installers-and-tint-shops/,detailersmovement.com,"How to Optimize Your Service Pages for Local SEO (for Auto Detailers, PPF Installers, and Tint Shops)",,browserbase
seo for ceramic coating,198,SEO for Ceramic Coating,Commercial,SEO / AEO / GEO,SEO / AEO / GEO,Auto Detailing,Organic Search Page,High,4,https://www.detailersmovement.com/how-to-set-up-seo-friendly-landing-pages-for-lead-generation-for-auto-detailers-ppf-installers-and-tint-shops/,detailersmovement.com,"How to Set Up SEO-Friendly Landing Pages for Lead Generation (for Auto Detailers, PPF Installers, and Tint Shops)",,browserbase
seo for ceramic coating,198,SEO for Ceramic Coating,Commercial,SEO / AEO / GEO,SEO / AEO / GEO,Auto Detailing,Organic Search Page,High,5,https://gethoneybun.com/local-seo-auto-detailing/,gethoneybun.com,Local SEO for Auto Detailing Companies — Rank in Every City | HoneyBun,,browserbase
marketing for car detailing,199,Marketing for Car Detailing,Commercial,Industry,Full Stack,Auto Detailing,Industry Subservice Page,High,1,https://noahfordetailers.com/guides/auto-detailing-digital-marketing/,noahfordetailers.com,Auto Detailing Digital Marketing: 2026 Growth Guide,,browserbase
marketing for car detailing,199,Marketing for Car Detailing,Commercial,Industry,Full Stack,Auto Detailing,Industry Subservice Page,High,2,https://mediaspearhead.com/blog/auto-detailing-marketing/,mediaspearhead.com,Auto Detailing Marketing: Google Ads + SEO That Fill Your Schedule | Blog | Media Spearhead,,browserbase
marketing for car detailing,199,Marketing for Car Detailing,Commercial,Industry,Full Stack,Auto Detailing,Industry Subservice Page,High,3,https://www.housecallpro.com/resources/car-auto-detailing-advertising-ads/,housecallpro.com,16+ Car & Auto Detailing Advertising Ideas to Get More Customers,,browserbase
marketing for car detailing,199,Marketing for Car Detailing,Commercial,Industry,Full Stack,Auto Detailing,Industry Subservice Page,High,4,https://noahfordetailers.com/blog/how-to-get-more-customers-for-your-car-detailing-business-in-2026/,noahfordetailers.com,How to Get More Customers for Your Car Detailing Business in 2026 - Noah For Detailers,,browserbase
marketing for car detailing,199,Marketing for Car Detailing,Commercial,Industry,Full Stack,Auto Detailing,Industry Subservice Page,High,5,https://www.symphonyadvertising.com/auto-detailing-marketing/,symphonyadvertising.com,How Auto Detailing Businesses Get More Leads | Google Ads and SEO Guide,,browserbase
lead generation for car detailing,200,Lead Generation for Car Detailing,Commercial,Industry,Full Stack,Auto Detailing,Industry Subservice Page,High,1,https://www.symphonyadvertising.com/auto-detailing-marketing/,symphonyadvertising.com,How Auto Detailing Businesses Get More Leads | Google Ads and SEO Guide,,browserbase
lead generation for car detailing,200,Lead Generation for Car Detailing,Commercial,Industry,Full Stack,Auto Detailing,Industry Subservice Page,High,2,https://firstsales.io/sales-guide/auto-detailing-lead-generation/,firstsales.io,Lead Generation for Auto Detailing | Free Sales Guide,,browserbase
lead generation for car detailing,200,Lead Generation for Car Detailing,Commercial,Industry,Full Stack,Auto Detailing,Industry Subservice Page,High,3,https://www.detailersmovement.com/how-to-use-facebook-lead-forms-to-capture-more-detailing-ppf-tint-wrap-leads/,detailersmovement.com,"How to Use Facebook Lead Forms to Capture More Detailing, PPF, Tint & Wrap Leads",,browserbase
lead generation for car detailing,200,Lead Generation for Car Detailing,Commercial,Industry,Full Stack,Auto Detailing,Industry Subservice Page,High,4,https://www.detailersmovement.com/google-ads-for-auto-detailers-ppf-installers-tint-shops-wrap-businesses-how-to-get-leads-on-demand/,detailersmovement.com,"Google Ads for Auto Detailers, PPF Installers, Tint & Wrap Shops: Get Leads on Demand",,browserbase
lead generation for car detailing,200,Lead Generation for Car Detailing,Commercial,Industry,Full Stack,Auto Detailing,Industry Subservice Page,High,5,https://chuckwalladigital.com/auto-detailing-leads/,chuckwalladigital.com,How to Get More Auto Detailing Leads & Customers,,browserbase
website design for car detailing,201,Website Design for Car Detailing,Commercial,Web Development,Web Development,Auto Detailing,Service x Subservice Page,Medium,1,https://motorgrowth.com/website/,motorgrowth.com,Website Design for Auto Detailing Businesses | Motorgrowth,,browserbase
website design for car detailing,201,Website Design for Car Detailing,Commercial,Web Development,Web Development,Auto Detailing,Service x Subservice Page,Medium,2,https://detailingwebstudio.com/,detailingwebstudio.com,Auto Detailing Website Design Agency | Car Detailing Website Templates & Custom Design,,browserbase
website design for car detailing,201,Website Design for Car Detailing,Commercial,Web Development,Web Development,Auto Detailing,Service x Subservice Page,Medium,3,https://digitaltrace.agency/auto-detailing-website-design,digitaltrace.agency,Auto Detailing Website Design | Car Detailing Websites That Convert | Digital Trace Agency,,browserbase
website design for car detailing,201,Website Design for Car Detailing,Commercial,Web Development,Web Development,Auto Detailing,Service x Subservice Page,Medium,4,https://thedetailscale.com/car-detailing-website-design/,thedetailscale.com,Website Design - Tint Scale,,browserbase
website design for car detailing,201,Website Design for Car Detailing,Commercial,Web Development,Web Development,Auto Detailing,Service x Subservice Page,Medium,5,https://www.detailersmovement.com/website-design/,detailersmovement.com,Website Design Service for Detailers & Film Installers,,browserbase
google ads for car detailing,202,Google Ads for Car Detailing,Commercial,Google PPC,Google PPC,Auto Detailing,Paid Search Page,High,1,https://www.detailersmovement.com/google-ads-for-auto-detailers-ppf-installers-tint-shops-wrap-businesses-how-to-get-leads-on-demand/,detailersmovement.com,"Google Ads for Auto Detailers, PPF Installers, Tint & Wrap Shops: Get Leads on Demand",,browserbase
google ads for car detailing,202,Google Ads for Car Detailing,Commercial,Google PPC,Google PPC,Auto Detailing,Paid Search Page,High,2,https://houstonppcservices.com/google-ads-for-auto-detailing/,houstonppcservices.com,Google Ads for Auto Detailing: What Actually Works After 12 Years - HoustonPPCservices,,browserbase
google ads for car detailing,202,Google Ads for Car Detailing,Commercial,Google PPC,Google PPC,Auto Detailing,Paid Search Page,High,3,https://motorgrowth.com/google-ads/,motorgrowth.com,Google Ads for Auto Detailing Businesses | Motorgrowth,,browserbase
google ads for car detailing,202,Google Ads for Car Detailing,Commercial,Google PPC,Google PPC,Auto Detailing,Paid Search Page,High,4,https://mediaspearhead.com/blog/auto-detailing-marketing/,mediaspearhead.com,Auto Detailing Marketing: Google Ads + SEO That Fill Your Schedule | Blog | Media Spearhead,,browserbase
google ads for car detailing,202,Google Ads for Car Detailing,Commercial,Google PPC,Google PPC,Auto Detailing,Paid Search Page,High,5,https://yoyofumedia.com/google-ads-for-auto-detailing/,yoyofumedia.com,Google Ads for Auto Detailing: The Best Strategy for Mobile and In-Shop Detailers - YoYoFuMedia,,browserbase
seo for car detailing,203,SEO for Car Detailing,Commercial,SEO / AEO / GEO,SEO / AEO / GEO,Auto Detailing,Organic Search Page,High,1,https://groundedgroup.com/car-detailing-seo-blueprint/,groundedgroup.com,Car Detailing SEO Blueprint for a Prosperous 2026,,browserbase
seo for car detailing,203,SEO for Car Detailing,Commercial,SEO / AEO / GEO,SEO / AEO / GEO,Auto Detailing,Organic Search Page,High,2,https://groundedgroup.com/seo-for-car-detailing/,groundedgroup.com,SEO for Car Detailing: 6 Steps to Dominate Google,,browserbase
seo for car detailing,203,SEO for Car Detailing,Commercial,SEO / AEO / GEO,SEO / AEO / GEO,Auto Detailing,Organic Search Page,High,3,https://congero.com.au/blog/business-types/seo-for-car-detailers/,congero.com.au,SEO for Car Detailers — Local Search & Customer Growth (2025) | Congero,,browserbase
seo for car detailing,203,SEO for Car Detailing,Commercial,SEO / AEO / GEO,SEO / AEO / GEO,Auto Detailing,Organic Search Page,High,4,https://hirebalzac.ai/seo-playbooks/auto-detailing/,hirebalzac.ai,SEO Playbook for Auto detailing businesses (2026 Guide),,browserbase
seo for car detailing,203,SEO for Car Detailing,Commercial,SEO / AEO / GEO,SEO / AEO / GEO,Auto Detailing,Organic Search Page,High,5,https://www.curbcar.co/blogs/how-to-rank-1-on-google-as-a-mobile-detailer,curbcar.co,How to Rank #1 on Google as a Mobile Detailer | CurbCar,,browserbase
marketing for auto detailer,204,Marketing for Auto Detailer,Commercial,Industry,Full Stack,Auto Detailing,Industry Subservice Page,High,1,https://noahfordetailers.com/guides/auto-detailing-digital-marketing/,noahfordetailers.com,Auto Detailing Digital Marketing: 2026 Growth Guide,,browserbase
marketing for auto detailer,204,Marketing for Auto Detailer,Commercial,Industry,Full Stack,Auto Detailing,Industry Subservice Page,High,2,https://detailingevolution.com/digital-presence-blueprint/,detailingevolution.com,Digital Presence Blueprint for Auto Detailers – Marketing Guide,,browserbase
marketing for auto detailer,204,Marketing for Auto Detailer,Commercial,Industry,Full Stack,Auto Detailing,Industry Subservice Page,High,3,https://mediaspearhead.com/blog/auto-detailing-marketing/,mediaspearhead.com,Auto Detailing Marketing: Google Ads + SEO That Fill Your Schedule | Blog | Media Spearhead,,browserbase
marketing for auto detailer,204,Marketing for Auto Detailer,Commercial,Industry,Full Stack,Auto Detailing,Industry Subservice Page,High,4,https://blog.detailking.com/marketing-guide-for-detailers/,blog.detailking.com,Marketing Playbook for Auto Detailing Businesses,,browserbase
marketing for auto detailer,204,Marketing for Auto Detailer,Commercial,Industry,Full Stack,Auto Detailing,Industry Subservice Page,High,5,https://www.housecallpro.com/resources/car-auto-detailing-advertising-ads/,housecallpro.com,16+ Car & Auto Detailing Advertising Ideas to Get More Customers,,browserbase
lead generation for auto detailer,205,Lead Generation for Auto Detailer,Commercial,Industry,Full Stack,Auto Detailing,Industry Subservice Page,High,1,https://www.symphonyadvertising.com/auto-detailing-marketing/,symphonyadvertising.com,How Auto Detailing Businesses Get More Leads | Google Ads and SEO Guide,,browserbase
lead generation for auto detailer,205,Lead Generation for Auto Detailer,Commercial,Industry,Full Stack,Auto Detailing,Industry Subservice Page,High,2,https://firstsales.io/sales-guide/auto-detailing-lead-generation/,firstsales.io,Lead Generation for Auto Detailing | Free Sales Guide,,browserbase
lead generation for auto detailer,205,Lead Generation for Auto Detailer,Commercial,Industry,Full Stack,Auto Detailing,Industry Subservice Page,High,3,https://www.detailersmovement.com/how-to-use-facebook-lead-forms-to-capture-more-detailing-ppf-tint-wrap-leads/,detailersmovement.com,"How to Use Facebook Lead Forms to Capture More Detailing, PPF, Tint & Wrap Leads",,browserbase
lead generation for auto detailer,205,Lead Generation for Auto Detailer,Commercial,Industry,Full Stack,Auto Detailing,Industry Subservice Page,High,4,https://www.sona.com/blog/google-ads-for-auto-detailing-step-by-step,sona.com,Google Ads for Auto Detailing: A Comprehensive Setup Guide | Sona,,browserbase
lead generation for auto detailer,205,Lead Generation for Auto Detailer,Commercial,Industry,Full Stack,Auto Detailing,Industry Subservice Page,High,5,https://www.detailersmovement.com/google-ads-for-auto-detailers-ppf-installers-tint-shops-wrap-businesses-how-to-get-leads-on-demand/,detailersmovement.com,"Google Ads for Auto Detailers, PPF Installers, Tint & Wrap Shops: Get Leads on Demand",,browserbase
website design for auto detailer,206,Website Design for Auto Detailer,Commercial,Web Development,Web Development,Auto Detailing,Service x Subservice Page,Medium,1,https://motorgrowth.com/website/,motorgrowth.com,Website Design for Auto Detailing Businesses | Motorgrowth,,browserbase
website design for auto detailer,206,Website Design for Auto Detailer,Commercial,Web Development,Web Development,Auto Detailing,Service x Subservice Page,Medium,2,https://detailingwebstudio.com/,detailingwebstudio.com,Auto Detailing Website Design Agency | Car Detailing Website Templates & Custom Design,,browserbase
website design for auto detailer,206,Website Design for Auto Detailer,Commercial,Web Development,Web Development,Auto Detailing,Service x Subservice Page,Medium,3,https://digitaltrace.agency/auto-detailing-website-design,digitaltrace.agency,Auto Detailing Website Design | Car Detailing Websites That Convert | Digital Trace Agency,,browserbase
website design for auto detailer,206,Website Design for Auto Detailer,Commercial,Web Development,Web Development,Auto Detailing,Service x Subservice Page,Medium,4,https://socialanimal.dev/solutions/auto-detailing-website-development/,socialanimal.dev,Auto Detailing Website Development -- Social Animal,,browserbase
website design for auto detailer,206,Website Design for Auto Detailer,Commercial,Web Development,Web Development,Auto Detailing,Service x Subservice Page,Medium,5,https://thedetailscale.com/car-detailing-website-design/,thedetailscale.com,Website Design - Tint Scale,,browserbase
google ads for auto detailer,207,Google Ads for Auto Detailer,Commercial,Google PPC,Google PPC,Auto Detailing,Paid Search Page,High,1,https://www.detailersmovement.com/google-ads-for-auto-detailers-ppf-installers-tint-shops-wrap-businesses-how-to-get-leads-on-demand/,detailersmovement.com,"Google Ads for Auto Detailers, PPF Installers, Tint & Wrap Shops: Get Leads on Demand",,browserbase
google ads for auto detailer,207,Google Ads for Auto Detailer,Commercial,Google PPC,Google PPC,Auto Detailing,Paid Search Page,High,2,https://houstonppcservices.com/google-ads-for-auto-detailing/,houstonppcservices.com,Google Ads for Auto Detailing: What Actually Works After 12 Years - HoustonPPCservices,,browserbase
google ads for auto detailer,207,Google Ads for Auto Detailer,Commercial,Google PPC,Google PPC,Auto Detailing,Paid Search Page,High,3,https://motorgrowth.com/google-ads/,motorgrowth.com,Google Ads for Auto Detailing Businesses | Motorgrowth,,browserbase
google ads for auto detailer,207,Google Ads for Auto Detailer,Commercial,Google PPC,Google PPC,Auto Detailing,Paid Search Page,High,4,https://mediaspearhead.com/blog/auto-detailing-marketing/,mediaspearhead.com,Auto Detailing Marketing: Google Ads + SEO That Fill Your Schedule | Blog | Media Spearhead,,browserbase
google ads for auto detailer,207,Google Ads for Auto Detailer,Commercial,Google PPC,Google PPC,Auto Detailing,Paid Search Page,High,5,https://getundrdog.com/en-ca/blogs/detailing-business-resources/google-ads-a-simple-step-by-step-tutorial-for-detailers,getundrdog.com,Google Ads: A Simple Step-by-step Tutorial For Detailers,,browserbase
seo for auto detailer,208,SEO for Auto Detailer,Commercial,SEO / AEO / GEO,SEO / AEO / GEO,Auto Detailing,Organic Search Page,High,1,https://groundedgroup.com/car-detailing-seo-blueprint/,groundedgroup.com,Car Detailing SEO Blueprint for a Prosperous 2026,,browserbase
seo for auto detailer,208,SEO for Auto Detailer,Commercial,SEO / AEO / GEO,SEO / AEO / GEO,Auto Detailing,Organic Search Page,High,2,https://autodetailingseo.com/auto-detailing-seo-the-complete-guide-to-ranking-your-shop-on-google/,autodetailingseo.com,Auto Detailing SEO: The Complete Guide to Ranking Your Shop on Google - Auto Detailing SEO,,browserbase
seo for auto detailer,208,SEO for Auto Detailer,Commercial,SEO / AEO / GEO,SEO / AEO / GEO,Auto Detailing,Organic Search Page,High,3,https://www.curbcar.co/blogs/how-to-rank-1-on-google-as-a-mobile-detailer,curbcar.co,How to Rank #1 on Google as a Mobile Detailer | CurbCar,,browserbase
seo for auto detailer,208,SEO for Auto Detailer,Commercial,SEO / AEO / GEO,SEO / AEO / GEO,Auto Detailing,Organic Search Page,High,4,https://hirebalzac.ai/seo-playbooks/auto-detailing/,hirebalzac.ai,SEO Playbook for Auto detailing businesses (2026 Guide),,browserbase
seo for auto detailer,208,SEO for Auto Detailer,Commercial,SEO / AEO / GEO,SEO / AEO / GEO,Auto Detailing,Organic Search Page,High,5,https://clicksgeek.com/seo-for-car-detailing/,clicksgeek.com,Local SEO for Car Detailing: Your Ultimate Guide | Clicks Geek,,browserbase
marketing for window tint,209,Marketing for Window Tint,Commercial,Industry,Full Stack,Auto Styling,Industry Subservice Page,High,1,https://automotiveupscale.com/marketing-for-window-tinting-businesses-a-comprehensive-guide/,automotiveupscale.com,Marketing for Window Tinting Businesses: A Comprehensive Guide to Growing Year-Round,,browserbase
marketing for window tint,209,Marketing for Window Tint,Commercial,Industry,Full Stack,Auto Styling,Industry Subservice Page,High,2,https://www.symphonyadvertising.com/window-tinting-marketing/,symphonyadvertising.com,How Window Tinting Businesses Get More Leads | Google Ads and SEO Guide,,browserbase
marketing for window tint,209,Marketing for Window Tint,Commercial,Industry,Full Stack,Auto Styling,Industry Subservice Page,High,3,https://galaxygrowthmedia.com/industries/window-tinting-marketing/,galaxygrowthmedia.com,Window Tinting Marketing | Galaxy Growth Media,,browserbase
marketing for window tint,209,Marketing for Window Tint,Commercial,Industry,Full Stack,Auto Styling,Industry Subservice Page,High,4,https://www.windowtint-marketing.com/,windowtint-marketing.com,Digital Marketing for Window Tint | Grow Marketing,,browserbase
marketing for window tint,209,Marketing for Window Tint,Commercial,Industry,Full Stack,Auto Styling,Industry Subservice Page,High,5,https://www.windowtintschool.info/pages/services-and-programs/window-tint-marketing,windowtintschool.info,Expert Window Tint Marketing Strategies for Business Growth,,browserbase
lead generation for window tint,210,Lead Generation for Window Tint,Commercial,Industry,Full Stack,Auto Styling,Industry Subservice Page,High,1,https://getwindowtinting.com/ai-website,getwindowtinting.com,"Get Window Tinting Leads with an AI Driven, Targeted Website",,browserbase
lead generation for window tint,210,Lead Generation for Window Tint,Commercial,Industry,Full Stack,Auto Styling,Industry Subservice Page,High,2,https://tintbot.ai/,tintbot.ai,Tintbot.ai - AI Platform Built for Window Tint Shops,,browserbase
lead generation for window tint,210,Lead Generation for Window Tint,Commercial,Industry,Full Stack,Auto Styling,Industry Subservice Page,High,3,https://tintwiz.com/lead-capture,tintwiz.com,"Window Tint Lead Capture | Respond Faster, Book More Jobs - Tint Wiz",,browserbase
lead generation for window tint,210,Lead Generation for Window Tint,Commercial,Industry,Full Stack,Auto Styling,Industry Subservice Page,High,4,https://myquoteiq.com/crm-for-window-tinting-services/,myquoteiq.com,#1 CRM For Window Tinting Services In 2026 | QuoteIQ,,browserbase
lead generation for window tint,210,Lead Generation for Window Tint,Commercial,Industry,Full Stack,Auto Styling,Industry Subservice Page,High,5,https://megaleads.co.za/buy-window-tinting-leads/,megaleads.co.za,Buy Window Tinting Leads | Grow Your Business : Mega Leads SA,,browserbase
website design for window tint,211,Website Design for Window Tint,Commercial,Web Development,Web Development,Auto Styling,Service x Subservice Page,Medium,1,https://distillworks.com/industries/window-tinting,distillworks.com,Web Design & SEO for Window Tinting | Distill Works,,browserbase
website design for window tint,211,Website Design for Window Tint,Commercial,Web Development,Web Development,Auto Styling,Service x Subservice Page,Medium,2,https://velocity-seo.com/window-tint/,velocity-seo.com,"Custom, High-Performance Websites for Window Tinting",,browserbase
website design for window tint,211,Website Design for Window Tint,Commercial,Web Development,Web Development,Auto Styling,Service x Subservice Page,Medium,3,https://blakemdesigns.com/website-design-for-window-tinting-companies/,blakemdesigns.com,Website Design for Window Tinting Companies | Blake M Designs,,browserbase
website design for window tint,211,Website Design for Window Tint,Commercial,Web Development,Web Development,Auto Styling,Service x Subservice Page,Medium,4,https://www.cinchwebdesign.com/window-tinting-web-design,cinchwebdesign.com,"Web Design for Window Tinting Companies, SEO Marketing & Web Designers",,browserbase
website design for window tint,211,Website Design for Window Tint,Commercial,Web Development,Web Development,Auto Styling,Service x Subservice Page,Medium,5,https://blesswebdesigns.com/window-tinting-website-design/,blesswebdesigns.com,Window Tinting Website Design in Dallas | Bless Web Designs,,browserbase
google ads for window tint,212,Google Ads for Window Tint,Commercial,Google PPC,Google PPC,Auto Styling,Paid Search Page,High,1,https://www.sona.com/blog/google-ads-for-car-window-tinting-step-by-step,sona.com,Google Ads for Car Window Tinting: A Comprehensive Setup Guide | Sona,,browserbase
google ads for window tint,212,Google Ads for Window Tint,Commercial,Google PPC,Google PPC,Auto Styling,Paid Search Page,High,2,https://downeymarketing.com/car-tinting-google-ads/,downeymarketing.com,How To Run Google Ads For Car Tinting Businesses,,browserbase
google ads for window tint,212,Google Ads for Window Tint,Commercial,Google PPC,Google PPC,Auto Styling,Paid Search Page,High,3,https://anytimedigitalmarketing.com/2025/11/17/google-ads-strategies-for-window-tinting-companies/,anytimedigitalmarketing.com,Google Ads Strategies for Window Tinting Companies - Anytime Digital Marketing,,browserbase
google ads for window tint,212,Google Ads for Window Tint,Commercial,Google PPC,Google PPC,Auto Styling,Paid Search Page,High,4,https://www.symphonyadvertising.com/window-tinting-marketing/,symphonyadvertising.com,How Window Tinting Businesses Get More Leads | Google Ads and SEO Guide,,browserbase
google ads for window tint,212,Google Ads for Window Tint,Commercial,Google PPC,Google PPC,Auto Styling,Paid Search Page,High,5,https://www.exseedmarketing.com/window-covering-internet-marketing-service/google-marketing-for-window-tint-professionals,exseedmarketing.com,Google Marketing for Window Tint Professionals | Exseed Marketing,,browserbase
seo for window tint,213,SEO for Window Tint,Commercial,SEO / AEO / GEO,SEO / AEO / GEO,Auto Styling,Organic Search Page,High,1,https://www.servgrow.com/home-services-seo/seo-for-window-tinters,servgrow.com,Window Tinter SEO: The Best Guide to Search Engine Optimization,,browserbase
seo for window tint,213,SEO for Window Tint,Commercial,SEO / AEO / GEO,SEO / AEO / GEO,Auto Styling,Organic Search Page,High,2,https://flashcrafter.ai/auto-tinting-marketing-growth-engine/seo-guide,flashcrafter.ai,Complete Auto Tinting SEO Guide: Rank #1 in Your City | FlashCrafter,,browserbase
seo for window tint,213,SEO for Window Tint,Commercial,SEO / AEO / GEO,SEO / AEO / GEO,Auto Styling,Organic Search Page,High,3,https://distillworks.com/industries/window-tinting,distillworks.com,Web Design & SEO for Window Tinting | Distill Works,,browserbase
seo for window tint,213,SEO for Window Tint,Commercial,SEO / AEO / GEO,SEO / AEO / GEO,Auto Styling,Organic Search Page,High,4,https://tintwiz.com/window-tint-marketing/seo-for-window-tint-paint-protection-film-local-seo-strategies,tintwiz.com,SEO for Window Tint & Paint Protection Film: Local SEO Strategies - Tint Wiz,,browserbase
seo for window tint,213,SEO for Window Tint,Commercial,SEO / AEO / GEO,SEO / AEO / GEO,Auto Styling,Organic Search Page,High,5,https://tinttitans.com/window-tint-seo-strategies-for-ranking-higher-on-google/,tinttitans.com,Window Tint SEO: Strategies for Ranking Higher on Google - Tint Titans,,browserbase
marketing for paint protection film,214,Marketing for Paint Protection Film,Commercial,Industry,Full Stack,Auto Styling,Industry Subservice Page,High,1,https://noahfordetailers.com/guides/ppf-marketing-auto-detailers/,noahfordetailers.com,PPF Marketing for Auto Detailers: 2026 Guide to Get More Leads,,browserbase
marketing for paint protection film,214,Marketing for Paint Protection Film,Commercial,Industry,Full Stack,Auto Styling,Industry Subservice Page,High,2,https://www.symphonyadvertising.com/ppf-ceramic-coating-marketing/,symphonyadvertising.com,PPF and Ceramic Coating Shop Marketing: How to Attract High-Value Installation Jobs,,browserbase
marketing for paint protection film,214,Marketing for Paint Protection Film,Commercial,Industry,Full Stack,Auto Styling,Industry Subservice Page,High,3,https://rewiredtech.io/tech-playbooks/auto-tint-and-ppf-marketing/,rewiredtech.io,Auto Tint and PPF Marketing to Grow Your Business - Rewired Technologies,,browserbase
marketing for paint protection film,214,Marketing for Paint Protection Film,Commercial,Industry,Full Stack,Auto Styling,Industry Subservice Page,High,4,https://rgbgfilms.com/how-to-get-more-ppf-customers-proven-ppf-marketing-strategies/,rgbgfilms.com,PPF Marketing Tips: How to Get More PPF Customers,,browserbase
marketing for paint protection film,214,Marketing for Paint Protection Film,Commercial,Industry,Full Stack,Auto Styling,Industry Subservice Page,High,5,https://tintwiz.com/ppf-software/how-to-market-your-paint-protection-film-business,tintwiz.com,How to Market Your Paint Protection Film Business - Tint Wiz,,browserbase
lead generation for paint protection film,215,Lead Generation for Paint Protection Film,Commercial,Industry,Full Stack,Auto Styling,Industry Subservice Page,High,1,https://noahfordetailers.com/guides/ppf-marketing-auto-detailers/,noahfordetailers.com,PPF Marketing for Auto Detailers: 2026 Guide to Get More Leads,,browserbase
lead generation for paint protection film,215,Lead Generation for Paint Protection Film,Commercial,Industry,Full Stack,Auto Styling,Industry Subservice Page,High,2,https://ppf.conspicuo.us/,ppf.conspicuo.us,High-Intent PPF Buyers for Paint Protection Film Shops | Conspicuous Digital,,browserbase
lead generation for paint protection film,215,Lead Generation for Paint Protection Film,Commercial,Industry,Full Stack,Auto Styling,Industry Subservice Page,High,3,https://ikaimedia.com/automotive-shops/,ikaimedia.com,"PPF, Tint, Wrap & Detailing Marketing Agency | Scale Your Shop",,browserbase
lead generation for paint protection film,215,Lead Generation for Paint Protection Film,Commercial,Industry,Full Stack,Auto Styling,Industry Subservice Page,High,4,https://need4leads.ca/,need4leads.ca,"Need4Leads | Revenue System for Ceramic Coating, PPF & Tint Shops",,browserbase
lead generation for paint protection film,215,Lead Generation for Paint Protection Film,Commercial,Industry,Full Stack,Auto Styling,Industry Subservice Page,High,5,https://www.mobileleadsagency.com/,mobileleadsagency.com,"Mobile Leads Marketing | PPF, Ceramic Coating & Window Tinting Marketing Agency",,browserbase
website design for paint protection film,216,Website Design for Paint Protection Film,Commercial,Web Development,Web Development,Auto Styling,Service x Subservice Page,Medium,1,https://www.detailersroadmap.com/industries-served/paint-protection-film,detailersroadmap.com,Paint Protection Film Website Design | Detailers Roadmap | Chicago,,browserbase
website design for paint protection film,216,Website Design for Paint Protection Film,Commercial,Web Development,Web Development,Auto Styling,Service x Subservice Page,Medium,2,https://www.detailersroadmap.com/creating-perfect-paint-protection-film-websites-6-tips,detailersroadmap.com,Creating Perfect Paint Protection Film Websites: 6 Tips,,browserbase
website design for paint protection film,216,Website Design for Paint Protection Film,Commercial,Web Development,Web Development,Auto Styling,Service x Subservice Page,Medium,3,https://www.austinserb.com/projects/bespoke,austinserb.com,Austin Serb - Projects Bespoke Tint & PPF,,browserbase
website design for paint protection film,216,Website Design for Paint Protection Film,Commercial,Web Development,Web Development,Auto Styling,Service x Subservice Page,Medium,4,https://www.limawebstudios.com/portfolio/paint-protection-ma,limawebstudios.com,Paint Protection MA: PPF Website | LWS,,browserbase
website design for paint protection film,216,Website Design for Paint Protection Film,Commercial,Web Development,Web Development,Auto Styling,Service x Subservice Page,Medium,5,https://globalbay.design/case-studies/empowering-a-car-detailing-brand-with-a-clean-high-performing-website/,globalbay.design,Case Study: Car Detailing Website Design for Pure PPF | Global Bay,,browserbase
google ads for paint protection film,217,Google Ads for Paint Protection Film,Commercial,Google PPC,Google PPC,Auto Styling,Paid Search Page,High,1,https://www.detailersmovement.com/google-ads-for-auto-detailers-ppf-installers-tint-shops-wrap-businesses-how-to-get-leads-on-demand/,detailersmovement.com,"Google Ads for Auto Detailers, PPF Installers, Tint & Wrap Shops: Get Leads on Demand",,browserbase
google ads for paint protection film,217,Google Ads for Paint Protection Film,Commercial,Google PPC,Google PPC,Auto Styling,Paid Search Page,High,2,https://www.symphonyadvertising.com/ppf-ceramic-coating-marketing/,symphonyadvertising.com,PPF and Ceramic Coating Shop Marketing: How to Attract High-Value Installation Jobs,,browserbase
google ads for paint protection film,217,Google Ads for Paint Protection Film,Commercial,Google PPC,Google PPC,Auto Styling,Paid Search Page,High,3,https://www.detailersmovement.com/the-best-keywords-for-auto-detailers-ppf-installers-tint-shops-wrap-businesses-google-ads-keyword-guide/,detailersmovement.com,"The Best Keywords for Google Ads Campaigns for Auto Detailers, PPF Installers & Tint Shops",,browserbase
google ads for paint protection film,217,Google Ads for Paint Protection Film,Commercial,Google PPC,Google PPC,Auto Styling,Paid Search Page,High,4,https://noahfordetailers.com/guides/ppf-marketing-auto-detailers/,noahfordetailers.com,PPF Marketing for Auto Detailers: 2026 Guide to Get More Leads,,browserbase
google ads for paint protection film,217,Google Ads for Paint Protection Film,Commercial,Google PPC,Google PPC,Auto Styling,Paid Search Page,High,5,https://rewiredtech.io/tech-playbooks/auto-tint-and-ppf-marketing/,rewiredtech.io,Auto Tint and PPF Marketing to Grow Your Business - Rewired Technologies,,browserbase
seo for paint protection film,218,SEO for Paint Protection Film,Commercial,SEO / AEO / GEO,SEO / AEO / GEO,Auto Styling,Organic Search Page,High,1,https://autodetailingseo.com/seo-for-paint-protection-film-business/,autodetailingseo.com,SEO for Paint Protection Film Business - Double Your Leads in Next 90 Days,,browserbase
seo for paint protection film,218,SEO for Paint Protection Film,Commercial,SEO / AEO / GEO,SEO / AEO / GEO,Auto Styling,Organic Search Page,High,2,https://tintwiz.com/window-tint-marketing/seo-for-window-tint-paint-protection-film-local-seo-strategies,tintwiz.com,SEO for Window Tint & Paint Protection Film: Local SEO Strategies - Tint Wiz,,browserbase
seo for paint protection film,218,SEO for Paint Protection Film,Commercial,SEO / AEO / GEO,SEO / AEO / GEO,Auto Styling,Organic Search Page,High,3,https://www.detailersmovement.com/how-to-set-up-seo-friendly-landing-pages-for-lead-generation-for-auto-detailers-ppf-installers-and-tint-shops/,detailersmovement.com,"How to Set Up SEO-Friendly Landing Pages for Lead Generation (for Auto Detailers, PPF Installers, and Tint Shops)",,browserbase
seo for paint protection film,218,SEO for Paint Protection Film,Commercial,SEO / AEO / GEO,SEO / AEO / GEO,Auto Styling,Organic Search Page,High,4,https://rallyways.com/12097/paint-protection-film-shop-website-seo-tips-for-success/,rallyways.com,Paint Protection Film Shop Website SEO Advice You Need,,browserbase
seo for paint protection film,218,SEO for Paint Protection Film,Commercial,SEO / AEO / GEO,SEO / AEO / GEO,Auto Styling,Organic Search Page,High,5,https://www.detailersmovement.com/how-to-build-topical-authority-for-ppf-installers-and-tint-shops-and-why-it-matters-for-seo/,detailersmovement.com,How to Build Topical Authority for PPF Installers and Tint Shops (and Why It Matters for SEO),,browserbase
marketing for vehicle wraps,219,Marketing for Vehicle Wraps,Commercial,Industry,Full Stack,Auto Styling,Industry Subservice Page,High,1,https://chemistmedia.com/how-effective-is-car-wrap-advertising/,chemistmedia.com,How Effective is Car Wrap Advertising? Exploring Its Impact and Benefits for Businesses • Chemist Media - Audio | Digital | Motion Marketing Agency,,browserbase
marketing for vehicle wraps,219,Marketing for Vehicle Wraps,Commercial,Industry,Full Stack,Auto Styling,Industry Subservice Page,High,2,https://inkbotdesign.com/vehicle-wrap-advertising/,inkbotdesign.com,"Vehicle Wrap Advertising: How To Get 30,000+ Views Per Day",,browserbase
marketing for vehicle wraps,219,Marketing for Vehicle Wraps,Commercial,Industry,Full Stack,Auto Styling,Industry Subservice Page,High,3,https://cubecreative.design/blog/pest-control-marketing/vehicle-wrap-design,cubecreative.design,Vehicle Wrap Design: Make Your Trucks Work Harder,,browserbase
marketing for vehicle wraps,219,Marketing for Vehicle Wraps,Commercial,Industry,Full Stack,Auto Styling,Industry Subservice Page,High,4,https://gitnux.org/vehicle-wrap-marketing-statistics/,gitnux.org,Vehicle Wrap Marketing Statistics (2026): Expert Analysis,,browserbase
marketing for vehicle wraps,219,Marketing for Vehicle Wraps,Commercial,Industry,Full Stack,Auto Styling,Industry Subservice Page,High,5,https://torontocarwrap.com/vehicle-wrap-marketing-strategies-toronto/,torontocarwrap.com,"Vehicle Wrap Marketing Toronto: Design, Layout, & Branding Strategies",,browserbase
lead generation for vehicle wraps,220,Lead Generation for Vehicle Wraps,Commercial,Industry,Full Stack,Auto Styling,Industry Subservice Page,High,1,https://expocurve.com/,expocurve.com,We Help Vehicle Wrapping Companies Scale With Predictability Via Paid Advertising,,browserbase
lead generation for vehicle wraps,220,Lead Generation for Vehicle Wraps,Commercial,Industry,Full Stack,Auto Styling,Industry Subservice Page,High,2,https://sellmorewraps.com/,sellmorewraps.com,Best Lead Generation & Marketing Solutions for Vehicle Wrap Shops,,browserbase
lead generation for vehicle wraps,220,Lead Generation for Vehicle Wraps,Commercial,Industry,Full Stack,Auto Styling,Industry Subservice Page,High,3,https://www.vehiclewrapleads.com/,vehiclewrapleads.com,Vehicle Wrap Leads,,browserbase
lead generation for vehicle wraps,220,Lead Generation for Vehicle Wraps,Commercial,Industry,Full Stack,Auto Styling,Industry Subservice Page,High,4,https://www.sirgraphic.com/how-to-track-your-wraps-roi-turn-your-fleet-into-a-lead-generation-machine/,sirgraphic.com,Vehicle Wrap ROI: Measuring Your Success - Sir Graphic,,browserbase
lead generation for vehicle wraps,220,Lead Generation for Vehicle Wraps,Commercial,Industry,Full Stack,Auto Styling,Industry Subservice Page,High,5,https://carproleads.com/,carproleads.com,Car Pro Leads,,browserbase
website design for vehicle wraps,221,Website Design for Vehicle Wraps,Commercial,Web Development,Web Development,Auto Styling,Service x Subservice Page,Medium,1,https://qrolic.com/services/car-wrapping-business-website-design-service/,qrolic.com,Car Wrapping Business Website Design Service - Qrolic Technologies,,browserbase
website design for vehicle wraps,221,Website Design for Vehicle Wraps,Commercial,Web Development,Web Development,Auto Styling,Service x Subservice Page,Medium,2,https://180sites.com/car-wraps-web-design/,180sites.com,Car Wraps Web Design By 180 Sites,,browserbase
website design for vehicle wraps,221,Website Design for Vehicle Wraps,Commercial,Web Development,Web Development,Auto Styling,Service x Subservice Page,Medium,3,https://cannonemarketing.com/web-design-for-vinyl-wraps-graphics,cannonemarketing.com,Web Design for Vinyl Wrap & Graphics Shops | $99/Month Custom Sites,,browserbase
website design for vehicle wraps,221,Website Design for Vehicle Wraps,Commercial,Web Development,Web Development,Auto Styling,Service x Subservice Page,Medium,4,https://swiftmarketing.com/vehicle-wraps-business-website/,swiftmarketing.com,Vehicle Wraps Business Website - Swift Marketing,,browserbase
website design for vehicle wraps,221,Website Design for Vehicle Wraps,Commercial,Web Development,Web Development,Auto Styling,Service x Subservice Page,Medium,5,https://www.behance.net/gallery/229248975/AwsWrap-Premium-Wrapping-Website-Design-UXUI-Figma,behance.net,AwsWrap – Premium Wrapping Website Design UX/UI Figma :: Behance,,browserbase
google ads for vehicle wraps,222,Google Ads for Vehicle Wraps,Commercial,Google PPC,Google PPC,Auto Styling,Paid Search Page,High,1,https://www.cjco.com.au/google-ads-for-vehicle-wrap-companies/,cjco.com.au,Google Ads For Vehicle Wrap Companies | CJ&CO Digital Marketing,,browserbase
google ads for vehicle wraps,222,Google Ads for Vehicle Wraps,Commercial,Google PPC,Google PPC,Auto Styling,Paid Search Page,High,2,https://www.detailersmovement.com/google-ads-for-auto-detailers-ppf-installers-tint-shops-wrap-businesses-how-to-get-leads-on-demand/,detailersmovement.com,"Google Ads for Auto Detailers, PPF Installers, Tint & Wrap Shops: Get Leads on Demand",,browserbase
google ads for vehicle wraps,222,Google Ads for Vehicle Wraps,Commercial,Google PPC,Google PPC,Auto Styling,Paid Search Page,High,3,https://chicagofleetwraps.com/vsads/,chicagofleetwraps.com,Vehicle Wraps vs Google Ads | Chicago Fleet Wraps,,browserbase
google ads for vehicle wraps,222,Google Ads for Vehicle Wraps,Commercial,Google PPC,Google PPC,Auto Styling,Paid Search Page,High,4,https://support.google.com/google-ads/answer/16920255?hl=en-EN,support.google.com,About vehicle feeds on Search ads - Google Ads Help,,browserbase
google ads for vehicle wraps,222,Google Ads for Vehicle Wraps,Commercial,Google PPC,Google PPC,Auto Styling,Paid Search Page,High,5,https://support.google.com/google-ads/answer/15312145?hl=en,support.google.com,Vehicle ads activation - Google Ads Help,,browserbase
seo for vehicle wraps,223,SEO for Vehicle Wraps,Commercial,SEO / AEO / GEO,SEO / AEO / GEO,Auto Styling,Organic Search Page,High,1,https://www.ranktracker.com/blog/car-wrap-vinyl-graphics-seo/,ranktracker.com,Car Wrap & Vinyl Graphics SEO: Drive More Traffic and Book More Custom Installs,,browserbase
seo for vehicle wraps,223,SEO for Vehicle Wraps,Commercial,SEO / AEO / GEO,SEO / AEO / GEO,Auto Styling,Organic Search Page,High,2,https://www.garagetool.app/blog/complete-on-page-seo-checklist-car-wrap-shops,garagetool.app,Best on page SEO checklist for car wrap shop websites,,browserbase
seo for vehicle wraps,223,SEO for Vehicle Wraps,Commercial,SEO / AEO / GEO,SEO / AEO / GEO,Auto Styling,Organic Search Page,High,3,https://mapranking.com/google-maps-seo/commercial-vehicle-wrap-seo/,mapranking.com,Vehicle Wraps & Window Tint SEO,,browserbase
seo for vehicle wraps,223,SEO for Vehicle Wraps,Commercial,SEO / AEO / GEO,SEO / AEO / GEO,Auto Styling,Organic Search Page,High,4,https://boostedlab.com/services/search-engine-optimization/car-wrap-shops/,boostedlab.com,Mastering SEO - Car Wrap & Vinyl Shops - Boosted Lab,,browserbase
seo for vehicle wraps,223,SEO for Vehicle Wraps,Commercial,SEO / AEO / GEO,SEO / AEO / GEO,Auto Styling,Organic Search Page,High,5,https://www.detailersmovement.com/how-to-set-up-seo-friendly-landing-pages-for-lead-generation-for-auto-detailers-ppf-installers-and-tint-shops/,detailersmovement.com,"How to Set Up SEO-Friendly Landing Pages for Lead Generation (for Auto Detailers, PPF Installers, and Tint Shops)",,browserbase
marketing for roof inspection,229,Marketing for Roof Inspection,Commercial,Industry,Full Stack,Roofing,Industry Subservice Page,High,1,https://www.silvermine.ai/newsletter/roofing-company-marketing-how-to-generate-more-inspection-ready-leads,silvermine.ai,Roofing Company Marketing: How to Generate More Inspection-Ready Leads,,browserbase
marketing for roof inspection,229,Marketing for Roof Inspection,Commercial,Industry,Full Stack,Roofing,Industry Subservice Page,High,2,https://themarketingjuice.com/roof-lead-generation/,themarketingjuice.com,Roof Lead Generation: What Actually Moves the Needle,,browserbase
marketing for roof inspection,229,Marketing for Roof Inspection,Commercial,Industry,Full Stack,Roofing,Industry Subservice Page,High,3,https://digitalfootprintsolutions.com/resources/complete-guide-roofing-marketing-2026.html,digitalfootprintsolutions.com,The Complete Guide to Roofing Marketing in 2026 | DFS,,browserbase
marketing for roof inspection,229,Marketing for Roof Inspection,Commercial,Industry,Full Stack,Roofing,Industry Subservice Page,High,4,https://neilpatel.com/blog/roofing-marketing/,neilpatel.com,Roofing Marketing Guide: Grow Your Roofing Business,,browserbase
marketing for roof inspection,229,Marketing for Roof Inspection,Commercial,Industry,Full Stack,Roofing,Industry Subservice Page,High,5,https://pinpointpromote.com/resources/roofing-storm-season-marketing-guide,pinpointpromote.com,Roofing Storm Season Marketing Guide 2026: Insurance Leads & Surge Strategy | PinPoint Promote | PinPoint Promote,,browserbase
lead generation for roof inspection,230,Lead Generation for Roof Inspection,Commercial,Industry,Full Stack,Roofing,Industry Subservice Page,High,1,https://roofingroi.net/lead-generation-services/,roofingroi.net,Targeted Lead Generation For Roofers | RoofingROI Labs,,browserbase
lead generation for roof inspection,230,Lead Generation for Roof Inspection,Commercial,Industry,Full Stack,Roofing,Industry Subservice Page,High,2,https://www.perfectleads.com/industries/roofing/,perfectleads.com,Roofing - PerfectLeads,,browserbase
lead generation for roof inspection,230,Lead Generation for Roof Inspection,Commercial,Industry,Full Stack,Roofing,Industry Subservice Page,High,3,https://roofpredict.com/blog/get-free-inspection-leads-with-google-ads-roofing,roofpredict.com,Get Free Inspection Leads with Google Ads Roofing | RoofPredict Blog,,browserbase
lead generation for roof inspection,230,Lead Generation for Roof Inspection,Commercial,Industry,Full Stack,Roofing,Industry Subservice Page,High,4,https://aerialinsights.tech/,aerialinsights.tech,AI-Powered Lead Generation for Roofing Contractors | Aerial Insights A.I.,,browserbase
lead generation for roof inspection,230,Lead Generation for Roof Inspection,Commercial,Industry,Full Stack,Roofing,Industry Subservice Page,High,5,https://roofleadsai.com/,roofleadsai.com,Storm Intelligence Lead Platform for Roofers | Live Storm Map and Exclusive ZIP Targeting | RoofLeadsAI,,browserbase
website design for roof inspection,231,Website Design for Roof Inspection,Commercial,Web Development,Web Development,Roofing,Service x Subservice Page,Medium,1,https://avorimedia.com/web-design-for-roofing-contractors/,avorimedia.com,Web Design for Roofing Contractors,,browserbase
website design for roof inspection,231,Website Design for Roof Inspection,Commercial,Web Development,Web Development,Roofing,Service x Subservice Page,Medium,2,https://tmncreative.com/websites-for-roofing-companies,tmncreative.com,Websites for Roofing Companies · TMN Creative,,browserbase
website design for roof inspection,231,Website Design for Roof Inspection,Commercial,Web Development,Web Development,Roofing,Service x Subservice Page,Medium,3,https://www.ninetywebdesign.com/roofing-web-design/,ninetywebdesign.com,Expert Web Design For Roofing Companies | Ninety Web Design,,browserbase
website design for roof inspection,231,Website Design for Roof Inspection,Commercial,Web Development,Web Development,Roofing,Service x Subservice Page,Medium,4,https://tweakable.co/roofing-website-design/,tweakable.co,Roofing Website Design | Tweakable,,browserbase
website design for roof inspection,231,Website Design for Roof Inspection,Commercial,Web Development,Web Development,Roofing,Service x Subservice Page,Medium,5,https://www.rocket.new/templates/certify-expert-housing-inspector-landing-page-template,rocket.new,Certify — Expert Housing Inspector Landing Page Template Template | Build Fully Functional Applications with Rocket,,browserbase
google ads for roof inspection,232,Google Ads for Roof Inspection,Commercial,Google PPC,Google PPC,Roofing,Paid Search Page,High,1,https://roofpredict.com/blog/get-free-inspection-leads-with-google-ads-roofing,roofpredict.com,Get Free Inspection Leads with Google Ads Roofing | RoofPredict Blog,,browserbase
google ads for roof inspection,232,Google Ads for Roof Inspection,Commercial,Google PPC,Google PPC,Roofing,Paid Search Page,High,2,https://www.ondeckmarketing.co/roofer-google-ads-setup,ondeckmarketing.co,The Step-by-Step Guide to a Winning Roofer Google Ads Setup,,browserbase
google ads for roof inspection,232,Google Ads for Roof Inspection,Commercial,Google PPC,Google PPC,Roofing,Paid Search Page,High,3,https://adswithsaqib.com/how-google-ads-generate-roofing-jobs/,adswithsaqib.com,How Google Ads Actually Generate Roofing Jobs — Not Just Leads,,browserbase
google ads for roof inspection,232,Google Ads for Roof Inspection,Commercial,Google PPC,Google PPC,Roofing,Paid Search Page,High,4,https://adssupremacy.com/google-ads-for-roofers/,adssupremacy.com,"Google Ads for Roofers - Get More Calls, Repairs & Roof Install Leads",,browserbase
google ads for roof inspection,232,Google Ads for Roof Inspection,Commercial,Google PPC,Google PPC,Roofing,Paid Search Page,High,5,https://localadsguide.com/2026/05/18/daniel-dimsey-how-to-set-up-google-ads-for-your-roofing-business-step-by-step/,localadsguide.com,Step-by-Step Google Ads Setup for Roofing Leads (Daniel Dimsey),,browserbase
seo for roof inspection,233,SEO for Roof Inspection,Commercial,SEO / AEO / GEO,SEO / AEO / GEO,Roofing,Organic Search Page,High,1,https://prospelle.com/industries/roofing-exterior/roofer-seo/service-pages/,prospelle.com,Service Page Optimization For Roofers | Prospelle,,browserbase
seo for roof inspection,233,SEO for Roof Inspection,Commercial,SEO / AEO / GEO,SEO / AEO / GEO,Roofing,Organic Search Page,High,2,https://www.corc.co.uk/crafting-service-pages-that-rank-a-roofers-guide-to-seo-success/,corc.co.uk,Crafting Service Pages That Rank: A Roofer's Guide to SEO Success - Confederation of Roofing Contractors,,browserbase
seo for roof inspection,233,SEO for Roof Inspection,Commercial,SEO / AEO / GEO,SEO / AEO / GEO,Roofing,Organic Search Page,High,3,https://www.webfx.com/blog/home-services/roofing-seo-guide/,webfx.com,Roofing SEO: A Complete Guide to Getting More Leads (2025),,browserbase
seo for roof inspection,233,SEO for Roof Inspection,Commercial,SEO / AEO / GEO,SEO / AEO / GEO,Roofing,Organic Search Page,High,4,https://www.bestroofermarketing.com/eeat-checklist-for-roofing-websites/,bestroofermarketing.com,The Roofing Contractor's EEAT Checklist for Google,,browserbase
seo for roof inspection,233,SEO for Roof Inspection,Commercial,SEO / AEO / GEO,SEO / AEO / GEO,Roofing,Organic Search Page,High,5,https://oshinwebsolution.com/seo-for-roofing-company/,oshinwebsolution.com,SEO for Roofing Company: Proven Strategies for Local Leads,,browserbase
marketing for storm damage roofing,234,Marketing for Storm Damage Roofing,Commercial,Industry,Full Stack,Roofing,Industry Subservice Page,High,1,https://www.powerchord.com/blog/roofing-storm-season-marketing/,powerchord.com,Roofing Storm Season Marketing: How to Capture More Leads Before and After the Storm | PowerChord,,browserbase
marketing for storm damage roofing,234,Marketing for Storm Damage Roofing,Commercial,Industry,Full Stack,Roofing,Industry Subservice Page,High,2,https://pinpointpromote.com/resources/roofing-storm-season-marketing-guide,pinpointpromote.com,Roofing Storm Season Marketing Guide 2026: Insurance Leads & Surge Strategy | PinPoint Promote | PinPoint Promote,,browserbase
marketing for storm damage roofing,234,Marketing for Storm Damage Roofing,Commercial,Industry,Full Stack,Roofing,Industry Subservice Page,High,3,https://roofingroi.net/storm-damage-roofing-marketing/,roofingroi.net,Roofing Marketing for Storm Restoration Contractors,,browserbase
marketing for storm damage roofing,234,Marketing for Storm Damage Roofing,Commercial,Industry,Full Stack,Roofing,Industry Subservice Page,High,4,https://www.roofcontractormarketing.com/storm-marketing-guide-how-to-be-the-first-roofer-homeowners-call-after-a-storm/,roofcontractormarketing.com,Storm Marketing Guide: How To Be The First Roofer Homeowners Call After A Storm - Roof Contractor Marketing,,browserbase
marketing for storm damage roofing,234,Marketing for Storm Damage Roofing,Commercial,Industry,Full Stack,Roofing,Industry Subservice Page,High,5,https://bestppcfirm.com/blog/storm-damage-roofing-ads-strategy,bestppcfirm.com,Storm Damage Roofing Ads Strategy | BestPPC Blog | BestPPC,,browserbase
lead generation for storm damage roofing,235,Lead Generation for Storm Damage Roofing,Commercial,Industry,Full Stack,Roofing,Industry Subservice Page,High,1,https://pinpointpromote.com/resources/roofing-storm-season-marketing-guide,pinpointpromote.com,Roofing Storm Season Marketing Guide 2026: Insurance Leads & Surge Strategy | PinPoint Promote | PinPoint Promote,,browserbase
lead generation for storm damage roofing,235,Lead Generation for Storm Damage Roofing,Commercial,Industry,Full Stack,Roofing,Industry Subservice Page,High,2,https://roofingroi.net/storm-damage-roofing-marketing/,roofingroi.net,Roofing Marketing for Storm Restoration Contractors,,browserbase
lead generation for storm damage roofing,235,Lead Generation for Storm Damage Roofing,Commercial,Industry,Full Stack,Roofing,Industry Subservice Page,High,3,https://www.stormleadmachine.com/,stormleadmachine.com,Storm Lead Machine — Turn Every Storm Into Revenue,,browserbase
lead generation for storm damage roofing,235,Lead Generation for Storm Damage Roofing,Commercial,Industry,Full Stack,Roofing,Industry Subservice Page,High,4,https://www.roofing-seo.com/roofing-marketing-services/storm-restoration-marketing,roofing-seo.com,Exclusive Storm Leads | Storm Restoration Marketing,,browserbase
lead generation for storm damage roofing,235,Lead Generation for Storm Damage Roofing,Commercial,Industry,Full Stack,Roofing,Industry Subservice Page,High,5,https://stormleadpro.com/,stormleadpro.com,StormLeadPro — Roofing Automation That Runs While You Work,,browserbase
website design for storm damage roofing,236,Website Design for Storm Damage Roofing,Commercial,Web Development,Web Development,Roofing,Service x Subservice Page,Medium,1,https://www.interactivebuilds.com/web-design-for-roofers/,interactivebuilds.com,Web Design For Roofers • Interactive Builds,,browserbase
website design for storm damage roofing,236,Website Design for Storm Damage Roofing,Commercial,Web Development,Web Development,Roofing,Service x Subservice Page,Medium,2,https://tmncreative.com/websites-for-roofing-companies,tmncreative.com,Websites for Roofing Companies · TMN Creative,,browserbase
website design for storm damage roofing,236,Website Design for Storm Damage Roofing,Commercial,Web Development,Web Development,Roofing,Service x Subservice Page,Medium,3,https://proweb365.com/blog/web-design/how-a-roofing-website-builds-trust-with-homeowners-after-storm-damage/,proweb365.com,How a Roofing Website Builds Trust After Storm Damage,,browserbase
website design for storm damage roofing,236,Website Design for Storm Damage Roofing,Commercial,Web Development,Web Development,Roofing,Service x Subservice Page,Medium,4,https://avorimedia.com/web-design-for-roofing-contractors/,avorimedia.com,Web Design for Roofing Contractors,,browserbase
website design for storm damage roofing,236,Website Design for Storm Damage Roofing,Commercial,Web Development,Web Development,Roofing,Service x Subservice Page,Medium,5,https://primatewebfx.com/web-design-for-roofing-contractors/,primatewebfx.com,Web Design for Roofing Contractors | Primate Web FX- Professional Web Design & Custom Graphic Services,,browserbase
google ads for storm damage roofing,237,Google Ads for Storm Damage Roofing,Commercial,Google PPC,Google PPC,Roofing,Paid Search Page,High,1,https://bestppcfirm.com/blog/storm-damage-roofing-ads-strategy,bestppcfirm.com,Storm Damage Roofing Ads Strategy | BestPPC Blog | BestPPC,,browserbase
google ads for storm damage roofing,237,Google Ads for Storm Damage Roofing,Commercial,Google PPC,Google PPC,Roofing,Paid Search Page,High,2,https://bluegridmedia.com/google-ads-for-roofers,bluegridmedia.com,Google Ads for Roofers: Beat Storm Chasers (2026),,browserbase
google ads for storm damage roofing,237,Google Ads for Storm Damage Roofing,Commercial,Google PPC,Google PPC,Roofing,Paid Search Page,High,3,https://elevarus.com/roofing-storm-response-paid-search-playbook/,elevarus.com,Why Smart Bidding Quietly Loses Roofing Contractors Money Per Hailstorm (And the Pre-Staged Account Structure That Fixes It in 72 Hours) - Elevarus,,browserbase
google ads for storm damage roofing,237,Google Ads for Storm Damage Roofing,Commercial,Google PPC,Google PPC,Roofing,Paid Search Page,High,4,https://www.sona.com/blog/google-ads-for-storm-damage-repair-a-comprehensive-setup-guide,sona.com,Google Ads for Storm Damage Repair: A Comprehensive Setup Guide | Sona,,browserbase
google ads for storm damage roofing,237,Google Ads for Storm Damage Roofing,Commercial,Google PPC,Google PPC,Roofing,Paid Search Page,High,5,https://pinpointpromote.com/resources/roofing-storm-season-marketing-guide,pinpointpromote.com,Roofing Storm Season Marketing Guide 2026: Insurance Leads & Surge Strategy | PinPoint Promote | PinPoint Promote,,browserbase
seo for storm damage roofing,238,SEO for Storm Damage Roofing,Commercial,SEO / AEO / GEO,SEO / AEO / GEO,Roofing,Organic Search Page,High,1,https://roofingseoguy.com/roofing-seo-for-storm-businesses/,roofingseoguy.com,Roofing SEO for Storm Businesses,,browserbase
seo for storm damage roofing,238,SEO for Storm Damage Roofing,Commercial,SEO / AEO / GEO,SEO / AEO / GEO,Roofing,Organic Search Page,High,2,https://distillworks.com/blog/how-roofers-get-found-online-after-storm-season,distillworks.com,How Roofers Get Found Online After Storm Season,,browserbase
seo for storm damage roofing,238,SEO for Storm Damage Roofing,Commercial,SEO / AEO / GEO,SEO / AEO / GEO,Roofing,Organic Search Page,High,3,https://topperdigital.com/learning-hub/roofing/roofing-storm-season-seo-houston/,topperdigital.com,How Roofing Companies Capture Storm Season Search Demand in Houston | Topper Digital Learning Hub | Topper Digital,,browserbase
seo for storm damage roofing,238,SEO for Storm Damage Roofing,Commercial,SEO / AEO / GEO,SEO / AEO / GEO,Roofing,Organic Search Page,High,4,https://cameron-hornbostel.com/emergency-roof-repair-seo-how-to-rank-fast-and-capture-high-intent/,cameron-hornbostel.com,Emergency Roof Repair SEO: How To Rank Fast And Capture High-Intent Local Leads | CAMERON HB,,browserbase
seo for storm damage roofing,238,SEO for Storm Damage Roofing,Commercial,SEO / AEO / GEO,SEO / AEO / GEO,Roofing,Organic Search Page,High,5,https://sitelinx.us/predictive-seo-for-los-angeles-roofers-how-to-rank-for-storm-season-before-it-starts/,sitelinx.us,Predictive SEO for LA Roofers: Rank Before Storm Season,,browserbase
marketing for roof replacement,239,Marketing for Roof Replacement,Commercial,Industry,Full Stack,Roofing,Industry Subservice Page,High,1,https://emetdigital.com/blog/roof-replacement-marketing/,emetdigital.com,Roof Replacement Marketing Guide for More Leads | Emet,,browserbase
marketing for roof replacement,239,Marketing for Roof Replacement,Commercial,Industry,Full Stack,Roofing,Industry Subservice Page,High,2,https://inshalytics.com/blogs/roof-replacement-leads,inshalytics.com,Roof Replacement Leads — The Complete Guide for Roofing Contractors in 2026 | Inshalytics,,browserbase
marketing for roof replacement,239,Marketing for Roof Replacement,Commercial,Industry,Full Stack,Roofing,Industry Subservice Page,High,3,https://kodiakdigital.co/roofing-marketing-guide/,kodiakdigital.co,Roofing Marketing: Building Year-Round Lead Flow Beyond Storm Season,,browserbase
marketing for roof replacement,239,Marketing for Roof Replacement,Commercial,Industry,Full Stack,Roofing,Industry Subservice Page,High,4,https://neilpatel.com/blog/roofing-marketing/,neilpatel.com,Roofing Marketing Guide: Grow Your Roofing Business,,browserbase
marketing for roof replacement,239,Marketing for Roof Replacement,Commercial,Industry,Full Stack,Roofing,Industry Subservice Page,High,5,https://digitalfootprintsolutions.com/resources/complete-guide-roofing-marketing-2026.html,digitalfootprintsolutions.com,The Complete Guide to Roofing Marketing in 2026 | DFS,,browserbase
lead generation for roof replacement,240,Lead Generation for Roof Replacement,Commercial,Industry,Full Stack,Roofing,Industry Subservice Page,High,1,https://inshalytics.com/blogs/how-to-generate-roof-replacement-leads-10-proven-digital-strategies-for-2026,inshalytics.com,"How to Generate Roof Replacement Leads, 10 Proven Digital Strategies for 2026 | Inshalytics",,browserbase
lead generation for roof replacement,240,Lead Generation for Roof Replacement,Commercial,Industry,Full Stack,Roofing,Industry Subservice Page,High,2,https://www.ciwebgroup.com/blog/roof-replacement-leads,ciwebgroup.com,The Lead-ing Edge: Acquiring Targeted Roofing Leads for Every Service,,browserbase
lead generation for roof replacement,240,Lead Generation for Roof Replacement,Commercial,Industry,Full Stack,Roofing,Industry Subservice Page,High,3,https://www.leadtruffle.co/blog/complete-guide-roofing-lead-generation-2026/,leadtruffle.co,Roofing Lead Generation: The Complete Guide for 2026 | LeadTruffle | 24/7 AI Lead Qualification Tools for Home Service Contractors,,browserbase
lead generation for roof replacement,240,Lead Generation for Roof Replacement,Commercial,Industry,Full Stack,Roofing,Industry Subservice Page,High,4,https://roofingroi.net/lead-generation-services/,roofingroi.net,Targeted Lead Generation For Roofers | RoofingROI Labs,,browserbase
lead generation for roof replacement,240,Lead Generation for Roof Replacement,Commercial,Industry,Full Stack,Roofing,Industry Subservice Page,High,5,https://digitalfootprintsolutions.com/resources/complete-guide-roofing-marketing-2026.html,digitalfootprintsolutions.com,The Complete Guide to Roofing Marketing in 2026 | DFS,,browserbase
website design for roof replacement,241,Website Design for Roof Replacement,Commercial,Web Development,Web Development,Roofing,Service x Subservice Page,Medium,1,https://tmncreative.com/websites-for-roofing-companies,tmncreative.com,Websites for Roofing Companies · TMN Creative,,browserbase
website design for roof replacement,241,Website Design for Roof Replacement,Commercial,Web Development,Web Development,Roofing,Service x Subservice Page,Medium,2,https://drivewebdesign.com/industries/roofing-websites/,drivewebdesign.com,Roofing Website Design | Local SEO Specialist | Drive Web Design,,browserbase
website design for roof replacement,241,Website Design for Roof Replacement,Commercial,Web Development,Web Development,Roofing,Service x Subservice Page,Medium,3,https://www.interactivebuilds.com/web-design-for-roofers/,interactivebuilds.com,Web Design For Roofers • Interactive Builds,,browserbase
website design for roof replacement,241,Website Design for Roof Replacement,Commercial,Web Development,Web Development,Roofing,Service x Subservice Page,Medium,4,https://blakemdesigns.com/website-design-for-roofing-companies/,blakemdesigns.com,Roofing Website Design: Get More Leads with Blake M Designs,,browserbase
website design for roof replacement,241,Website Design for Roof Replacement,Commercial,Web Development,Web Development,Roofing,Service x Subservice Page,Medium,5,https://avorimedia.com/web-design-for-roofing-contractors/,avorimedia.com,Web Design for Roofing Contractors,,browserbase
google ads for roof replacement,242,Google Ads for Roof Replacement,Commercial,Google PPC,Google PPC,Roofing,Paid Search Page,High,1,https://bluegridmedia.com/google-ads-for-roofers,bluegridmedia.com,Google Ads for Roofers: Beat Storm Chasers (2026),,browserbase
google ads for roof replacement,242,Google Ads for Roof Replacement,Commercial,Google PPC,Google PPC,Roofing,Paid Search Page,High,2,https://www.roofingrevenuemarketing.com/google-search-ads-for-roofing-companies-in-2026/,roofingrevenuemarketing.com,Google Search Ads for Roofing Companies: What Works in 2026,,browserbase
google ads for roof replacement,242,Google Ads for Roof Replacement,Commercial,Google PPC,Google PPC,Roofing,Paid Search Page,High,3,https://bestppcfirm.com/blog/roofing-ppc-campaign-structure-explained,bestppcfirm.com,Roofing PPC Campaign Structure Explained | BestPPC Blog | BestPPC,,browserbase
google ads for roof replacement,242,Google Ads for Roof Replacement,Commercial,Google PPC,Google PPC,Roofing,Paid Search Page,High,4,https://mdmppc.com/google-ads-benchmarks/roofing/,mdmppc.com,Roofing Google Ads Benchmarks (2023–2025) | MDMPPC,,browserbase
google ads for roof replacement,242,Google Ads for Roof Replacement,Commercial,Google PPC,Google PPC,Roofing,Paid Search Page,High,5,https://localadsguide.com/2026/05/18/daniel-dimsey-how-to-set-up-google-ads-for-your-roofing-business-step-by-step/,localadsguide.com,Step-by-Step Google Ads Setup for Roofing Leads (Daniel Dimsey),,browserbase
seo for roof replacement,243,SEO for Roof Replacement,Commercial,SEO / AEO / GEO,SEO / AEO / GEO,Roofing,Organic Search Page,High,1,https://curbsidesearch.com/roofing-company-seo-guide/,curbsidesearch.com,Roofing Company SEO: The Complete Guide | CurbSide Search,,browserbase
seo for roof replacement,243,SEO for Roof Replacement,Commercial,SEO / AEO / GEO,SEO / AEO / GEO,Roofing,Organic Search Page,High,2,https://upnorthmedia.co/blog/seo-for-roofing-companies,upnorthmedia.co,SEO for Roofing Companies: A Complete 2026 Playbook | Up North Media,,browserbase
seo for roof replacement,243,SEO for Roof Replacement,Commercial,SEO / AEO / GEO,SEO / AEO / GEO,Roofing,Organic Search Page,High,3,https://www.fokal.com/seo-for/roofing/,fokal.com,Roofing Company SEO: How Roofers Rank on Google and Get Cited by AI | Fokal Guides,,browserbase
seo for roof replacement,243,SEO for Roof Replacement,Commercial,SEO / AEO / GEO,SEO / AEO / GEO,Roofing,Organic Search Page,High,4,https://almcorp.com/blog/roofing-seo-2026-complete-guide/,almcorp.com,Roofing SEO 2026: Rank #1 on Google & AI Search | Complete Guide,,browserbase
seo for roof replacement,243,SEO for Roof Replacement,Commercial,SEO / AEO / GEO,SEO / AEO / GEO,Roofing,Organic Search Page,High,5,https://emetdigital.com/blog/roof-replacement-marketing/,emetdigital.com,Roof Replacement Marketing Guide for More Leads | Emet,,browserbase
marketing for roof repair,244,Marketing for Roof Repair,Commercial,Industry,Full Stack,Roofing,Industry Subservice Page,High,1,https://neilpatel.com/blog/roofing-marketing/,neilpatel.com,Roofing Marketing Guide: Grow Your Roofing Business,,browserbase
marketing for roof repair,244,Marketing for Roof Repair,Commercial,Industry,Full Stack,Roofing,Industry Subservice Page,High,2,https://digitalfootprintsolutions.com/resources/complete-guide-roofing-marketing-2026.html,digitalfootprintsolutions.com,The Complete Guide to Roofing Marketing in 2026 | DFS,,browserbase
marketing for roof repair,244,Marketing for Roof Repair,Commercial,Industry,Full Stack,Roofing,Industry Subservice Page,High,3,https://curbsidesearch.com/roofing-company-seo-guide/,curbsidesearch.com,Roofing Company SEO: The Complete Guide | CurbSide Search,,browserbase
marketing for roof repair,244,Marketing for Roof Repair,Commercial,Industry,Full Stack,Roofing,Industry Subservice Page,High,4,https://anthonylouismedia.com/roofing-marketing/,anthonylouismedia.com,Roofing Marketing: Get More Leads | Anthony Louis Media,,browserbase
marketing for roof repair,244,Marketing for Roof Repair,Commercial,Industry,Full Stack,Roofing,Industry Subservice Page,High,5,https://pinpointpromote.com/resources/roofing-storm-season-marketing-guide,pinpointpromote.com,Roofing Storm Season Marketing Guide 2026: Insurance Leads & Surge Strategy | PinPoint Promote | PinPoint Promote,,browserbase
lead generation for roof repair,245,Lead Generation for Roof Repair,Commercial,Industry,Full Stack,Roofing,Industry Subservice Page,High,1,https://builtrightdigital.com/roofing-lead-generation-guide/,builtrightdigital.com,Guide to Generating High-Quality Roofing Leads (2026),,browserbase
lead generation for roof repair,245,Lead Generation for Roof Repair,Commercial,Industry,Full Stack,Roofing,Industry Subservice Page,High,2,https://roofingroi.net/lead-generation-services/,roofingroi.net,Targeted Lead Generation For Roofers | RoofingROI Labs,,browserbase
lead generation for roof repair,245,Lead Generation for Roof Repair,Commercial,Industry,Full Stack,Roofing,Industry Subservice Page,High,3,https://themarketingjuice.com/roof-lead-generation/,themarketingjuice.com,Roof Lead Generation: What Actually Moves the Needle,,browserbase
lead generation for roof repair,245,Lead Generation for Roof Repair,Commercial,Industry,Full Stack,Roofing,Industry Subservice Page,High,4,https://leadstoproject.com/roofing-contractors/,leadstoproject.com,Roofing Contractor Marketing & Leads | LeadsToProject,,browserbase
lead generation for roof repair,245,Lead Generation for Roof Repair,Commercial,Industry,Full Stack,Roofing,Industry Subservice Page,High,5,https://digitalfootprintsolutions.com/resources/complete-guide-roofing-marketing-2026.html,digitalfootprintsolutions.com,The Complete Guide to Roofing Marketing in 2026 | DFS,,browserbase
website design for roof repair,246,Website Design for Roof Repair,Commercial,Web Development,Web Development,Roofing,Service x Subservice Page,Medium,1,https://www.getfoundguy.com/roofing-website-design/,getfoundguy.com,Website Design for Roofing Companies | Get Found Guy,,browserbase
website design for roof repair,246,Website Design for Roof Repair,Commercial,Web Development,Web Development,Roofing,Service x Subservice Page,Medium,2,https://tmncreative.com/websites-for-roofing-companies,tmncreative.com,Websites for Roofing Companies · TMN Creative,,browserbase
website design for roof repair,246,Website Design for Roof Repair,Commercial,Web Development,Web Development,Roofing,Service x Subservice Page,Medium,3,https://drivewebdesign.com/industries/roofing-websites/,drivewebdesign.com,Roofing Website Design | Local SEO Specialist | Drive Web Design,,browserbase
website design for roof repair,246,Website Design for Roof Repair,Commercial,Web Development,Web Development,Roofing,Service x Subservice Page,Medium,4,https://www.interactivebuilds.com/web-design-for-roofers/,interactivebuilds.com,Web Design For Roofers • Interactive Builds,,browserbase
website design for roof repair,246,Website Design for Roof Repair,Commercial,Web Development,Web Development,Roofing,Service x Subservice Page,Medium,5,https://avorimedia.com/web-design-for-roofing-contractors/,avorimedia.com,Web Design for Roofing Contractors,,browserbase
google ads for roof repair,247,Google Ads for Roof Repair,Commercial,Google PPC,Google PPC,Roofing,Paid Search Page,High,1,https://bluegridmedia.com/google-ads-for-roofers,bluegridmedia.com,Google Ads for Roofers: Beat Storm Chasers (2026),,browserbase
google ads for roof repair,247,Google Ads for Roof Repair,Commercial,Google PPC,Google PPC,Roofing,Paid Search Page,High,2,https://www.ondeckmarketing.co/roofer-google-ads-setup,ondeckmarketing.co,The Step-by-Step Guide to a Winning Roofer Google Ads Setup,,browserbase
google ads for roof repair,247,Google Ads for Roof Repair,Commercial,Google PPC,Google PPC,Roofing,Paid Search Page,High,3,https://improveandgrow.com/contractors-and-trades/google-ads-for-roofers/,improveandgrow.com,Google Ads For Roofers: 7 Powerful Ways To Dominate 2025,,browserbase
google ads for roof repair,247,Google Ads for Roof Repair,Commercial,Google PPC,Google PPC,Roofing,Paid Search Page,High,4,https://www.thomastowndigital.com/blog/google-ads-roofing-budget-guide,thomastowndigital.com,Google Ads for Roofers: Budget Guide & ROI Analysis,,browserbase
google ads for roof repair,247,Google Ads for Roof Repair,Commercial,Google PPC,Google PPC,Roofing,Paid Search Page,High,5,https://mdmppc.com/google-ads-benchmarks/roofing/,mdmppc.com,Roofing Google Ads Benchmarks (2023–2025) | MDMPPC,,browserbase
seo for roof repair,248,SEO for Roof Repair,Commercial,SEO / AEO / GEO,SEO / AEO / GEO,Roofing,Organic Search Page,High,1,https://cameron-hornbostel.com/emergency-roof-repair-seo-how-to-rank-fast-and-capture-high-intent/,cameron-hornbostel.com,Emergency Roof Repair SEO: How To Rank Fast And Capture High-Intent Local Leads | CAMERON HB,,browserbase
seo for roof repair,248,SEO for Roof Repair,Commercial,SEO / AEO / GEO,SEO / AEO / GEO,Roofing,Organic Search Page,High,2,https://roofingseoguy.com/roofing-seo-guide/,roofingseoguy.com,The Complete Roofing SEO Guide (2026 Edition) - Roofing SEO Guy,,browserbase
seo for roof repair,248,SEO for Roof Repair,Commercial,SEO / AEO / GEO,SEO / AEO / GEO,Roofing,Organic Search Page,High,3,https://curbsidesearch.com/roofing-company-seo-guide/,curbsidesearch.com,Roofing Company SEO: The Complete Guide | CurbSide Search,,browserbase
seo for roof repair,248,SEO for Roof Repair,Commercial,SEO / AEO / GEO,SEO / AEO / GEO,Roofing,Organic Search Page,High,4,https://upnorthmedia.co/blog/seo-for-roofing-companies,upnorthmedia.co,SEO for Roofing Companies: A Complete 2026 Playbook | Up North Media,,browserbase
seo for roof repair,248,SEO for Roof Repair,Commercial,SEO / AEO / GEO,SEO / AEO / GEO,Roofing,Organic Search Page,High,5,https://www.fokal.com/seo-for/roofing/,fokal.com,Roofing Company SEO: How Roofers Rank on Google and Get Cited by AI | Fokal Guides,,browserbase
marketing for emergency plumbing,249,Marketing for Emergency Plumbing,Commercial,Industry,Full Stack,Plumbing,Industry Subservice Page,High,1,https://pushleads.com/emergency-service-marketing/emergency-plumbing-marketing/,pushleads.com,Emergency Plumbing Marketing: How 24/7 Plumbers Capture High-Value Midnight Calls - PushLeads | Asheville SEO Services,,browserbase
marketing for emergency plumbing,249,Marketing for Emergency Plumbing,Commercial,Industry,Full Stack,Plumbing,Industry Subservice Page,High,2,https://hrefcreative.com/plumber-marketing-guide-2026-digital-strategies-generate-calls,hrefcreative.com,Plumber Marketing Guide 2026: Digital Strategies That Work | Href Creative,,browserbase
marketing for emergency plumbing,249,Marketing for Emergency Plumbing,Commercial,Industry,Full Stack,Plumbing,Industry Subservice Page,High,3,https://anthonylouismedia.com/plumbing-marketing/,anthonylouismedia.com,Plumbing Marketing: Get More Leads | Anthony Louis Media,,browserbase
marketing for emergency plumbing,249,Marketing for Emergency Plumbing,Commercial,Industry,Full Stack,Plumbing,Industry Subservice Page,High,4,https://watsonco.marketing/blog/2026/04/how-get-more-plumbing-leads/,watsonco.marketing,How to Get More Plumbing Leads in 2026,,browserbase
marketing for emergency plumbing,249,Marketing for Emergency Plumbing,Commercial,Industry,Full Stack,Plumbing,Industry Subservice Page,High,5,https://bestppcfirm.com/blog/emergency-plumbing-ads-that-convert,bestppcfirm.com,Emergency Plumbing Ads That Convert | BestPPC Blog | BestPPC,,browserbase
lead generation for emergency plumbing,250,Lead Generation for Emergency Plumbing,Commercial,Industry,Full Stack,Plumbing,Industry Subservice Page,High,1,https://bestppcfirm.com/blog/emergency-plumbing-ads-that-convert,bestppcfirm.com,Emergency Plumbing Ads That Convert | BestPPC Blog | BestPPC,,browserbase
lead generation for emergency plumbing,250,Lead Generation for Emergency Plumbing,Commercial,Industry,Full Stack,Plumbing,Industry Subservice Page,High,2,https://pushleads.com/emergency-service-marketing/emergency-plumbing-marketing/,pushleads.com,Emergency Plumbing Marketing: How 24/7 Plumbers Capture High-Value Midnight Calls - PushLeads | Asheville SEO Services,,browserbase
lead generation for emergency plumbing,250,Lead Generation for Emergency Plumbing,Commercial,Industry,Full Stack,Plumbing,Industry Subservice Page,High,3,https://watsonco.marketing/blog/2026/04/how-get-more-plumbing-leads/,watsonco.marketing,How to Get More Plumbing Leads in 2026,,browserbase
lead generation for emergency plumbing,250,Lead Generation for Emergency Plumbing,Commercial,Industry,Full Stack,Plumbing,Industry Subservice Page,High,4,https://builtrightdigital.com/plumbing-lead-generation-tips/,builtrightdigital.com,Plumbing Lead Generation: 9 Tips to Fill Your Dispatch Board,,browserbase
lead generation for emergency plumbing,250,Lead Generation for Emergency Plumbing,Commercial,Industry,Full Stack,Plumbing,Industry Subservice Page,High,5,https://elevarus.com/plumbing-emergency-landing-page-structure-lead-gen/,elevarus.com,"If Your Emergency Plumbing CPL Doubles After 9pm, It's Not Your Bid Strategy — It's the Landing Page - Elevarus",,browserbase
website design for emergency plumbing,251,Website Design for Emergency Plumbing,Commercial,Web Development,Web Development,Plumbing,Service x Subservice Page,Medium,1,https://www.getfoundguy.com/plumber-website-design/,getfoundguy.com,Plumber Website Design | 3 Real Demos to Click | Get Found Guy,,browserbase
website design for emergency plumbing,251,Website Design for Emergency Plumbing,Commercial,Web Development,Web Development,Plumbing,Service x Subservice Page,Medium,2,https://elevarus.com/plumbing-emergency-landing-page-structure-lead-gen/,elevarus.com,"If Your Emergency Plumbing CPL Doubles After 9pm, It's Not Your Bid Strategy — It's the Landing Page - Elevarus",,browserbase
website design for emergency plumbing,251,Website Design for Emergency Plumbing,Commercial,Web Development,Web Development,Plumbing,Service x Subservice Page,Medium,3,https://tmncreative.com/plumbing,tmncreative.com,Plumbing Web Design Agency · TMN Creative,,browserbase
website design for emergency plumbing,251,Website Design for Emergency Plumbing,Commercial,Web Development,Web Development,Plumbing,Service x Subservice Page,Medium,4,https://primatewebfx.com/web-design-for-plumbing-contractors/,primatewebfx.com,Web Design for Plumbing Contractors | Primate Web FX- Professional Web Design & Custom Graphic Services,,browserbase
website design for emergency plumbing,251,Website Design for Emergency Plumbing,Commercial,Web Development,Web Development,Plumbing,Service x Subservice Page,Medium,5,https://drivewebdesign.com/industries/plumbing-websites/,drivewebdesign.com,Plumbing Website Design for Contractors | Drive Web Design,,browserbase
google ads for emergency plumbing,252,Google Ads for Emergency Plumbing,Commercial,Google PPC,Google PPC,Plumbing,Paid Search Page,High,1,https://bluegridmedia.com/google-ads-for-plumbers,bluegridmedia.com,Google Ads for Plumbers: 2026 Playbook for More Calls,,browserbase
google ads for emergency plumbing,252,Google Ads for Emergency Plumbing,Commercial,Google PPC,Google PPC,Plumbing,Paid Search Page,High,2,https://bestppcfirm.com/blog/emergency-plumbing-ads-that-convert,bestppcfirm.com,Emergency Plumbing Ads That Convert | BestPPC Blog | BestPPC,,browserbase
google ads for emergency plumbing,252,Google Ads for Emergency Plumbing,Commercial,Google PPC,Google PPC,Plumbing,Paid Search Page,High,3,https://www.kaeraemarketing.com/post/how-to-write-google-ads-that-actually-get-plumbing-calls,kaeraemarketing.com,How to Write Google Ads That Actually Get Plumbing Calls,,browserbase
google ads for emergency plumbing,252,Google Ads for Emergency Plumbing,Commercial,Google PPC,Google PPC,Plumbing,Paid Search Page,High,4,https://fourarrowsmarketing.com/blog/ppc-for-plumbing-companies/,fourarrowsmarketing.com,PPC for Plumbing Companies: The Complete Guide (2026),,browserbase
google ads for emergency plumbing,252,Google Ads for Emergency Plumbing,Commercial,Google PPC,Google PPC,Plumbing,Paid Search Page,High,5,https://insidea.com/blog/marketing/plumbers/google-ads-guide,insidea.com,Google Ads for Plumber to Get Quality | INSIDEA,,browserbase
seo for emergency plumbing,253,SEO for Emergency Plumbing,Commercial,SEO / AEO / GEO,SEO / AEO / GEO,Plumbing,Organic Search Page,High,1,https://sujitseo.com/emergency-plumbing-seo/,sujitseo.com,Emergency Plumbing SEO: How to Rank for 24/7 Calls and Beat High-CPC Competition,,browserbase
seo for emergency plumbing,253,SEO for Emergency Plumbing,Commercial,SEO / AEO / GEO,SEO / AEO / GEO,Plumbing,Organic Search Page,High,2,https://prospelle.com/industries/home-services/plumber-seo/playbook/,prospelle.com,Plumber SEO Playbook | Prospelle,,browserbase
seo for emergency plumbing,253,SEO for Emergency Plumbing,Commercial,SEO / AEO / GEO,SEO / AEO / GEO,Plumbing,Organic Search Page,High,3,https://thetrustreviews.com/blog/local-seo-for-plumbers/,thetrustreviews.com,Local SEO for Plumbers: Win Emergency Searches and Own Your Service Area | TrustReviews | TrustReviews,,browserbase
seo for emergency plumbing,253,SEO for Emergency Plumbing,Commercial,SEO / AEO / GEO,SEO / AEO / GEO,Plumbing,Organic Search Page,High,4,https://gethoneybun.com/local-seo-plumbers/,gethoneybun.com,Local SEO for Plumbers | HoneyBun,,browserbase
seo for emergency plumbing,253,SEO for Emergency Plumbing,Commercial,SEO / AEO / GEO,SEO / AEO / GEO,Plumbing,Organic Search Page,High,5,https://freelancers-hub.ca/blog/seo-for-emergency-plumbing-how-to-rank-when-time-matters/,freelancers-hub.ca,"SEO for Emergency Plumbing: How to Rank When Time Matters - Freelancers HUB, Canada",,browserbase
marketing for drain cleaning,254,Marketing for Drain Cleaning,Commercial,Industry,Full Stack,Plumbing,Industry Subservice Page,High,1,https://www.gushwork.ai/blog/drain-cleaning-leads-guide,gushwork.ai,Generate More Drain Cleaning Leads with these Proven Strategies | Gushwork,,browserbase
marketing for drain cleaning,254,Marketing for Drain Cleaning,Commercial,Industry,Full Stack,Plumbing,Industry Subservice Page,High,2,https://pinnacletrenchless.com/who-we-serve/drain-cleaning-contractors/,pinnacletrenchless.com,Drain Cleaning Marketing for Contractors | Pinnacle,,browserbase
marketing for drain cleaning,254,Marketing for Drain Cleaning,Commercial,Industry,Full Stack,Plumbing,Industry Subservice Page,High,3,https://www.marketingstrategiesplumbing.com/five-plumbing-marketing-strategies-for-drain-cleaning-ads/,marketingstrategiesplumbing.com,Five Plumbing Marketing Strategies for Drain Cleaning Ads,,browserbase
marketing for drain cleaning,254,Marketing for Drain Cleaning,Commercial,Industry,Full Stack,Plumbing,Industry Subservice Page,High,4,https://www.marketingstrategiesplumbing.com/specialties/drain-cleaning-marketing/,marketingstrategiesplumbing.com,Drain Cleaning Marketing - Plumbing Marketing Strategies,,browserbase
marketing for drain cleaning,254,Marketing for Drain Cleaning,Commercial,Industry,Full Stack,Plumbing,Industry Subservice Page,High,5,https://sujitseo.com/drain-cleaning-sewer-repair-seo/,sujitseo.com,Drain Cleaning & Sewer Repair SEO: Rank for High-Volume Calls and Convert Diagnostic Jobs Into High-Ticket Sewer Work,,browserbase
lead generation for drain cleaning,255,Lead Generation for Drain Cleaning,Commercial,Industry,Full Stack,Plumbing,Industry Subservice Page,High,1,https://leadgen.click-vision.com/drain-cleaning-leads,leadgen.click-vision.com,Drain Cleaning Leads | Lead Generation & Marketing,,browserbase
lead generation for drain cleaning,255,Lead Generation for Drain Cleaning,Commercial,Industry,Full Stack,Plumbing,Industry Subservice Page,High,2,https://www.gushwork.ai/blog/drain-cleaning-leads-guide,gushwork.ai,Generate More Drain Cleaning Leads with these Proven Strategies | Gushwork,,browserbase
lead generation for drain cleaning,255,Lead Generation for Drain Cleaning,Commercial,Industry,Full Stack,Plumbing,Industry Subservice Page,High,3,https://www.marketingstrategiesplumbing.com/specialties/drain-cleaning-marketing/,marketingstrategiesplumbing.com,Drain Cleaning Marketing - Plumbing Marketing Strategies,,browserbase
lead generation for drain cleaning,255,Lead Generation for Drain Cleaning,Commercial,Industry,Full Stack,Plumbing,Industry Subservice Page,High,4,https://pinnacletrenchless.com/who-we-serve/drain-cleaning-contractors/,pinnacletrenchless.com,Drain Cleaning Marketing for Contractors | Pinnacle,,browserbase
lead generation for drain cleaning,255,Lead Generation for Drain Cleaning,Commercial,Industry,Full Stack,Plumbing,Industry Subservice Page,High,5,https://sujitseo.com/drain-cleaning-sewer-repair-seo/,sujitseo.com,Drain Cleaning & Sewer Repair SEO: Rank for High-Volume Calls and Convert Diagnostic Jobs Into High-Ticket Sewer Work,,browserbase
website design for drain cleaning,256,Website Design for Drain Cleaning,Commercial,Web Development,Web Development,Plumbing,Service x Subservice Page,Medium,1,https://tmncreative.com/plumbing,tmncreative.com,Plumbing Web Design Agency · TMN Creative,,browserbase
website design for drain cleaning,256,Website Design for Drain Cleaning,Commercial,Web Development,Web Development,Plumbing,Service x Subservice Page,Medium,2,https://onebasemedia.co.uk/web-design-for-drainage-firms/,onebasemedia.co.uk,Web Design for Drainage Firms | Pay Monthly Websites,,browserbase
website design for drain cleaning,256,Website Design for Drain Cleaning,Commercial,Web Development,Web Development,Plumbing,Service x Subservice Page,Medium,3,https://beclearmarketing.com/website-design-for-sewer-and-drain-companies/,beclearmarketing.com,Website Design for Sewer & Drain Companies That Converts,,browserbase
website design for drain cleaning,256,Website Design for Drain Cleaning,Commercial,Web Development,Web Development,Plumbing,Service x Subservice Page,Medium,4,https://www.olsondigitalmarketing.com/post/drainage-website-design-drainsmart-in-london,olsondigitalmarketing.com,Drainage Website Design: Drainsmart in London,,browserbase
website design for drain cleaning,256,Website Design for Drain Cleaning,Commercial,Web Development,Web Development,Plumbing,Service x Subservice Page,Medium,5,https://www.kwokdesign.com/project/plumbing-web-design/,kwokdesign.com,Responsive Drain Terrier Website Design | Kwok Design Projects,,browserbase
google ads for drain cleaning,257,Google Ads for Drain Cleaning,Commercial,Google PPC,Google PPC,Plumbing,Paid Search Page,High,1,https://www.sona.com/blog/google-ads-for-sewer-cleaning-a-comprehensive-setup-guide,sona.com,Google Ads for Sewer Cleaning: A Comprehensive Setup Guide | Sona,,browserbase
google ads for drain cleaning,257,Google Ads for Drain Cleaning,Commercial,Google PPC,Google PPC,Plumbing,Paid Search Page,High,2,https://jemsu.com/what-types-of-google-ads-should-a-drain-cleaning-company-focus-on-in-2024/,jemsu.com,What Types Of Google Ads Should A Drain Cleaning Company Focus On In 2024?,,browserbase
google ads for drain cleaning,257,Google Ads for Drain Cleaning,Commercial,Google PPC,Google PPC,Plumbing,Paid Search Page,High,3,https://clicksgeek.com/google-ads-for-plumbing-services/,clicksgeek.com,Google Ads For Plumbing Services: Complete Guide 2026,,browserbase
google ads for drain cleaning,257,Google Ads for Drain Cleaning,Commercial,Google PPC,Google PPC,Plumbing,Paid Search Page,High,4,https://insidea.com/blog/marketing/plumbers/google-ads-guide,insidea.com,Google Ads for Plumber to Get Quality | INSIDEA,,browserbase
google ads for drain cleaning,257,Google Ads for Drain Cleaning,Commercial,Google PPC,Google PPC,Plumbing,Paid Search Page,High,5,https://fourarrowsmarketing.com/blog/ppc-for-plumbing-companies/,fourarrowsmarketing.com,PPC for Plumbing Companies: The Complete Guide (2026),,browserbase
seo for drain cleaning,258,SEO for Drain Cleaning,Commercial,SEO / AEO / GEO,SEO / AEO / GEO,Plumbing,Organic Search Page,High,1,https://www.gushwork.ai/blog/drain-cleaning-seo,gushwork.ai,The Ultimate Drain Cleaning SEO Guide for Small Businesses | Gushwork,,browserbase
seo for drain cleaning,258,SEO for Drain Cleaning,Commercial,SEO / AEO / GEO,SEO / AEO / GEO,Plumbing,Organic Search Page,High,2,https://sujitseo.com/drain-cleaning-sewer-repair-seo/,sujitseo.com,Drain Cleaning & Sewer Repair SEO: Rank for High-Volume Calls and Convert Diagnostic Jobs Into High-Ticket Sewer Work,,browserbase
seo for drain cleaning,258,SEO for Drain Cleaning,Commercial,SEO / AEO / GEO,SEO / AEO / GEO,Plumbing,Organic Search Page,High,3,https://pushleads.com/plumbing-company-seo/drain-cleaning-seo/,pushleads.com,Drain Cleaning SEO: How to Own the Most Searched Plumbing Service Online - PushLeads | Asheville SEO Services,,browserbase
seo for drain cleaning,258,SEO for Drain Cleaning,Commercial,SEO / AEO / GEO,SEO / AEO / GEO,Plumbing,Organic Search Page,High,4,https://plumbingseo.agency/blog/how-we-build-service-pages-that-rank,plumbingseo.agency,How We Build Service Pages That Rank | Plumbing SEO Agency for Plumbers,,browserbase
seo for drain cleaning,258,SEO for Drain Cleaning,Commercial,SEO / AEO / GEO,SEO / AEO / GEO,Plumbing,Organic Search Page,High,5,https://prospelle.com/industries/home-services/plumber-seo/playbook/,prospelle.com,Plumber SEO Playbook | Prospelle,,browserbase
marketing for water heater,259,Marketing for Water Heater,Commercial,Industry,Full Stack,Plumbing,Industry Subservice Page,High,1,https://www.marketingstrategiesplumbing.com/specialties/water-heater-marketing/,marketingstrategiesplumbing.com,Water Heater Marketing - Plumbing Marketing Strategies,,browserbase
marketing for water heater,259,Marketing for Water Heater,Commercial,Industry,Full Stack,Plumbing,Industry Subservice Page,High,2,https://blog.admachines.com/water-heater-marketing-plan,blog.admachines.com,Water Heater Marketing Plan,,browserbase
marketing for water heater,259,Marketing for Water Heater,Commercial,Industry,Full Stack,Plumbing,Industry Subservice Page,High,3,https://www.sona.com/blog/google-ads-for-water-heater-repair-step-by-step,sona.com,Google Ads for Water Heater Repair: A Comprehensive Setup Guide | Sona,,browserbase
marketing for water heater,259,Marketing for Water Heater,Commercial,Industry,Full Stack,Plumbing,Industry Subservice Page,High,4,https://mcmillanphillips.com/marketing-case-study/fast-water-heater/,mcmillanphillips.com,Water Heater Marketing Case Study| M&P Creative Agency,,browserbase
marketing for water heater,259,Marketing for Water Heater,Commercial,Industry,Full Stack,Plumbing,Industry Subservice Page,High,5,https://hookagency.com/blog/speedy-water-heaters-case-study/,hookagency.com,Speedy Water Heaters: 158 Marketing-Qualified Leads In 2025,,browserbase
lead generation for water heater,260,Lead Generation for Water Heater,Commercial,Industry,Full Stack,Plumbing,Industry Subservice Page,High,1,https://waterheaterleads.com/,waterheaterleads.com,Home - Get More Water Heater Customers,,browserbase
lead generation for water heater,260,Lead Generation for Water Heater,Commercial,Industry,Full Stack,Plumbing,Industry Subservice Page,High,2,https://waterheaterinstallpros.com/ai-website,waterheaterinstallpros.com,"Get Water Heater Installation Leads with an AI Driven, Targeted Website",,browserbase
lead generation for water heater,260,Lead Generation for Water Heater,Commercial,Industry,Full Stack,Plumbing,Industry Subservice Page,High,3,https://www.leadsbyquickquote.com/water-heaters,leadsbyquickquote.com,Get More Quality Plumbing Leads | QuickQuote for Water Heaters,,browserbase
lead generation for water heater,260,Lead Generation for Water Heater,Commercial,Industry,Full Stack,Plumbing,Industry Subservice Page,High,4,https://www.marketingstrategiesplumbing.com/specialties/water-heater-marketing/,marketingstrategiesplumbing.com,Water Heater Marketing - Plumbing Marketing Strategies,,browserbase
lead generation for water heater,260,Lead Generation for Water Heater,Commercial,Industry,Full Stack,Plumbing,Industry Subservice Page,High,5,https://www.volthub.co/pro/lead-gen/,volthub.co,Offer Instant Quotes for Lead Gen | VoltHub Pro,,browserbase
website design for water heater,261,Website Design for Water Heater,Commercial,Web Development,Web Development,Plumbing,Service x Subservice Page,Medium,1,https://brandmatter.org/projects/water-heaters-only/,brandmatter.org,Water Heaters Only | BrandMatter,,browserbase
website design for water heater,261,Website Design for Water Heater,Commercial,Web Development,Web Development,Plumbing,Service x Subservice Page,Medium,2,https://alirand.com/portfolio/water-heater-man/,alirand.com,Water Heater Man Custom WordPress Website | Ali Rand,,browserbase
website design for water heater,261,Website Design for Water Heater,Commercial,Web Development,Web Development,Plumbing,Service x Subservice Page,Medium,3,https://mcmillanphillips.com/marketing-case-study/fast-water-heater/,mcmillanphillips.com,Water Heater Marketing Case Study| M&P Creative Agency,,browserbase
website design for water heater,261,Website Design for Water Heater,Commercial,Web Development,Web Development,Plumbing,Service x Subservice Page,Medium,4,https://www.lgf.design/waterheatercasestudy,lgf.design,BW Case Study — lgf design portfolio,,browserbase
website design for water heater,261,Website Design for Water Heater,Commercial,Web Development,Web Development,Plumbing,Service x Subservice Page,Medium,5,https://www.nichetechsolutions.com/website-design-for-gas-water-heaters-company,nichetechsolutions.com,"Gas Water Heater Website Design | Ahmedabad, Gujarat, India",,browserbase
google ads for water heater,262,Google Ads for Water Heater,Commercial,Google PPC,Google PPC,Plumbing,Paid Search Page,High,1,https://www.sona.com/blog/google-ads-for-water-heater-repair-step-by-step,sona.com,Google Ads for Water Heater Repair: A Comprehensive Setup Guide | Sona,,browserbase
google ads for water heater,262,Google Ads for Water Heater,Commercial,Google PPC,Google PPC,Plumbing,Paid Search Page,High,2,https://www.marketingstrategiesplumbing.com/specialties/water-heater-marketing/,marketingstrategiesplumbing.com,Water Heater Marketing - Plumbing Marketing Strategies,,browserbase
google ads for water heater,262,Google Ads for Water Heater,Commercial,Google PPC,Google PPC,Plumbing,Paid Search Page,High,3,https://pipelineon.com/blog/seasonal-google-ads-strategy-contractors/,pipelineon.com,Seasonal Google Ads Strategy for Contractors: When to Spend More and When to Pull Back | Pipeline On,,browserbase
google ads for water heater,262,Google Ads for Water Heater,Commercial,Google PPC,Google PPC,Plumbing,Paid Search Page,High,4,https://hookagency.com/blog/speedy-water-heaters-case-study/,hookagency.com,Speedy Water Heaters: 158 Marketing-Qualified Leads In 2025,,browserbase
google ads for water heater,262,Google Ads for Water Heater,Commercial,Google PPC,Google PPC,Plumbing,Paid Search Page,High,5,https://theaitrades.ai/blog/how-to-grow-water-heater-replacement-business-plumbers,theaitrades.ai,How to Grow Your Water Heater Replacement Business as a Plumber (2026)  -  The AI Trades,,browserbase
seo for water heater,263,SEO for Water Heater,Commercial,SEO / AEO / GEO,SEO / AEO / GEO,Plumbing,Organic Search Page,High,1,https://sujitseo.com/water-heater-tankless-seo/,sujitseo.com,Water Heater & Tankless SEO: Rank for High-Ticket Installs and Replacement Calls,,browserbase
seo for water heater,263,SEO for Water Heater,Commercial,SEO / AEO / GEO,SEO / AEO / GEO,Plumbing,Organic Search Page,High,2,https://www.marketingstrategiesplumbing.com/specialties/water-heater-marketing/,marketingstrategiesplumbing.com,Water Heater Marketing - Plumbing Marketing Strategies,,browserbase
seo for water heater,263,SEO for Water Heater,Commercial,SEO / AEO / GEO,SEO / AEO / GEO,Plumbing,Organic Search Page,High,3,https://photonseo.com/plumbing-high-ticket-seo-water-heater-repiping/,photonseo.com,Why Plumbers Are Missing Their Highest-Ticket Jobs on Google - Photon SEO,,browserbase
seo for water heater,263,SEO for Water Heater,Commercial,SEO / AEO / GEO,SEO / AEO / GEO,Plumbing,Organic Search Page,High,4,https://plumbingseo.agency/blog/how-we-build-service-pages-that-rank,plumbingseo.agency,How We Build Service Pages That Rank | Plumbing SEO Agency for Plumbers,,browserbase
seo for water heater,263,SEO for Water Heater,Commercial,SEO / AEO / GEO,SEO / AEO / GEO,Plumbing,Organic Search Page,High,5,https://www.asadkhanseo.com/blog/water-heater-repair-seo-in-bellevue,asadkhanseo.com,Water Heater Repair SEO in Bellevue | Call +1 (206) 791-3032,,browserbase
marketing for plumber,264,Marketing for Plumber,Commercial,Industry,Full Stack,Plumbing,Industry Subservice Page,High,1,https://www.webfx.com/blog/home-services/plumber-marketing-guide/,webfx.com,Digital Marketing for Plumbers: 9 Strategies for Quality Leads in 2026,,browserbase
marketing for plumber,264,Marketing for Plumber,Commercial,Industry,Full Stack,Plumbing,Industry Subservice Page,High,2,https://fieldcamp.ai/blog/how-to-advertise-your-plumbing-business/,fieldcamp.ai,How to Advertise Your Plumbing Business (2026),,browserbase
marketing for plumber,264,Marketing for Plumber,Commercial,Industry,Full Stack,Plumbing,Industry Subservice Page,High,3,https://searchlab.nl/en/guides/marketing-for-plumbers-electricians-contractors,searchlab.nl,"Marketing for Plumbers, Electricians & Contractors 2026",,browserbase
marketing for plumber,264,Marketing for Plumber,Commercial,Industry,Full Stack,Plumbing,Industry Subservice Page,High,4,https://hewtmarketing.com/2026/04/03/plumbing-marketing-a-no-fluff-2026-guide-for-busy-plumbers/,hewtmarketing.com,Plumbing Marketing: A No-Fluff 2026 Guide for Busy Plumbers - Hewt Marketing,,browserbase
marketing for plumber,264,Marketing for Plumber,Commercial,Industry,Full Stack,Plumbing,Industry Subservice Page,High,5,https://watsonco.marketing/blog/2026/04/how-get-more-plumbing-leads/,watsonco.marketing,How to Get More Plumbing Leads in 2026,,browserbase
lead generation for plumber,265,Lead Generation for Plumber,Commercial,Industry,Full Stack,Plumbing,Industry Subservice Page,High,1,https://outdooit.com/blog/how-to-get-plumbing-leads/,outdooit.com,How to Get Plumbing Leads in 2026: 12 Strategies | Outdooit,,browserbase
lead generation for plumber,265,Lead Generation for Plumber,Commercial,Industry,Full Stack,Plumbing,Industry Subservice Page,High,2,https://www.housecallpro.com/resources/plumbing-leads-generation/,housecallpro.com,How to Get Plumbing Leads: 15 Proven Strategies - Housecall Pro,,browserbase
lead generation for plumber,265,Lead Generation for Plumber,Commercial,Industry,Full Stack,Plumbing,Industry Subservice Page,High,3,https://www.servicetitan.com/blog/plumbing-leads,servicetitan.com,"How to Increase Plumbing Leads: Buy, Generate, or Both?",,browserbase
lead generation for plumber,265,Lead Generation for Plumber,Commercial,Industry,Full Stack,Plumbing,Industry Subservice Page,High,4,https://builtrightdigital.com/plumbing-lead-generation-tips/,builtrightdigital.com,Plumbing Lead Generation: 9 Tips to Fill Your Dispatch Board,,browserbase
lead generation for plumber,265,Lead Generation for Plumber,Commercial,Industry,Full Stack,Plumbing,Industry Subservice Page,High,5,https://watsonco.marketing/blog/2026/04/how-get-more-plumbing-leads/,watsonco.marketing,How to Get More Plumbing Leads in 2026,,browserbase
website design for plumber,266,Website Design for Plumber,Commercial,Web Development,Web Development,Plumbing,Service x Subservice Page,Medium,1,https://tmncreative.com/plumbing,tmncreative.com,Plumbing Web Design Agency · TMN Creative,,browserbase
website design for plumber,266,Website Design for Plumber,Commercial,Web Development,Web Development,Plumbing,Service x Subservice Page,Medium,2,https://www.marketingstrategiesplumbing.com/services/website-design/,marketingstrategiesplumbing.com,Website Design for Plumbers for Plumbers | Plumber Marketing Strategies,,browserbase
website design for plumber,266,Website Design for Plumber,Commercial,Web Development,Web Development,Plumbing,Service x Subservice Page,Medium,3,https://www.kellywebsitedesign.com/industries/plumbing-contractor-website-design/,kellywebsitedesign.com,Plumbing Contractor Website Design and SEO | Free Mockup,,browserbase
website design for plumber,266,Website Design for Plumber,Commercial,Web Development,Web Development,Plumbing,Service x Subservice Page,Medium,4,https://www.plumberwebdesign.co.uk/,plumberwebdesign.co.uk,Plumber Web Design | Websites for Plumbers from £99/month,,browserbase
website design for plumber,266,Website Design for Plumber,Commercial,Web Development,Web Development,Plumbing,Service x Subservice Page,Medium,5,https://mooresvillemarketing.com/plumber-website-design.html,mooresvillemarketing.com,"Plumber Website Design | From $2,497 | Mooresville Marketing",,browserbase
google ads for plumber,267,Google Ads for Plumber,Commercial,Google PPC,Google PPC,Plumbing,Paid Search Page,High,1,https://clicksgeek.com/google-ads-for-plumbing-services/,clicksgeek.com,Google Ads For Plumbing Services: Complete Guide 2026,,browserbase
google ads for plumber,267,Google Ads for Plumber,Commercial,Google PPC,Google PPC,Plumbing,Paid Search Page,High,2,https://www.servicetitan.com/blog/google-ads-for-plumbers,servicetitan.com,Google Ads for Plumbers: How to Maximize Lead Generation,,browserbase
google ads for plumber,267,Google Ads for Plumber,Commercial,Google PPC,Google PPC,Plumbing,Paid Search Page,High,3,https://insidea.com/blog/marketing/plumbers/google-ads-guide,insidea.com,Google Ads for Plumber to Get Quality | INSIDEA,,browserbase
google ads for plumber,267,Google Ads for Plumber,Commercial,Google PPC,Google PPC,Plumbing,Paid Search Page,High,4,https://fourarrowsmarketing.com/blog/ppc-for-plumbing-companies/,fourarrowsmarketing.com,PPC for Plumbing Companies: The Complete Guide (2026),,browserbase
google ads for plumber,267,Google Ads for Plumber,Commercial,Google PPC,Google PPC,Plumbing,Paid Search Page,High,5,https://searchlightdigital.io/plumbing-google-ads-cost-per-lead/,searchlightdigital.io,Plumbing Google Ads Cost Per Lead (2026 Benchmarks),,browserbase
seo for plumber,268,SEO for Plumber,Commercial,SEO / AEO / GEO,SEO / AEO / GEO,Plumbing,Organic Search Page,High,1,https://nevermisshq.com/blog/plumbing-seo.html,nevermisshq.com,SEO for Plumbing Companies in 2026 | NeverMiss,,browserbase
seo for plumber,268,SEO for Plumber,Commercial,SEO / AEO / GEO,SEO / AEO / GEO,Plumbing,Organic Search Page,High,2,https://perthdigitaledge.com.au/blog/seo-for-plumbers-guide/,perthdigitaledge.com.au,SEO for Plumbers: How to Dominate Local Search | Perth Digital Edge,,browserbase
seo for plumber,268,SEO for Plumber,Commercial,SEO / AEO / GEO,SEO / AEO / GEO,Plumbing,Organic Search Page,High,3,https://www.themediacaptain.com/guides/seo-plumbers/,themediacaptain.com,Plumbing SEO Guide: Dominate Local Search,,browserbase
seo for plumber,268,SEO for Plumber,Commercial,SEO / AEO / GEO,SEO / AEO / GEO,Plumbing,Organic Search Page,High,4,https://plumberselite.com/the-ultimate-guide-to-seo-for-plumbers/,plumberselite.com,The Ultimate Guide to SEO for Plumbers | Plumbers Elite,,browserbase
seo for plumber,268,SEO for Plumber,Commercial,SEO / AEO / GEO,SEO / AEO / GEO,Plumbing,Organic Search Page,High,5,https://guardiansolutionsllc.com/online-marketing-blog/articles/local-seo-for-plumbers-guide-boost-visibility-in-2025,guardiansolutionsllc.com,Local SEO for Plumbers Guide: Boost Visibility in 2025,,browserbase
marketing for termite control,269,Marketing for Termite Control,Commercial,Industry,Full Stack,Pest Control,Industry Subservice Page,High,1,https://cubecreative.design/blog/pest-control-marketing/pre-swarm-termite-marketing,cubecreative.design,A Pest Control Owner's Guide to Termite Season Marketing,,browserbase
marketing for termite control,269,Marketing for Termite Control,Commercial,Industry,Full Stack,Pest Control,Industry Subservice Page,High,2,https://ironchess-seo.com/termite-season-seo-how-to-capture-90-of-high-intent-inspection-leads/,ironchess-seo.com,Termite Season SEO: How to Capture 90% of High-Intent Inspection Leads,,browserbase
marketing for termite control,269,Marketing for Termite Control,Commercial,Industry,Full Stack,Pest Control,Industry Subservice Page,High,3,https://grindflame.com/who-we-help/pest-control/termite-control-marketing/,grindflame.com,Termite Control Marketing for Pest Control Companies | Grind Flame,,browserbase
marketing for termite control,269,Marketing for Termite Control,Commercial,Industry,Full Stack,Pest Control,Industry Subservice Page,High,4,https://bluegridmedia.com/google-ads-for-pest-control,bluegridmedia.com,Google Ads for Pest Control: Fill Routes & Sell Plans (2026),,browserbase
marketing for termite control,269,Marketing for Termite Control,Commercial,Industry,Full Stack,Pest Control,Industry Subservice Page,High,5,https://contentworks.ai/termite-job-content-batching/,contentworks.ai,How to Turn One Termite Job Into 30 Days of Local Content,,browserbase
lead generation for termite control,270,Lead Generation for Termite Control,Commercial,Industry,Full Stack,Pest Control,Industry Subservice Page,High,1,https://grindflame.com/who-we-help/pest-control/termite-control-marketing/,grindflame.com,Termite Control Marketing for Pest Control Companies | Grind Flame,,browserbase
lead generation for termite control,270,Lead Generation for Termite Control,Commercial,Industry,Full Stack,Pest Control,Industry Subservice Page,High,2,https://cubecreative.design/blog/pest-control-marketing/pre-swarm-termite-marketing,cubecreative.design,A Pest Control Owner's Guide to Termite Season Marketing,,browserbase
lead generation for termite control,270,Lead Generation for Termite Control,Commercial,Industry,Full Stack,Pest Control,Industry Subservice Page,High,3,https://www.servicepestleads.com/termite-leads,servicepestleads.com,Buy Termite Leads | Exclusive Termite Control Calls | Service Pest Leads,,browserbase
lead generation for termite control,270,Lead Generation for Termite Control,Commercial,Industry,Full Stack,Pest Control,Industry Subservice Page,High,4,https://clicksgeek.com/google-ads-for-termite-treatment/,clicksgeek.com,Google Ads for Termite Treatment Companies | Clicks Geek,,browserbase
lead generation for termite control,270,Lead Generation for Termite Control,Commercial,Industry,Full Stack,Pest Control,Industry Subservice Page,High,5,https://bluegridmedia.com/google-ads-for-pest-control,bluegridmedia.com,Google Ads for Pest Control: Fill Routes & Sell Plans (2026),,browserbase
website design for termite control,271,Website Design for Termite Control,Commercial,Web Development,Web Development,Pest Control,Service x Subservice Page,Medium,1,https://www.motava.com/portfolio/franz-termite-control/,motava.com,website case study | Franz Termite Control | Motava,,browserbase
website design for termite control,271,Website Design for Termite Control,Commercial,Web Development,Web Development,Pest Control,Service x Subservice Page,Medium,2,https://www.entice.com.au/portfolio/termite-specialist-web-design/,entice.com.au,Termite Specialist Web Design | Entice Website Design,,browserbase
website design for termite control,271,Website Design for Termite Control,Commercial,Web Development,Web Development,Pest Control,Service x Subservice Page,Medium,3,https://pestcontrolwebdesigns.com/,pestcontrolwebdesigns.com,Web Design Services for Pest Control Companies | Pest Control Web Designs,,browserbase
website design for termite control,271,Website Design for Termite Control,Commercial,Web Development,Web Development,Pest Control,Service x Subservice Page,Medium,4,https://contractormarketingpros.net/pest-control/website-design/,contractormarketingpros.net,Pest Control Website Design | Convert More Local Leads,,browserbase
website design for termite control,271,Website Design for Termite Control,Commercial,Web Development,Web Development,Pest Control,Service x Subservice Page,Medium,5,https://devanshthakkar.com/industries/pest-control/,devanshthakkar.com,WordPress Websites for Pest Control Companies | Devansh Thakkar,,browserbase
google ads for termite control,272,Google Ads for Termite Control,Commercial,Google PPC,Google PPC,Pest Control,Paid Search Page,High,1,https://clicksgeek.com/google-ads-for-termite-treatment/,clicksgeek.com,Google Ads for Termite Treatment Companies | Clicks Geek,,browserbase
google ads for termite control,272,Google Ads for Termite Control,Commercial,Google PPC,Google PPC,Pest Control,Paid Search Page,High,2,https://bluegridmedia.com/google-ads-for-pest-control,bluegridmedia.com,Google Ads for Pest Control: Fill Routes & Sell Plans (2026),,browserbase
google ads for termite control,272,Google Ads for Termite Control,Commercial,Google PPC,Google PPC,Pest Control,Paid Search Page,High,3,https://www.pestedgemarketing.com/guides/how-much-should-pest-control-companies-spend-on-google-ads-budget-guide-by-market-size,pestedgemarketing.com,Google Ads Playbook for Pest Control Companies | Speak Digit,,browserbase
google ads for termite control,272,Google Ads for Termite Control,Commercial,Google PPC,Google PPC,Pest Control,Paid Search Page,High,4,https://reachdigitalgroup.com/pest-control-ppc-guide/,reachdigitalgroup.com,Google Ads For Pest Control – Best Guide For PPC in 2024 | Reach Digital,,browserbase
google ads for termite control,272,Google Ads for Termite Control,Commercial,Google PPC,Google PPC,Pest Control,Paid Search Page,High,5,https://clicksgeek.com/google-ads-for-pest-control-services/,clicksgeek.com,Google Ads For Pest Control Services: Setup Guide 2026,,browserbase
seo for termite control,273,SEO for Termite Control,Commercial,SEO / AEO / GEO,SEO / AEO / GEO,Pest Control,Organic Search Page,High,1,https://ironchess-seo.com/termite-season-seo-how-to-capture-90-of-high-intent-inspection-leads/,ironchess-seo.com,Termite Season SEO: How to Capture 90% of High-Intent Inspection Leads,,browserbase
seo for termite control,273,SEO for Termite Control,Commercial,SEO / AEO / GEO,SEO / AEO / GEO,Pest Control,Organic Search Page,High,2,https://gethoneybun.com/local-seo-pest-control/,gethoneybun.com,Local SEO for Pest Control Companies — Rank in Every City | HoneyBun,,browserbase
seo for termite control,273,SEO for Termite Control,Commercial,SEO / AEO / GEO,SEO / AEO / GEO,Pest Control,Organic Search Page,High,3,https://ironchess-seo.com/termite-vs-general-pest-why-your-keyword-strategy-must-split/,ironchess-seo.com,Termite vs. General Pest Control: Why Your SEO Keyword Strategy Must Split,,browserbase
seo for termite control,273,SEO for Termite Control,Commercial,SEO / AEO / GEO,SEO / AEO / GEO,Pest Control,Organic Search Page,High,4,https://www.seotakeoff.com/blog/seo-for-pest-control-complete-guide,seotakeoff.com,SEO for Pest Control: The Complete Guide | SEOTakeoff Blog,,browserbase
seo for termite control,273,SEO for Termite Control,Commercial,SEO / AEO / GEO,SEO / AEO / GEO,Pest Control,Organic Search Page,High,5,https://seoconsultingexperts.com/local-keyword-strategies-for-termite-treatments-in-florida/,seoconsultingexperts.com,Local Keyword Strategies for Termite Treatments in Florida,,browserbase
marketing for rodent removal,274,Marketing for Rodent Removal,Commercial,Industry,Full Stack,Pest Control,Industry Subservice Page,High,1,https://grindflame.com/who-we-help/pest-control/rodent-control-marketing/,grindflame.com,Rodent Control Marketing for Pest Control Companies | Grind Flame,,browserbase
marketing for rodent removal,274,Marketing for Rodent Removal,Commercial,Industry,Full Stack,Pest Control,Industry Subservice Page,High,2,https://adwave.com/resources/pest-control-advertising,adwave.com,Pest Control Advertising: 7 Channels Compared (2026),,browserbase
marketing for rodent removal,274,Marketing for Rodent Removal,Commercial,Industry,Full Stack,Pest Control,Industry Subservice Page,High,3,https://www.rathlymarketing.com/services/seo/pest-control/,rathlymarketing.com,Pest Control SEO Services Orlando | Exterminator Marketing Agency,,browserbase
marketing for rodent removal,274,Marketing for Rodent Removal,Commercial,Industry,Full Stack,Pest Control,Industry Subservice Page,High,4,https://cubecreative.design/blog/pest-control-marketing/wildlife-control-services,cubecreative.design,Wildlife Control Marketing for Pest Companies,,browserbase
marketing for rodent removal,274,Marketing for Rodent Removal,Commercial,Industry,Full Stack,Pest Control,Industry Subservice Page,High,5,https://stratedia.com/industry/home-repair/rodent-removal/digital-marketing-wildlife-removal/,stratedia.com,Digital Marketing for Wildlife & Rodent Removal Services,,browserbase
lead generation for rodent removal,275,Lead Generation for Rodent Removal,Commercial,Industry,Full Stack,Pest Control,Industry Subservice Page,High,1,https://www.servicepestleads.com/rodent-leads,servicepestleads.com,Rodent Control Leads | Exclusive Pest Leads | Service Pest Leads,,browserbase
lead generation for rodent removal,275,Lead Generation for Rodent Removal,Commercial,Industry,Full Stack,Pest Control,Industry Subservice Page,High,2,https://grindflame.com/who-we-help/pest-control/rodent-control-marketing/,grindflame.com,Rodent Control Marketing for Pest Control Companies | Grind Flame,,browserbase
lead generation for rodent removal,275,Lead Generation for Rodent Removal,Commercial,Industry,Full Stack,Pest Control,Industry Subservice Page,High,3,https://stratedia.com/industry/home-repair/rodent-removal/lead-generation-wildlife-removal/,stratedia.com,#1 Lead Generation for Wildlife & Rodent Removal Services,,browserbase
lead generation for rodent removal,275,Lead Generation for Rodent Removal,Commercial,Industry,Full Stack,Pest Control,Industry Subservice Page,High,4,https://www.dolead.com/solutions/pest-control-lead-generation,dolead.com,Pest Control Lead Generation for More Booked Jobs | Dolead,,browserbase
lead generation for rodent removal,275,Lead Generation for Rodent Removal,Commercial,Industry,Full Stack,Pest Control,Industry Subservice Page,High,5,https://www.servicelocalpro.com/rodent-pest-control-leads,servicelocalpro.com,Rodent Pest Control Leads | Service Local Pro,,browserbase
website design for rodent removal,276,Website Design for Rodent Removal,Commercial,Web Development,Web Development,Pest Control,Service x Subservice Page,Medium,1,https://clicksgeek.com/web-design-for-rodent-control/,clicksgeek.com,Web Design for Rodent Control Companies | Clicks Geek,,browserbase
website design for rodent removal,276,Website Design for Rodent Removal,Commercial,Web Development,Web Development,Pest Control,Service x Subservice Page,Medium,2,https://www.rathlymarketing.com/services/web-design/pest-control/,rathlymarketing.com,Pest Control Web Design Orlando | Exterminator Website Development,,browserbase
website design for rodent removal,276,Website Design for Rodent Removal,Commercial,Web Development,Web Development,Pest Control,Service x Subservice Page,Medium,3,https://socialanimal.dev/solutions/pest-control-website-development/,socialanimal.dev,Pest Control Website Development -- Social Animal,,browserbase
website design for rodent removal,276,Website Design for Rodent Removal,Commercial,Web Development,Web Development,Pest Control,Service x Subservice Page,Medium,4,https://weblira.com/pest-control-website-design/,weblira.com,Pest Control Website Design | Websites for Pest Control Companies | WebLira,,browserbase
website design for rodent removal,276,Website Design for Rodent Removal,Commercial,Web Development,Web Development,Pest Control,Service x Subservice Page,Medium,5,https://builtrightdigital.com/pest-control-web-design/,builtrightdigital.com,Pest Control Web Design Agency - Built Right Digital,,browserbase
google ads for rodent removal,277,Google Ads for Rodent Removal,Commercial,Google PPC,Google PPC,Pest Control,Paid Search Page,High,1,https://clicksgeek.com/google-ads-for-rodent-control/,clicksgeek.com,Google Ads for Rodent Control Companies | Clicks Geek,,browserbase
google ads for rodent removal,277,Google Ads for Rodent Removal,Commercial,Google PPC,Google PPC,Pest Control,Paid Search Page,High,2,https://www.swiftlead.co.uk/blog/google-ads-for-pest-control,swiftlead.co.uk,Google Ads for Pest Control: Targeting the Right Pests at the Right Time | SwiftLead,,browserbase
google ads for rodent removal,277,Google Ads for Rodent Removal,Commercial,Google PPC,Google PPC,Pest Control,Paid Search Page,High,3,https://clicksgeek.com/industries/rodent-control/,clicksgeek.com,Rodent Control Businesses Marketing | Clicks Geek,,browserbase
google ads for rodent removal,277,Google Ads for Rodent Removal,Commercial,Google PPC,Google PPC,Pest Control,Paid Search Page,High,4,https://www.leadember.com/post/google-ads-for-pest-control,leadember.com,Google Ads for Pest Control,,browserbase
google ads for rodent removal,277,Google Ads for Rodent Removal,Commercial,Google PPC,Google PPC,Pest Control,Paid Search Page,High,5,https://bluegridmedia.com/google-ads-for-pest-control,bluegridmedia.com,Google Ads for Pest Control: Fill Routes & Sell Plans (2026),,browserbase
seo for rodent removal,278,SEO for Rodent Removal,Commercial,SEO / AEO / GEO,SEO / AEO / GEO,Pest Control,Organic Search Page,High,1,https://www.seotakeoff.com/blog/seo-for-pest-control-complete-guide,seotakeoff.com,SEO for Pest Control: The Complete Guide | SEOTakeoff Blog,,browserbase
seo for rodent removal,278,SEO for Rodent Removal,Commercial,SEO / AEO / GEO,SEO / AEO / GEO,Pest Control,Organic Search Page,High,2,https://stratedia.com/industry/home-repair/rodent-removal/seo-wildlife-removal/,stratedia.com,#1 Wildlife Removal SEO Services Agency | SEO Company for Rodent Control Businesses,,browserbase
seo for rodent removal,278,SEO for Rodent Removal,Commercial,SEO / AEO / GEO,SEO / AEO / GEO,Pest Control,Organic Search Page,High,3,https://insidea.com/blog/marketing/pest-control-companies/seo-guide-for-exterminators/,insidea.com,SEO for Pest Control Companies: The Ultimate Guide - INSIDEA,,browserbase
seo for rodent removal,278,SEO for Rodent Removal,Commercial,SEO / AEO / GEO,SEO / AEO / GEO,Pest Control,Organic Search Page,High,4,https://photonseo.com/seo-for-pest-control-companies/,photonseo.com,SEO for Pest Control Companies - Photon SEO,,browserbase
seo for rodent removal,278,SEO for Rodent Removal,Commercial,SEO / AEO / GEO,SEO / AEO / GEO,Pest Control,Organic Search Page,High,5,https://southerndigitalconsulting.com/advanced-on-page-seo-for-pest-control-websites/,southerndigitalconsulting.com,Advanced On-Page SEO for Pest Control Websites - Southern Digital Consulting,,browserbase
marketing for mosquito control,279,Marketing for Mosquito Control,Commercial,Industry,Full Stack,Pest Control,Industry Subservice Page,High,1,https://clicksgeek.com/industries/mosquito-control/,clicksgeek.com,Mosquito Control Businesses Marketing | Clicks Geek,,browserbase
marketing for mosquito control,279,Marketing for Mosquito Control,Commercial,Industry,Full Stack,Pest Control,Industry Subservice Page,High,2,https://cubecreative.design/blog/pest-control-marketing/mosquito-tick-seasonal-revenue,cubecreative.design,Mosquito Control Marketing for Seasonal Revenue,,browserbase
marketing for mosquito control,279,Marketing for Mosquito Control,Commercial,Industry,Full Stack,Pest Control,Industry Subservice Page,High,3,https://grindflame.com/who-we-help/pest-control/mosquito-control-marketing/,grindflame.com,Mosquito Control Marketing for Pest Control Companies | Grind Flame,,browserbase
marketing for mosquito control,279,Marketing for Mosquito Control,Commercial,Industry,Full Stack,Pest Control,Industry Subservice Page,High,4,https://www.astho.org/globalassets/report/effectively-communicating-mosquito-control-guide-for-partners.pdf,astho.org,,,browserbase
marketing for mosquito control,279,Marketing for Mosquito Control,Commercial,Industry,Full Stack,Pest Control,Industry Subservice Page,High,5,https://avvale.co.uk/pages/marketing-plan-for-vector-control-businesses,avvale.co.uk,"Marketing Plan for Vector Control Businesses
– AVVALE",,browserbase
lead generation for mosquito control,280,Lead Generation for Mosquito Control,Commercial,Industry,Full Stack,Pest Control,Industry Subservice Page,High,1,https://clicksgeek.com/industries/mosquito-control/,clicksgeek.com,Mosquito Control Businesses Marketing | Clicks Geek,,browserbase
lead generation for mosquito control,280,Lead Generation for Mosquito Control,Commercial,Industry,Full Stack,Pest Control,Industry Subservice Page,High,2,https://www.servicepestleads.com/mosquito-leads,servicepestleads.com,Mosquito Control Leads | Exclusive Pest Leads | Service Pest Leads,,browserbase
lead generation for mosquito control,280,Lead Generation for Mosquito Control,Commercial,Industry,Full Stack,Pest Control,Industry Subservice Page,High,3,https://grindflame.com/who-we-help/pest-control/mosquito-control-marketing/,grindflame.com,Mosquito Control Marketing for Pest Control Companies | Grind Flame,,browserbase
lead generation for mosquito control,280,Lead Generation for Mosquito Control,Commercial,Industry,Full Stack,Pest Control,Industry Subservice Page,High,4,https://pronexis.com/mosquito-control-industry/,pronexis.com,Mosquito Control Industry – Pronexis,,browserbase
lead generation for mosquito control,280,Lead Generation for Mosquito Control,Commercial,Industry,Full Stack,Pest Control,Industry Subservice Page,High,5,https://cubecreative.design/blog/pest-control-marketing/mosquito-tick-seasonal-revenue,cubecreative.design,Mosquito Control Marketing for Seasonal Revenue,,browserbase
website design for mosquito control,281,Website Design for Mosquito Control,Commercial,Web Development,Web Development,Pest Control,Service x Subservice Page,Medium,1,https://clicksgeek.com/web-design-for-mosquito-control/,clicksgeek.com,Web Design for Mosquito Control Companies | Clicks Geek,,browserbase
website design for mosquito control,281,Website Design for Mosquito Control,Commercial,Web Development,Web Development,Pest Control,Service x Subservice Page,Medium,2,https://www.rathlymarketing.com/services/web-design/pest-control/,rathlymarketing.com,Pest Control Web Design Orlando | Exterminator Website Development,,browserbase
website design for mosquito control,281,Website Design for Mosquito Control,Commercial,Web Development,Web Development,Pest Control,Service x Subservice Page,Medium,3,https://www.fisherdesignandadvertising.com/project/anastasia-mesquito-control-district-website-design-and-development/,fisherdesignandadvertising.com,Anastasia Mosquito Control District - Fisher Agency,,browserbase
website design for mosquito control,281,Website Design for Mosquito Control,Commercial,Web Development,Web Development,Pest Control,Service x Subservice Page,Medium,4,https://www.llt-group.com/work/mosquito-squad/,llt-group.com,Creating Buzz And Driving Conversions | LLT Group,,browserbase
website design for mosquito control,281,Website Design for Mosquito Control,Commercial,Web Development,Web Development,Pest Control,Service x Subservice Page,Medium,5,https://clicksgeek.com/web-design-for-mosquito-misting/,clicksgeek.com,Web Design for Mosquito Misting Systems Installers | Clicks Geek,,browserbase
google ads for mosquito control,282,Google Ads for Mosquito Control,Commercial,Google PPC,Google PPC,Pest Control,Paid Search Page,High,1,https://bluegridmedia.com/google-ads-for-pest-control,bluegridmedia.com,Google Ads for Pest Control: Fill Routes & Sell Plans (2026),,browserbase
google ads for mosquito control,282,Google Ads for Mosquito Control,Commercial,Google PPC,Google PPC,Pest Control,Paid Search Page,High,2,https://clicksgeek.com/industries/mosquito-control/,clicksgeek.com,Mosquito Control Businesses Marketing | Clicks Geek,,browserbase
google ads for mosquito control,282,Google Ads for Mosquito Control,Commercial,Google PPC,Google PPC,Pest Control,Paid Search Page,High,3,https://cubecreative.design/blog/pest-control-marketing/mosquito-tick-seasonal-revenue,cubecreative.design,Mosquito Control Marketing for Seasonal Revenue,,browserbase
google ads for mosquito control,282,Google Ads for Mosquito Control,Commercial,Google PPC,Google PPC,Pest Control,Paid Search Page,High,4,https://www.pctonline.com/news/google-ads-mistakes-that-cost-pcos-thousands/,pctonline.com,Google Ads Mistakes That Cost PCOs Thousands - Pest Control Technology,,browserbase
google ads for mosquito control,282,Google Ads for Mosquito Control,Commercial,Google PPC,Google PPC,Pest Control,Paid Search Page,High,5,https://clicksgeek.com/google-ads-for-mosquito-misting/,clicksgeek.com,Google Ads for Mosquito Misting Systems Installers | Clicks Geek,,browserbase
seo for mosquito control,283,SEO for Mosquito Control,Commercial,SEO / AEO / GEO,SEO / AEO / GEO,Pest Control,Organic Search Page,High,1,https://clicksgeek.com/seo-for-mosquito-misting/,clicksgeek.com,SEO for Mosquito Misting Systems Installers | Clicks Geek,,browserbase
seo for mosquito control,283,SEO for Mosquito Control,Commercial,SEO / AEO / GEO,SEO / AEO / GEO,Pest Control,Organic Search Page,High,2,https://photonseo.com/pest-control-spring-seo-seasonal-guide/,photonseo.com,The Pest Control Company's Guide to Dominating Spring Season on Google - Photon SEO,,browserbase
seo for mosquito control,283,SEO for Mosquito Control,Commercial,SEO / AEO / GEO,SEO / AEO / GEO,Pest Control,Organic Search Page,High,3,https://photonseo.com/seo-for-pest-control-companies/,photonseo.com,SEO for Pest Control Companies - Photon SEO,,browserbase
seo for mosquito control,283,SEO for Mosquito Control,Commercial,SEO / AEO / GEO,SEO / AEO / GEO,Pest Control,Organic Search Page,High,4,https://cubecreative.design/blog/pest-control-marketing/technical-semantic-seo-pest-control-guide,cubecreative.design,Technical SEO for Pest Control: The Complete 2026 Guide,,browserbase
seo for mosquito control,283,SEO for Mosquito Control,Commercial,SEO / AEO / GEO,SEO / AEO / GEO,Pest Control,Organic Search Page,High,5,https://gethoneybun.com/local-seo-pest-control/,gethoneybun.com,Local SEO for Pest Control Companies — Rank in Every City | HoneyBun,,browserbase
marketing for exterminator,284,Marketing for Exterminator,Commercial,Industry,Full Stack,Pest Control,Industry Subservice Page,High,1,https://netpeak.us/blog/digital-marketing-for-pest-control-companies-full-guide-with-cases-stats/,netpeak.us,Digital Marketing for Pest Control Companies: Full Guide With Cases & Stats,,browserbase
marketing for exterminator,284,Marketing for Exterminator,Commercial,Industry,Full Stack,Pest Control,Industry Subservice Page,High,2,https://adwave.com/resources/pest-control-advertising,adwave.com,Pest Control Advertising: 7 Channels Compared (2026),,browserbase
marketing for exterminator,284,Marketing for Exterminator,Commercial,Industry,Full Stack,Pest Control,Industry Subservice Page,High,3,https://pestcontrolmillionaires.com/pest-control-marketing/,pestcontrolmillionaires.com,Pest Control Marketing [2026]: 11-Channel Playbook to $10M,,browserbase
marketing for exterminator,284,Marketing for Exterminator,Commercial,Industry,Full Stack,Pest Control,Industry Subservice Page,High,4,https://dalyadvertising.com/blog/pest-control-marketing-strategies,dalyadvertising.com,Pest Control Marketing: 7 Strategies That Actually Fill Your Schedule | Daly Advertising,,browserbase
marketing for exterminator,284,Marketing for Exterminator,Commercial,Industry,Full Stack,Pest Control,Industry Subservice Page,High,5,https://kodiakdigital.co/pest-control-marketing-guide/,kodiakdigital.co,Pest Control Marketing: The Strategy That Compounds,,browserbase
lead generation for exterminator,285,Lead Generation for Exterminator,Commercial,Industry,Full Stack,Pest Control,Industry Subservice Page,High,1,https://insidea.com/blog/marketing/pest-control-companies/lead-generation-guide-for-exterminators/,insidea.com,The Ultimate Lead Generation Guide for Pest Control​ Companies - INSIDEA,,browserbase
lead generation for exterminator,285,Lead Generation for Exterminator,Commercial,Industry,Full Stack,Pest Control,Industry Subservice Page,High,2,https://builtrightdigital.com/pest-control-lead-generation-tips/,builtrightdigital.com,Pest Control Lead Generation: 9 Tips for Growth | Built-Right Digital,,browserbase
lead generation for exterminator,285,Lead Generation for Exterminator,Commercial,Industry,Full Stack,Pest Control,Industry Subservice Page,High,3,https://pestcontrolmillionaires.com/pest-control-lead-generation/,pestcontrolmillionaires.com,Pest Control Lead Generation: An Expert Marketers Playbook,,browserbase
lead generation for exterminator,285,Lead Generation for Exterminator,Commercial,Industry,Full Stack,Pest Control,Industry Subservice Page,High,4,https://cubecreative.design/blog/pest-control-marketing/8-lead-generation-strategies-pest-control-companies-miss,cubecreative.design,8 Proven Strategies to Generate Pest Control Leads,,browserbase
lead generation for exterminator,285,Lead Generation for Exterminator,Commercial,Industry,Full Stack,Pest Control,Industry Subservice Page,High,5,https://blueprintdigital.com/blog/pest-control-lead-generation/,blueprintdigital.com,How Pest Control Companies Can Generate More Leads Online,,browserbase
website design for exterminator,286,Website Design for Exterminator,Commercial,Web Development,Web Development,Pest Control,Service x Subservice Page,Medium,1,https://www.andava.com/pest-control-marketing/web-design/,andava.com,Pest Control Web Design Agency | Convert More Visitors,,browserbase
website design for exterminator,286,Website Design for Exterminator,Commercial,Web Development,Web Development,Pest Control,Service x Subservice Page,Medium,2,https://contractormarketingpros.net/pest-control/website-design/,contractormarketingpros.net,Pest Control Website Design | Convert More Local Leads,,browserbase
website design for exterminator,286,Website Design for Exterminator,Commercial,Web Development,Web Development,Pest Control,Service x Subservice Page,Medium,3,https://builtrightdigital.com/pest-control-web-design/,builtrightdigital.com,Pest Control Web Design Agency - Built Right Digital,,browserbase
website design for exterminator,286,Website Design for Exterminator,Commercial,Web Development,Web Development,Pest Control,Service x Subservice Page,Medium,4,https://lizardoagency.com/industries/home-services/pest-control/,lizardoagency.com,Custom & Affordable Web Design for Pest Control Services,,browserbase
website design for exterminator,286,Website Design for Exterminator,Commercial,Web Development,Web Development,Pest Control,Service x Subservice Page,Medium,5,https://pestcontrolwebdesigns.com/,pestcontrolwebdesigns.com,Web Design Services for Pest Control Companies | Pest Control Web Designs,,browserbase
google ads for exterminator,287,Google Ads for Exterminator,Commercial,Google PPC,Google PPC,Pest Control,Paid Search Page,High,1,https://pestcontrolmillionaires.com/google-ads-for-pest-control/,pestcontrolmillionaires.com,Google Ads for Pest Control [2026]: Operator's Playbook,,browserbase
google ads for exterminator,287,Google Ads for Exterminator,Commercial,Google PPC,Google PPC,Pest Control,Paid Search Page,High,2,https://bluegridmedia.com/google-ads-for-pest-control,bluegridmedia.com,Google Ads for Pest Control: Fill Routes & Sell Plans (2026),,browserbase
google ads for exterminator,287,Google Ads for Exterminator,Commercial,Google PPC,Google PPC,Pest Control,Paid Search Page,High,3,https://insidea.com/blog/marketing/pest-control-companies/google-ads-strategy-for-exterminators/,insidea.com,Google Ads Strategy for Pest Control Companies  - INSIDEA,,browserbase
google ads for exterminator,287,Google Ads for Exterminator,Commercial,Google PPC,Google PPC,Pest Control,Paid Search Page,High,4,https://mjsmarketingsolutions.com/guides-resources/pest-control-google-ads/,mjsmarketingsolutions.com,Google Ads For Pest Control,,browserbase
google ads for exterminator,287,Google Ads for Exterminator,Commercial,Google PPC,Google PPC,Pest Control,Paid Search Page,High,5,https://www.leadember.com/post/google-ads-for-pest-control,leadember.com,Google Ads for Pest Control,,browserbase
seo for exterminator,288,SEO for Exterminator,Commercial,SEO / AEO / GEO,SEO / AEO / GEO,Pest Control,Organic Search Page,High,1,https://cubecreative.design/blog/pest-control-marketing/pest-seo-guide,cubecreative.design,Pest Control SEO in 2026: What's Working Right Now,,browserbase
seo for exterminator,288,SEO for Exterminator,Commercial,SEO / AEO / GEO,SEO / AEO / GEO,Pest Control,Organic Search Page,High,2,https://insidea.com/blog/marketing/pest-control-companies/seo-guide-for-exterminators/,insidea.com,SEO for Pest Control Companies: The Ultimate Guide - INSIDEA,,browserbase
seo for exterminator,288,SEO for Exterminator,Commercial,SEO / AEO / GEO,SEO / AEO / GEO,Pest Control,Organic Search Page,High,3,https://cubecreative.design/blog/pest-control-marketing/technical-semantic-seo-pest-control-guide,cubecreative.design,Technical SEO for Pest Control: The Complete 2026 Guide,,browserbase
seo for exterminator,288,SEO for Exterminator,Commercial,SEO / AEO / GEO,SEO / AEO / GEO,Pest Control,Organic Search Page,High,4,https://pestcontrolmillionaires.com/local-seo-for-pest-control-companies/,pestcontrolmillionaires.com,Local SEO for Pest Control: The 2026 Domination Playbook,,browserbase
seo for exterminator,288,SEO for Exterminator,Commercial,SEO / AEO / GEO,SEO / AEO / GEO,Pest Control,Organic Search Page,High,5,https://gethoneybun.com/local-seo-pest-control/,gethoneybun.com,Local SEO for Pest Control Companies — Rank in Every City | HoneyBun,,browserbase
marketing for lawn care,289,Marketing for Lawn Care,Commercial,Industry,Full Stack,Landscaping,Industry Subservice Page,High,1,https://greenfrogwebdesign.com/lawn-care-marketing-strategy/,greenfrogwebdesign.com,Lawn Care Marketing Strategy 2026 | Complete Guide for Lawn & Landscape Businesses,,browserbase
marketing for lawn care,289,Marketing for Lawn Care,Commercial,Industry,Full Stack,Landscaping,Industry Subservice Page,High,2,https://contractormarketingpros.net/blog/how-to-get-lawn-care-leads-15-proven-strategies-free-paid/,contractormarketingpros.net,How To Get Lawn Care Leads: 15 Proven Strategies (Free & Paid),,browserbase
marketing for lawn care,289,Marketing for Lawn Care,Commercial,Industry,Full Stack,Landscaping,Industry Subservice Page,High,3,https://www.housecallpro.com/resources/lawn-care-marketing/,housecallpro.com,10 Lawn Care & Landscaping Marketing Ideas to Get More Leads,,browserbase
marketing for lawn care,289,Marketing for Lawn Care,Commercial,Industry,Full Stack,Landscaping,Industry Subservice Page,High,4,https://sitemancer.com/guide/complete-guide-landscaping-and-lawn-care-marketing,sitemancer.com,Landscaping & Lawn Care Marketing Guide 2026,,browserbase
marketing for lawn care,289,Marketing for Lawn Care,Commercial,Industry,Full Stack,Landscaping,Industry Subservice Page,High,5,https://adwave.com/resources/landscaping-advertising,adwave.com,Landscaping Advertising: 7 Channels Compared (2026),,browserbase
lead generation for lawn care,290,Lead Generation for Lawn Care,Commercial,Industry,Full Stack,Landscaping,Industry Subservice Page,High,1,https://www.housecallpro.com/resources/lawn-care-landscaping-leads-strategies/,housecallpro.com,How to get lawn care and landscaping leads: 14 proven strategies,,browserbase
lead generation for lawn care,290,Lead Generation for Lawn Care,Commercial,Industry,Full Stack,Landscaping,Industry Subservice Page,High,2,https://sitemancer.com/guide/complete-guide-landscaping-and-lawn-care-marketing,sitemancer.com,Landscaping & Lawn Care Marketing Guide 2026,,browserbase
lead generation for lawn care,290,Lead Generation for Lawn Care,Commercial,Industry,Full Stack,Landscaping,Industry Subservice Page,High,3,https://pinpointpromote.com/resources/landscaping-lead-generation-complete-guide,pinpointpromote.com,"Landscaping Lead Generation Guide 2026: Local SEO, Google Ads & Recurring Clients | PinPoint Promote | PinPoint Promote",,browserbase
lead generation for lawn care,290,Lead Generation for Lawn Care,Commercial,Industry,Full Stack,Landscaping,Industry Subservice Page,High,4,https://greenfrogwebdesign.com/lawn-care-marketing-strategy/,greenfrogwebdesign.com,Lawn Care Marketing Strategy 2026 | Complete Guide for Lawn & Landscape Businesses,,browserbase
lead generation for lawn care,290,Lead Generation for Lawn Care,Commercial,Industry,Full Stack,Landscaping,Industry Subservice Page,High,5,https://www.leadgen-economy.com/blog/landscaping-lawn-care-lead-generation-strategy-guide/,leadgen-economy.com,Landscaping Lead Generation: Complete 2026 Guide,,browserbase
website design for lawn care,291,Website Design for Lawn Care,Commercial,Web Development,Web Development,Landscaping,Service x Subservice Page,Medium,1,https://www.lawnwebpros.com/,lawnwebpros.com,Lawn Care Website Design and SEO | Lawn Web Pros,,browserbase
website design for lawn care,291,Website Design for Lawn Care,Commercial,Web Development,Web Development,Landscaping,Service x Subservice Page,Medium,2,https://contractormarketingpros.net/lawn-care/website-design/,contractormarketingpros.net,Website Design Services For Lawn Care Companies,,browserbase
website design for lawn care,291,Website Design for Lawn Care,Commercial,Web Development,Web Development,Landscaping,Service x Subservice Page,Medium,3,https://contractorwebsitedesign.com/lawn-care/web-design/,contractorwebsitedesign.com,Lawn Care Website Design: Services to Grow Your Business,,browserbase
website design for lawn care,291,Website Design for Lawn Care,Commercial,Web Development,Web Development,Landscaping,Service x Subservice Page,Medium,4,https://lawncarehero.net/,lawncarehero.net,Lawn Care Web Design | Landscaping Web Design | Lawn Care SEO,,browserbase
website design for lawn care,291,Website Design for Lawn Care,Commercial,Web Development,Web Development,Landscaping,Service x Subservice Page,Medium,5,https://greenfrogwebdesign.com/,greenfrogwebdesign.com,"Lawn Care Marketing Agency | Websites, SEO & PPC for Lawn and Landscape Pros",,browserbase
google ads for lawn care,292,Google Ads for Lawn Care,Commercial,Google PPC,Google PPC,Landscaping,Paid Search Page,High,1,https://www.sona.com/blog/google-ads-for-lawn-care-step-by-step,sona.com,Google Ads for Lawn Care: A Comprehensive Setup Guide | Sona,,browserbase
google ads for lawn care,292,Google Ads for Lawn Care,Commercial,Google PPC,Google PPC,Landscaping,Paid Search Page,High,2,https://clicksgeek.com/google-ads-for-lawn-care/,clicksgeek.com,Google Ads for Lawn Care Companies | Clicks Geek,,browserbase
google ads for lawn care,292,Google Ads for Lawn Care,Commercial,Google PPC,Google PPC,Landscaping,Paid Search Page,High,3,https://evergrowmarketing.com/2025-landscaping-and-lawn-care-google-ads-benchmarks/,evergrowmarketing.com,The 2025 Green Industry Google Ads Benchmarks | Complete Guide,,browserbase
google ads for lawn care,292,Google Ads for Lawn Care,Commercial,Google PPC,Google PPC,Landscaping,Paid Search Page,High,4,https://bluegridmedia.com/google-ads-for-landscaping,bluegridmedia.com,Google Ads for Landscaping: Install + Recurring Leads (2026),,browserbase
google ads for lawn care,292,Google Ads for Lawn Care,Commercial,Google PPC,Google PPC,Landscaping,Paid Search Page,High,5,https://fernflo.co/blog/lawn-care-ad-writing-tips-get-better-results-on-google/,fernflo.co,Lawn Care Ad Writing Tips: Get Better Results On Google - fernflo,,browserbase
seo for lawn care,293,SEO for Lawn Care,Commercial,SEO / AEO / GEO,SEO / AEO / GEO,Landscaping,Organic Search Page,High,1,https://ahrefs.com/seo/for/lawn-care-companies,ahrefs.com,SEO for Lawn Care Companies,,browserbase
seo for lawn care,293,SEO for Lawn Care,Commercial,SEO / AEO / GEO,SEO / AEO / GEO,Landscaping,Organic Search Page,High,2,https://mediaspearhead.com/blog/lawn-care-seo/,mediaspearhead.com,Lawn Care SEO: How to Rank #1 and Dominate Local Search | Blog | Media Spearhead,,browserbase
seo for lawn care,293,SEO for Lawn Care,Commercial,SEO / AEO / GEO,SEO / AEO / GEO,Landscaping,Organic Search Page,High,3,https://fourarrowsmarketing.com/blog/seo-for-landscapers/,fourarrowsmarketing.com,SEO for Landscapers: The Complete Guide (2026),,browserbase
seo for lawn care,293,SEO for Lawn Care,Commercial,SEO / AEO / GEO,SEO / AEO / GEO,Landscaping,Organic Search Page,High,4,https://www.servgrow.com/home-services-seo/seo-for-lawn-care-experts,servgrow.com,Lawn Care Expert SEO: The Ultimate Guide to Search Engine Optimization,,browserbase
seo for lawn care,293,SEO for Lawn Care,Commercial,SEO / AEO / GEO,SEO / AEO / GEO,Landscaping,Organic Search Page,High,5,https://redbrickweb.com/blog/landscaping-seo-how-to-get-your-company-found-on-google,redbrickweb.com,Landscaping SEO: How to Get Your Company Found on Google,,browserbase
marketing for landscape design,294,Marketing for Landscape Design,Commercial,Industry,Full Stack,Landscaping,Industry Subservice Page,High,1,https://hardscapemarketingcrew.com/marketing-for-landscape-designers/,hardscapemarketingcrew.com,Marketing for Landscape Designers: The Complete Playbook | HMC,,browserbase
marketing for landscape design,294,Marketing for Landscape Design,Commercial,Industry,Full Stack,Landscaping,Industry Subservice Page,High,2,https://www.lawncaredigital.com/landscape-design-marketing-strategies-10-expert-faqs/,lawncaredigital.com,Landscape Design Marketing Strategies: 10 Expert FAQs,,browserbase
marketing for landscape design,294,Marketing for Landscape Design,Commercial,Industry,Full Stack,Landscaping,Industry Subservice Page,High,3,https://www.bspkn.co/insights/landscape-design-marketing-fill-calendar-win-projects-2026/,bspkn.co,Landscape Design Marketing: How to Fill Your Calendar and Win Higher-Value Projects in 2026,,browserbase
marketing for landscape design,294,Marketing for Landscape Design,Commercial,Industry,Full Stack,Landscaping,Industry Subservice Page,High,4,https://hardscapemarketingcrew.com/landscape-design-marketing/,hardscapemarketingcrew.com,Landscape Design Marketing | Get More Design Clients | HMC,,browserbase
marketing for landscape design,294,Marketing for Landscape Design,Commercial,Industry,Full Stack,Landscaping,Industry Subservice Page,High,5,https://www.landscapingmarketingstrategies.com/specialties/landscape-design-marketing/,landscapingmarketingstrategies.com,Landscape Design Marketing - Landscaping Marketing Strategies,,browserbase
lead generation for landscape design,295,Lead Generation for Landscape Design,Commercial,Industry,Full Stack,Landscaping,Industry Subservice Page,High,1,https://hardscapemarketingcrew.com/landscape-design-leads/,hardscapemarketingcrew.com,How to Generate Landscape Design Leads: A Contractor's Guide | HMC,,browserbase
lead generation for landscape design,295,Lead Generation for Landscape Design,Commercial,Industry,Full Stack,Landscaping,Industry Subservice Page,High,2,https://www.bspkn.co/insights/landscape-design-marketing-fill-calendar-win-projects-2026/,bspkn.co,Landscape Design Marketing: How to Fill Your Calendar and Win Higher-Value Projects in 2026,,browserbase
lead generation for landscape design,295,Lead Generation for Landscape Design,Commercial,Industry,Full Stack,Landscaping,Industry Subservice Page,High,3,https://www.landscapingmarketingstrategies.com/specialties/landscape-design-marketing/,landscapingmarketingstrategies.com,Landscape Design Marketing - Landscaping Marketing Strategies,,browserbase
lead generation for landscape design,295,Lead Generation for Landscape Design,Commercial,Industry,Full Stack,Landscaping,Industry Subservice Page,High,4,https://hardscapemarketingcrew.com/landscape-design-marketing/,hardscapemarketingcrew.com,Landscape Design Marketing | Get More Design Clients | HMC,,browserbase
lead generation for landscape design,295,Lead Generation for Landscape Design,Commercial,Industry,Full Stack,Landscaping,Industry Subservice Page,High,5,https://www.leadtruffle.co/blog/complete-guide-landscaping-lead-generation-2026/,leadtruffle.co,Landscaping Lead Generation: The Complete Guide for 2026 | LeadTruffle | 24/7 AI Lead Qualification Tools for Home Service Contractors,,browserbase
website design for landscape design,296,Website Design for Landscape Design,Commercial,Web Development,Web Development,Landscaping,Service x Subservice Page,Medium,1,https://tmncreative.com/landscaping,tmncreative.com,Landscaping Web Design Agency · TMN Creative,,browserbase
website design for landscape design,296,Website Design for Landscape Design,Commercial,Web Development,Web Development,Landscaping,Service x Subservice Page,Medium,2,https://www.danhoye.com/,danhoye.com,Branding & Web Design for Garden Designers & Landscapers | Dan Hoye Design,,browserbase
website design for landscape design,296,Website Design for Landscape Design,Commercial,Web Development,Web Development,Landscaping,Service x Subservice Page,Medium,3,https://www.cjco.com.au/web-design-for-landscaping-and-garden-design-firms/,cjco.com.au,Web Design For Landscaping And Garden Design Firms | CJ&CO Digital Solutions,,browserbase
website design for landscape design,296,Website Design for Landscape Design,Commercial,Web Development,Web Development,Landscaping,Service x Subservice Page,Medium,4,https://makodigital.co.uk/case-study/brabazon-landscaping/,makodigital.co.uk,Brabazon Landscaping | Bristol Premium WordPress Case Study | Mako Digital,,browserbase
website design for landscape design,296,Website Design for Landscape Design,Commercial,Web Development,Web Development,Landscaping,Service x Subservice Page,Medium,5,https://svilenkovic.com/3d/landscape-design-3d-website,svilenkovic.com,Landscape Design 3D Website — Garden + Outdoor P — Svilenković,,browserbase
google ads for landscape design,297,Google Ads for Landscape Design,Commercial,Google PPC,Google PPC,Landscaping,Paid Search Page,High,1,https://bluegridmedia.com/google-ads-for-landscaping,bluegridmedia.com,Google Ads for Landscaping: Install + Recurring Leads (2026),,browserbase
google ads for landscape design,297,Google Ads for Landscape Design,Commercial,Google PPC,Google PPC,Landscaping,Paid Search Page,High,2,https://www.vazooky.com.au/r/google-ads-for-landscape-architects/,vazooky.com.au,Google Ads For Landscape Architects: The Ultimate Guide,,browserbase
google ads for landscape design,297,Google Ads for Landscape Design,Commercial,Google PPC,Google PPC,Landscaping,Paid Search Page,High,3,https://www.digitalthirdcoast.com/our-work/case-studies/b2c-landscape-search-vs-pmax-lead-quality,digitalthirdcoast.com,Search Ads Boost Lead Quality for Landscape Design Firm Digital Third Coast,,browserbase
google ads for landscape design,297,Google Ads for Landscape Design,Commercial,Google PPC,Google PPC,Landscaping,Paid Search Page,High,4,https://www.revkey.com/google-ads-for-landscape-architecture,revkey.com,Google Ads for Landscape Architecture Services — RevKey,,browserbase
google ads for landscape design,297,Google Ads for Landscape Design,Commercial,Google PPC,Google PPC,Landscaping,Paid Search Page,High,5,https://clicksgeek.com/google-ads-for-landscaping/,clicksgeek.com,Google Ads for Landscaping Companies | Clicks Geek,,browserbase
seo for landscape design,298,SEO for Landscape Design,Commercial,SEO / AEO / GEO,SEO / AEO / GEO,Landscaping,Organic Search Page,High,1,https://contractorseo.us/seo-for-landscape-designers/,contractorseo.us,SEO for Landscape Designers | ContractorSEO.us,,browserbase
seo for landscape design,298,SEO for Landscape Design,Commercial,SEO / AEO / GEO,SEO / AEO / GEO,Landscaping,Organic Search Page,High,2,http://brighterwebsites.com.au/blog/landscape-design-website-seo-strategy/,brighterwebsites.com.au,Landscape Designer: Regional Web Design SEO Strategy That Converts,,browserbase
seo for landscape design,298,SEO for Landscape Design,Commercial,SEO / AEO / GEO,SEO / AEO / GEO,Landscaping,Organic Search Page,High,3,https://hardscapemarketingcrew.com/landscape-design-leads/,hardscapemarketingcrew.com,How to Generate Landscape Design Leads: A Contractor's Guide | HMC,,browserbase
seo for landscape design,298,SEO for Landscape Design,Commercial,SEO / AEO / GEO,SEO / AEO / GEO,Landscaping,Organic Search Page,High,4,https://www.ranktracker.com/blog/landscape-architecture-seo/,ranktracker.com,Landscape Architecture SEO,,browserbase
seo for landscape design,298,SEO for Landscape Design,Commercial,SEO / AEO / GEO,SEO / AEO / GEO,Landscaping,Organic Search Page,High,5,https://curbsidesearch.com/landscaping-seo-guide/,curbsidesearch.com,Landscaping SEO: How to Rank in Your Local Market Year-Round | CurbSide Search,,browserbase
marketing for irrigation,299,Marketing for Irrigation,Commercial,Industry,Full Stack,Landscaping,Industry Subservice Page,High,1,https://www.servicetitan.com/blog/irrigation-marketing,servicetitan.com,Irrigation Marketing: 12 Ideas & Strategies for Your Business,,browserbase
marketing for irrigation,299,Marketing for Irrigation,Commercial,Industry,Full Stack,Landscaping,Industry Subservice Page,High,2,https://www.landscapingmarketingstrategies.com/specialties/irrigation-services-marketing/,landscapingmarketingstrategies.com,Irrigation Services Marketing - Landscaping Marketing Strategies,,browserbase
marketing for irrigation,299,Marketing for Irrigation,Commercial,Industry,Full Stack,Landscaping,Industry Subservice Page,High,3,https://irrigationmarketingpro.com/,irrigationmarketingpro.com,Marketing Agency for Irrigation Companies,,browserbase
marketing for irrigation,299,Marketing for Irrigation,Commercial,Industry,Full Stack,Landscaping,Industry Subservice Page,High,4,https://www.wearetg.com/industry/irrigation-marketing-agency/,wearetg.com,Irrigation Marketing Agency | Timmermann Group,,browserbase
marketing for irrigation,299,Marketing for Irrigation,Commercial,Industry,Full Stack,Landscaping,Industry Subservice Page,High,5,https://revbrandingindustries.com/marketing-for-irrigation-companies/,revbrandingindustries.com,Marketing for Irrigation Companies - REV Branding Industries,,browserbase
lead generation for irrigation,300,Lead Generation for Irrigation,Commercial,Industry,Full Stack,Landscaping,Industry Subservice Page,High,1,https://www.servicetitan.com/blog/irrigation-leads,servicetitan.com,How to Get Irrigation Leads: 11 Tested Ways [2024],,browserbase
lead generation for irrigation,300,Lead Generation for Irrigation,Commercial,Industry,Full Stack,Landscaping,Industry Subservice Page,High,2,https://irrigationgrowth.com/,irrigationgrowth.com,Generate High-Quality Irrigation Leads Daily | Scale to 7 Figures Fast,,browserbase
lead generation for irrigation,300,Lead Generation for Irrigation,Commercial,Industry,Full Stack,Landscaping,Industry Subservice Page,High,3,https://prospectai.co/use-cases/agricultural-irrigation-equipment-distributors,prospectai.co,B2B Email Lists for Agricultural Irrigation Equipment Distributors | Prospect AI,,browserbase
lead generation for irrigation,300,Lead Generation for Irrigation,Commercial,Industry,Full Stack,Landscaping,Industry Subservice Page,High,4,https://incify.co/Knowledge/case-studies/955-high-quality-leads-in-just-3-weeks-for-netafim,incify.co,"Case Study: From RM 80 to RM 5.80 Per Lead: How We Built a 1,200+ Lead Pipeline for Netafim™ in 5 Weeks | Incify",,browserbase
lead generation for irrigation,300,Lead Generation for Irrigation,Commercial,Industry,Full Stack,Landscaping,Industry Subservice Page,High,5,https://99calls.com/Irrigation-Leads.htm,99calls.com,Irrigation Leads - Exclusive & Qualified - Under $34,,browserbase
website design for irrigation,301,Website Design for Irrigation,Commercial,Web Development,Web Development,Landscaping,Service x Subservice Page,Medium,1,https://distillworks.com/industries/irrigation,distillworks.com,Web Design & SEO for Irrigation Companies | Distill Works,,browserbase
website design for irrigation,301,Website Design for Irrigation,Commercial,Web Development,Web Development,Landscaping,Service x Subservice Page,Medium,2,https://www.atwaterwebdesign.com/industries-we-serve/irrigation-and-sprinkler-systems-website-design,atwaterwebdesign.com,Atwater Web Design | Irrigation And Sprinkler Systems Website Design,,browserbase
website design for irrigation,301,Website Design for Irrigation,Commercial,Web Development,Web Development,Landscaping,Service x Subservice Page,Medium,3,https://clicksgeek.com/web-design-for-irrigation-services/,clicksgeek.com,Web Design for Irrigation Services Companies | Clicks Geek,,browserbase
website design for irrigation,301,Website Design for Irrigation,Commercial,Web Development,Web Development,Landscaping,Service x Subservice Page,Medium,4,https://landscapingleads.co.uk/irrigation-and-sprinkler-systems-website-design/,landscapingleads.co.uk,Irrigation and Sprinkler Systems Website Design,,browserbase
website design for irrigation,301,Website Design for Irrigation,Commercial,Web Development,Web Development,Landscaping,Service x Subservice Page,Medium,5,https://lengreo.com/website-development-for-irrigation-companies/,lengreo.com,Website Development for Irrigation Companies 2026,,browserbase
google ads for irrigation,302,Google Ads for Irrigation,Commercial,Google PPC,Google PPC,Landscaping,Paid Search Page,High,1,https://www.sona.com/blog/google-ads-for-irrigation-repair-services-a-comprehensive-setup-guide,sona.com,Google Ads for Irrigation Repair Services: A Comprehensive Setup Guide | Sona,,browserbase
google ads for irrigation,302,Google Ads for Irrigation,Commercial,Google PPC,Google PPC,Landscaping,Paid Search Page,High,2,https://www.mbadv.agency/industry-ppc-services/irrigation-sprinkler-ppc,mbadv.agency,Irrigation & Sprinkler PPC | Expert Google Ads | MB Adv,,browserbase
google ads for irrigation,302,Google Ads for Irrigation,Commercial,Google PPC,Google PPC,Landscaping,Paid Search Page,High,3,https://anytimedigitalmarketing.com/irrigation-ppc-agency/,anytimedigitalmarketing.com,Irrigation PPC Agency - Google Ads - Anytime Digital,,browserbase
google ads for irrigation,302,Google Ads for Irrigation,Commercial,Google PPC,Google PPC,Landscaping,Paid Search Page,High,4,https://jemsu.com/how-should-irrigation-systems-companies-set-their-google-ads-budget-in-2024/,jemsu.com,How should irrigation systems companies set their Google Ads budget in 2024?,,browserbase
google ads for irrigation,302,Google Ads for Irrigation,Commercial,Google PPC,Google PPC,Landscaping,Paid Search Page,High,5,https://www.getroundhouse.com/how-irrigators-llc-went-from-a-marketing-drought-to-a-flood-of-leads,getroundhouse.com,How Irrigators LLC Went from a Marketing Drought to a Flood of Leads,,browserbase
seo for irrigation,303,SEO for Irrigation,Commercial,SEO / AEO / GEO,SEO / AEO / GEO,Landscaping,Organic Search Page,High,1,https://rcdigital.us/irrigation-dont-know-seo/,rcdigital.us,Essential SEO Strategies for Irrigation Businesses in 2026,,browserbase
seo for irrigation,303,SEO for Irrigation,Commercial,SEO / AEO / GEO,SEO / AEO / GEO,Landscaping,Organic Search Page,High,2,https://www.nolenwalker.com/irrigation-seo/,nolenwalker.com,Irrigation SEO: The #1 Guide for Sprinkler Repair Contractors,,browserbase
seo for irrigation,303,SEO for Irrigation,Commercial,SEO / AEO / GEO,SEO / AEO / GEO,Landscaping,Organic Search Page,High,3,https://distillworks.com/industries/irrigation,distillworks.com,Web Design & SEO for Irrigation Companies | Distill Works,,browserbase
seo for irrigation,303,SEO for Irrigation,Commercial,SEO / AEO / GEO,SEO / AEO / GEO,Landscaping,Organic Search Page,High,4,https://www.trevortynes.ca/irrigation-seo/,trevortynes.ca,"Irrigation SEO for Lawn Sprinkler Installation & Repair Contractors | Trevor Tynes, SEO Consultant",,browserbase
seo for irrigation,303,SEO for Irrigation,Commercial,SEO / AEO / GEO,SEO / AEO / GEO,Landscaping,Organic Search Page,High,5,https://www.ranktracker.com/blog/irrigation-equipment-seo/,ranktracker.com,"Irrigation Equipment SEO: Drive Sales, Attract Contractors & Grow Your B2B Pipeline",,browserbase
marketing for hardscaping,304,Marketing for Hardscaping,Commercial,Industry,Full Stack,Landscaping,Industry Subservice Page,High,1,https://leads4build.com/insights/hardscaping-marketing,leads4build.com,Hardscaping Marketing: Get More Patio & Paver Projects,,browserbase
marketing for hardscaping,304,Marketing for Hardscaping,Commercial,Industry,Full Stack,Landscaping,Industry Subservice Page,High,2,https://12amagency.com/hardscaping-business-marketing/,12amagency.com,"Hardscaping Business Marketing: Building Your Portfolio, Growing Your Business | 12AM Agency",,browserbase
marketing for hardscaping,304,Marketing for Hardscaping,Commercial,Industry,Full Stack,Landscaping,Industry Subservice Page,High,3,https://www.landscapingmarketingstrategies.com/specialties/hardscaping-marketing/,landscapingmarketingstrategies.com,Hardscaping Marketing - Landscaping Marketing Strategies,,browserbase
marketing for hardscaping,304,Marketing for Hardscaping,Commercial,Industry,Full Stack,Landscaping,Industry Subservice Page,High,4,https://hardscapemarketingcrew.com/landscape-hardscape-marketing-funnel/,hardscapemarketingcrew.com,The Landscape & Hardscape Marketing Funnel Explained: Your Blueprint for Growth | Hardscape Marketing Crew,,browserbase
marketing for hardscaping,304,Marketing for Hardscaping,Commercial,Industry,Full Stack,Landscaping,Industry Subservice Page,High,5,https://www.hardscapemarketers.com/local-seo/7-ways-to-increase-local-seo-for-your-hardscape-business/,hardscapemarketers.com,7 Ways to Increase Local SEO for Your Hardscape Business - Hardscape Marketers,,browserbase
lead generation for hardscaping,305,Lead Generation for Hardscaping,Commercial,Industry,Full Stack,Landscaping,Industry Subservice Page,High,1,https://www.tmgusa.com/hardscape-builders-marketing/,tmgusa.com,Hardscape Builders Marketing Services | Hardscape Builders Lead Generation | TMG USA,,browserbase
lead generation for hardscaping,305,Lead Generation for Hardscaping,Commercial,Industry,Full Stack,Landscaping,Industry Subservice Page,High,2,https://leads4build.com/insights/hardscaping-marketing,leads4build.com,Hardscaping Marketing: Get More Patio & Paver Projects,,browserbase
lead generation for hardscaping,305,Lead Generation for Hardscaping,Commercial,Industry,Full Stack,Landscaping,Industry Subservice Page,High,3,https://hardscapex.com/,hardscapex.com,Helping Hardscape Contractors Generate  Financially Qualified  Appointments,,browserbase
lead generation for hardscaping,305,Lead Generation for Hardscaping,Commercial,Industry,Full Stack,Landscaping,Industry Subservice Page,High,4,https://terraleads.co/,terraleads.co,"Get Exclusive Hardscaping Leads, That Actually Close.",,browserbase
lead generation for hardscaping,305,Lead Generation for Hardscaping,Commercial,Industry,Full Stack,Landscaping,Industry Subservice Page,High,5,https://www.payperlead.com/hardscape-leads/,payperlead.com,Hardscape Leads - Payperlead.com | Pay For Results. Not Empty Promises.,,browserbase
website design for hardscaping,306,Website Design for Hardscaping,Commercial,Web Development,Web Development,Landscaping,Service x Subservice Page,Medium,1,https://hardscapemarketingcrew.com/services/web-design/,hardscapemarketingcrew.com,Website Design & Build for Hardscape Contractors | HMC,,browserbase
website design for hardscaping,306,Website Design for Hardscaping,Commercial,Web Development,Web Development,Landscaping,Service x Subservice Page,Medium,2,https://www.atwaterwebdesign.com/industries-we-serve/hardscaping-website-design,atwaterwebdesign.com,Atwater Web Design | Hardscaping Website Design,,browserbase
website design for hardscaping,306,Website Design for Hardscaping,Commercial,Web Development,Web Development,Landscaping,Service x Subservice Page,Medium,3,https://hardscapewebdesign.com/,hardscapewebdesign.com,Hardscape Web Design,,browserbase
website design for hardscaping,306,Website Design for Hardscaping,Commercial,Web Development,Web Development,Landscaping,Service x Subservice Page,Medium,4,https://hardscapeseorescue.com/services/website-design/,hardscapeseorescue.com,Website Design - Hardscape SEO Rescue,,browserbase
website design for hardscaping,306,Website Design for Hardscaping,Commercial,Web Development,Web Development,Landscaping,Service x Subservice Page,Medium,5,https://jpgdesigns.com/web-design/landscapers-hardscape-construction/,jpgdesigns.com,Landscapers & Hardscape Construction Website Design,,browserbase
google ads for hardscaping,307,Google Ads for Hardscaping,Commercial,Google PPC,Google PPC,Landscaping,Paid Search Page,High,1,https://clicksgeek.com/google-ads-for-hardscaping/,clicksgeek.com,Google Ads for Hardscaping Contractors | Clicks Geek,,browserbase
google ads for hardscaping,307,Google Ads for Hardscaping,Commercial,Google PPC,Google PPC,Landscaping,Paid Search Page,High,2,https://hardscapemarketingcrew.com/services/google-ads/,hardscapemarketingcrew.com,Google Ads (PPC) for Hardscape Contractors | HMC,,browserbase
google ads for hardscaping,307,Google Ads for Hardscaping,Commercial,Google PPC,Google PPC,Landscaping,Paid Search Page,High,3,https://hardscapemarketingcrew.com/mastering-pay-per-click-advertising-for-your-hardscape-landscaping-business/,hardscapemarketingcrew.com,Mastering PPC Advertising for Hardscape Businesses | Hardscape Marketing Crew,,browserbase
google ads for hardscaping,307,Google Ads for Hardscaping,Commercial,Google PPC,Google PPC,Landscaping,Paid Search Page,High,4,https://landscapecontractormarketing.com/the-2026-paid-ads-strategy-mastering-google-meta-ads-for-landscape-hardscape-and-outdoor-living-contractors/,landscapecontractormarketing.com,"The 2026 Paid Ads Strategy: Mastering Google & Meta Ads For Landscape, Hardscape, And Outdoor Living Contractors |",,browserbase
google ads for hardscaping,307,Google Ads for Hardscaping,Commercial,Google PPC,Google PPC,Landscaping,Paid Search Page,High,5,https://getvibeads.com/blog/how-to-run-google-ads-for-landscaping-business,getvibeads.com,How to Run Google Ads for a Landscaping Business | VibeAds,,browserbase
seo for hardscaping,308,SEO for Hardscaping,Commercial,SEO / AEO / GEO,SEO / AEO / GEO,Landscaping,Organic Search Page,High,1,https://prospelle.com/industries/contracting-remodeling/landscaping-hardscaping-seo/playbook/,prospelle.com,Landscaping & Hardscaping SEO Playbook | Prospelle,,browserbase
seo for hardscaping,308,SEO for Hardscaping,Commercial,SEO / AEO / GEO,SEO / AEO / GEO,Landscaping,Organic Search Page,High,2,https://strategicvisibility.net/seo-best-practices-for-hardscape-outdoor-living-businesse/,strategicvisibility.net,SEO Best Practices for Hardscape & Outdoor Living Businesses,,browserbase
seo for hardscaping,308,SEO for Hardscaping,Commercial,SEO / AEO / GEO,SEO / AEO / GEO,Landscaping,Organic Search Page,High,3,https://www.hardscapemarketers.com/local-seo/7-ways-to-increase-local-seo-for-your-hardscape-business/,hardscapemarketers.com,7 Ways to Increase Local SEO for Your Hardscape Business - Hardscape Marketers,,browserbase
seo for hardscaping,308,SEO for Hardscaping,Commercial,SEO / AEO / GEO,SEO / AEO / GEO,Landscaping,Organic Search Page,High,4,https://paverandpooldigitalmarketing.com/hardscape-marketing-seo-guide/,paverandpooldigitalmarketing.com,"Hardscape & Paver Marketing: The ""Retaining Wall"" Strategy - Pool Builder Marketing",,browserbase
seo for hardscaping,308,SEO for Hardscaping,Commercial,SEO / AEO / GEO,SEO / AEO / GEO,Landscaping,Organic Search Page,High,5,https://curbsidesearch.com/seo-for-hardscape-companies/,curbsidesearch.com,Hardscaping SEO Services | Local SEO for Hardscaping Companies | CurbSide Search,,browserbase
marketing for window replacement,309,Marketing for Window Replacement,Commercial,Industry,Full Stack,Window Companies,Industry Subservice Page,High,1,https://www.silvermine.ai/newsletter/window-replacement-company-marketing-how-to-book-more-estimates-from-homeowners-ready-to-buy,silvermine.ai,Window Replacement Company Marketing: How to Book More Estimates From Homeowners Ready to Buy,,browserbase
marketing for window replacement,309,Marketing for Window Replacement,Commercial,Industry,Full Stack,Window Companies,Industry Subservice Page,High,2,https://www.homeservicedirect.net/get-more-window-replacement-customers/,homeservicedirect.net,How to Get More Window Replacement Customers in 2026,,browserbase
marketing for window replacement,309,Marketing for Window Replacement,Commercial,Industry,Full Stack,Window Companies,Industry Subservice Page,High,3,https://andrewryanmarketing.com/window-and-door-contractor-marketing/,andrewryanmarketing.com,Window and Door Contractor Marketing | The Complete Guide,,browserbase
marketing for window replacement,309,Marketing for Window Replacement,Commercial,Industry,Full Stack,Window Companies,Industry Subservice Page,High,4,https://themarketingjuice.com/lead-generation-for-window-and-door-contractors/,themarketingjuice.com,Lead Generation for Window & Door Contractors,,browserbase
marketing for window replacement,309,Marketing for Window Replacement,Commercial,Industry,Full Stack,Window Companies,Industry Subservice Page,High,5,https://prospelle.com/industries/roofing-exterior/window-replacement-seo/playbook/,prospelle.com,Window Replacement SEO Playbook | Prospelle,,browserbase
lead generation for window replacement,310,Lead Generation for Window Replacement,Commercial,Industry,Full Stack,Window Companies,Industry Subservice Page,High,1,https://www.webfx.com/blog/home-services/window-door-companies-lead-generation-guide/,webfx.com,Top Tactics on Lead Generation for Window and Door Companies in 2026,,browserbase
lead generation for window replacement,310,Lead Generation for Window Replacement,Commercial,Industry,Full Stack,Window Companies,Industry Subservice Page,High,2,https://www.leadgen-economy.com/blog/window-door-replacement-lead-generation-guide/,leadgen-economy.com,Window & Door Lead Generation: 2026 Guide,,browserbase
lead generation for window replacement,310,Lead Generation for Window Replacement,Commercial,Industry,Full Stack,Window Companies,Industry Subservice Page,High,3,https://blog.gorizen.com/window-replacement-lead-generation,blog.gorizen.com,Window Replacement Lead Generation: How to Get Better Leads Faster,,browserbase
lead generation for window replacement,310,Lead Generation for Window Replacement,Commercial,Industry,Full Stack,Window Companies,Industry Subservice Page,High,4,https://leadstoproject.com/window-install-and-replacement-contractors/,leadstoproject.com,Window Install and Replacement Contractor Marketing & Leads | LeadsToProject,,browserbase
lead generation for window replacement,310,Lead Generation for Window Replacement,Commercial,Industry,Full Stack,Window Companies,Industry Subservice Page,High,5,https://www.silvermine.ai/newsletter/window-replacement-company-marketing-how-to-book-more-estimates-from-homeowners-ready-to-buy,silvermine.ai,Window Replacement Company Marketing: How to Book More Estimates From Homeowners Ready to Buy,,browserbase
website design for window replacement,311,Website Design for Window Replacement,Commercial,Web Development,Web Development,Window Companies,Service x Subservice Page,Medium,1,https://www.trimarkdigital.com/work/window-world-breeze/,trimarkdigital.com,Website Design & Lead Generation Case Study | Window World,,browserbase
website design for window replacement,311,Website Design for Window Replacement,Commercial,Web Development,Web Development,Window Companies,Service x Subservice Page,Medium,2,https://fervorstudio.ca/services/booked-by-design/windows/,fervorstudio.ca,Window Company Website Design That Beats Showrooms | Fervor Studio,,browserbase
website design for window replacement,311,Website Design for Window Replacement,Commercial,Web Development,Web Development,Window Companies,Service x Subservice Page,Medium,3,https://panoramicdesign.co.uk/web_design/sunlight-windows/,panoramicdesign.co.uk,Sunlight Windows Website Design | Modern Web Design for Window & Door Installers,,browserbase
website design for window replacement,311,Website Design for Window Replacement,Commercial,Web Development,Web Development,Window Companies,Service x Subservice Page,Medium,4,https://louddigital.co.uk/projects/spire-windows-double-glazing-web-design-case-study/,louddigital.co.uk,Spire Windows - Double-Glazing Web Design Case Study - Loud Digital Hull,,browserbase
website design for window replacement,311,Website Design for Window Replacement,Commercial,Web Development,Web Development,Window Companies,Service x Subservice Page,Medium,5,https://wwwebdesignstudios.com/project/window-replacement-website-design/,wwwebdesignstudios.com,Window Replacement Website Design - Window Installer Websites,,browserbase
google ads for window replacement,312,Google Ads for Window Replacement,Commercial,Google PPC,Google PPC,Window Companies,Paid Search Page,High,1,https://www.homeservicedirect.net/google-ads-ppc-guide-window-replacement/,homeservicedirect.net,Google Ads for Window Replacement Companies: PPC Guide,,browserbase
google ads for window replacement,312,Google Ads for Window Replacement,Commercial,Google PPC,Google PPC,Window Companies,Paid Search Page,High,2,https://www.silvermine.ai/newsletter/google-ads-for-window-companies-how-to-stop-paying-for-bad-leads,silvermine.ai,Google Ads for Window Companies: How to Stop Paying for Bad Leads,,browserbase
google ads for window replacement,312,Google Ads for Window Replacement,Commercial,Google PPC,Google PPC,Window Companies,Paid Search Page,High,3,https://clicksgeek.com/google-ads-for-window-installers/,clicksgeek.com,Google Ads for Window Installers | Clicks Geek,,browserbase
google ads for window replacement,312,Google Ads for Window Replacement,Commercial,Google PPC,Google PPC,Window Companies,Paid Search Page,High,4,https://windowsdoorsseo.com/google-ads-best-practices-2025/,windowsdoorsseo.com,"Google Ads Best Practices in 2025: A Step-by-Step Guide for Window, Door, and Garage Door Contractors - Windows & Doors SEO",,browserbase
google ads for window replacement,312,Google Ads for Window Replacement,Commercial,Google PPC,Google PPC,Window Companies,Paid Search Page,High,5,https://elemenoweb.com/google-ads-for-window-replacement-companies/,elemenoweb.com,Window Replacement Google Ads | Elemeno Digital,,browserbase
seo for window replacement,313,SEO for Window Replacement,Commercial,SEO / AEO / GEO,SEO / AEO / GEO,Window Companies,Organic Search Page,High,1,https://prospelle.com/industries/roofing-exterior/window-replacement-seo/playbook/,prospelle.com,Window Replacement SEO Playbook | Prospelle,,browserbase
seo for window replacement,313,SEO for Window Replacement,Commercial,SEO / AEO / GEO,SEO / AEO / GEO,Window Companies,Organic Search Page,High,2,https://emulent.com/blog/local-seo-and-google-maps-strategies-for-window-companies-rank-better-locally/,emulent.com,Local SEO and Google Maps Strategies For Window Companies: Rank Better Locally,,browserbase
seo for window replacement,313,SEO for Window Replacement,Commercial,SEO / AEO / GEO,SEO / AEO / GEO,Window Companies,Organic Search Page,High,3,https://profiletree.com/seo-for-window-and-door-companies/,profiletree.com,SEO for Window and Door Companies: Found by Homeowners,,browserbase
seo for window replacement,313,SEO for Window Replacement,Commercial,SEO / AEO / GEO,SEO / AEO / GEO,Window Companies,Organic Search Page,High,4,https://www.loopexdigital.com/industries/seo-for-window-door-companies,loopexdigital.com,SEO for Window and Door Companies: Strategy + Keywords for Leads,,browserbase
seo for window replacement,313,SEO for Window Replacement,Commercial,SEO / AEO / GEO,SEO / AEO / GEO,Window Companies,Organic Search Page,High,5,https://andrewryanmarketing.com/seo-for-window-and-door-companies/,andrewryanmarketing.com,SEO for Window and Door Companies | Rank → $7K Jobs,,browserbase
marketing for window cleaning,314,Marketing for Window Cleaning,Commercial,Industry,Full Stack,Window Companies,Industry Subservice Page,High,1,https://pipelineon.com/blog/window-cleaning-marketing/,pipelineon.com,Window Cleaning Marketing: Building a Route Business From Scratch | Pipeline On,,browserbase
marketing for window cleaning,314,Marketing for Window Cleaning,Commercial,Industry,Full Stack,Window Companies,Industry Subservice Page,High,2,https://clicksgeek.com/industries/window-cleaning/,clicksgeek.com,Window Cleaning Businesses Marketing | Clicks Geek,,browserbase
marketing for window cleaning,314,Marketing for Window Cleaning,Commercial,Industry,Full Stack,Window Companies,Industry Subservice Page,High,3,https://armandmorin.net/marketing-window-cleaning-business/,armandmorin.net,Marketing Window Cleaning Business: Proven Strategies to Attract More Clients – ArmandMorin.net,,browserbase
marketing for window cleaning,314,Marketing for Window Cleaning,Commercial,Industry,Full Stack,Window Companies,Industry Subservice Page,High,4,https://www.getjobber.com/academy/window-cleaning/window-cleaning-advertising/,getjobber.com,Window Cleaning Advertising: 7 Ways to Attract New Customers,,browserbase
marketing for window cleaning,314,Marketing for Window Cleaning,Commercial,Industry,Full Stack,Window Companies,Industry Subservice Page,High,5,https://www.fivedoormedia.com/blog/10-proven-digital-marketing-strategies-to-grow-your-window-cleaning-business,fivedoormedia.com,10 Proven Digital Marketing Strategies to Grow Your Window Cleaning Business — Five Door Media,,browserbase
lead generation for window cleaning,315,Lead Generation for Window Cleaning,Commercial,Industry,Full Stack,Window Companies,Industry Subservice Page,High,1,https://cleaningos.com/industries/window-cleaning/,cleaningos.com,Lead Generation for Window Cleaning Companies | CleaningOS,,browserbase
lead generation for window cleaning,315,Lead Generation for Window Cleaning,Commercial,Industry,Full Stack,Window Companies,Industry Subservice Page,High,2,https://www.thecorner.ai/service/lead-generation/window-cleaning,thecorner.ai,Window Cleaning Lead Generation Service | The Corner AI,,browserbase
lead generation for window cleaning,315,Lead Generation for Window Cleaning,Commercial,Industry,Full Stack,Window Companies,Industry Subservice Page,High,3,https://www.sona.com/blog/google-ads-for-window-cleaning-step-by-step,sona.com,Google Ads for Window Cleaning: A Comprehensive Setup Guide | Sona,,browserbase
lead generation for window cleaning,315,Lead Generation for Window Cleaning,Commercial,Industry,Full Stack,Window Companies,Industry Subservice Page,High,4,https://pivotalwindowcleaning.com/post/how-to-get-more-window-cleaning-leads-fast,pivotalwindowcleaning.com,How To Get More Window Cleaning Leads Fast,,browserbase
lead generation for window cleaning,315,Lead Generation for Window Cleaning,Commercial,Industry,Full Stack,Window Companies,Industry Subservice Page,High,5,https://pipelineon.com/blog/window-cleaning-marketing/,pipelineon.com,Window Cleaning Marketing: Building a Route Business From Scratch | Pipeline On,,browserbase
website design for window cleaning,316,Website Design for Window Cleaning,Commercial,Web Development,Web Development,Window Companies,Service x Subservice Page,Medium,1,https://apexdot.io/industries/window-cleaning,apexdot.io,Web Design for Window Cleaners | Window Cleaning Websites | Apex Studio,,browserbase
website design for window cleaning,316,Website Design for Window Cleaning,Commercial,Web Development,Web Development,Window Companies,Service x Subservice Page,Medium,2,https://windowwebdesigns.com/,windowwebdesigns.com,Web Design Services for Window Cleaning Businesses | Window Web Designs,,browserbase
website design for window cleaning,316,Website Design for Window Cleaning,Commercial,Web Development,Web Development,Window Companies,Service x Subservice Page,Medium,3,https://www.chasecustom.co.uk/websites-for-window-cleaning-companies/,chasecustom.co.uk,Websites for Window Cleaning Companies | Chase Custom,,browserbase
website design for window cleaning,316,Website Design for Window Cleaning,Commercial,Web Development,Web Development,Window Companies,Service x Subservice Page,Medium,4,https://clicksgeek.com/web-design-for-window-cleaning/,clicksgeek.com,Web Design for Window Cleaning Companies | Clicks Geek,,browserbase
website design for window cleaning,316,Website Design for Window Cleaning,Commercial,Web Development,Web Development,Window Companies,Service x Subservice Page,Medium,5,https://creativelocker.co.uk/window-cleaning-website-design/,creativelocker.co.uk,Window Cleaning Website Design | Creative Locker,,browserbase
google ads for window cleaning,317,Google Ads for Window Cleaning,Commercial,Google PPC,Google PPC,Window Companies,Paid Search Page,High,1,https://clicksgeek.com/google-ads-for-window-cleaning/,clicksgeek.com,Google Ads for Window Cleaning Companies | Clicks Geek,,browserbase
google ads for window cleaning,317,Google Ads for Window Cleaning,Commercial,Google PPC,Google PPC,Window Companies,Paid Search Page,High,2,https://www.sona.com/blog/google-ads-for-window-cleaning-step-by-step,sona.com,Google Ads for Window Cleaning: A Comprehensive Setup Guide | Sona,,browserbase
google ads for window cleaning,317,Google Ads for Window Cleaning,Commercial,Google PPC,Google PPC,Window Companies,Paid Search Page,High,3,https://www.vazooky.com.au/google-ads/window-cleaners/,vazooky.com.au,Google Ads For Window Cleaners: The Ultimate Guide,,browserbase
google ads for window cleaning,317,Google Ads for Window Cleaning,Commercial,Google PPC,Google PPC,Window Companies,Paid Search Page,High,4,https://pipelineon.com/blog/window-cleaning-marketing/,pipelineon.com,Window Cleaning Marketing: Building a Route Business From Scratch | Pipeline On,,browserbase
google ads for window cleaning,317,Google Ads for Window Cleaning,Commercial,Google PPC,Google PPC,Window Companies,Paid Search Page,High,5,https://theaitrades.ai/blog/how-to-grow-window-cleaning-business,theaitrades.ai,How to Grow a Window Cleaning Business (2026)  -  The AI Trades,,browserbase
seo for window cleaning,318,SEO for Window Cleaning,Commercial,SEO / AEO / GEO,SEO / AEO / GEO,Window Companies,Organic Search Page,High,1,https://ahrefs.com/seo/for/window-cleaning-companies,ahrefs.com,SEO for Window Cleaning Companies,,browserbase
seo for window cleaning,318,SEO for Window Cleaning,Commercial,SEO / AEO / GEO,SEO / AEO / GEO,Window Companies,Organic Search Page,High,2,https://optimizekro.com/local-seo-for-window-cleaning/,optimizekro.com,Local SEO for Window Cleaning services: Rank Window Cleaning Business Online - Optimize Kro,,browserbase
seo for window cleaning,318,SEO for Window Cleaning,Commercial,SEO / AEO / GEO,SEO / AEO / GEO,Window Companies,Organic Search Page,High,3,https://contentworks.ai/window-cleaner-seo-fixes/,contentworks.ai,5 SEO Fixes to Help Window Cleaners Rank Locally,,browserbase
seo for window cleaning,318,SEO for Window Cleaning,Commercial,SEO / AEO / GEO,SEO / AEO / GEO,Window Companies,Organic Search Page,High,4,https://www.curveseo.com/local-seo-window-cleaning-companies/,curveseo.com,Window Cleaning SEO: Fill More Route Jobs Without Chasing Leads | Curve SEO Blog,,browserbase
seo for window cleaning,318,SEO for Window Cleaning,Commercial,SEO / AEO / GEO,SEO / AEO / GEO,Window Companies,Organic Search Page,High,5,https://mrtask.com/blog/all-topics/seo-for-windowcleaners-11-practical-tips-to-get-more-local-clients,mrtask.com,Top 10 SEO Tips for Window Cleaning Companies - Mr Task,,browserbase
marketing for window tinting,319,Marketing for Window Tinting,Commercial,Industry,Full Stack,Window Companies,Industry Subservice Page,High,1,https://automotiveupscale.com/marketing-for-window-tinting-businesses-a-comprehensive-guide/,automotiveupscale.com,Marketing for Window Tinting Businesses: A Comprehensive Guide to Growing Year-Round,,browserbase
marketing for window tinting,319,Marketing for Window Tinting,Commercial,Industry,Full Stack,Window Companies,Industry Subservice Page,High,2,https://www.symphonyadvertising.com/window-tinting-marketing/,symphonyadvertising.com,How Window Tinting Businesses Get More Leads | Google Ads and SEO Guide,,browserbase
marketing for window tinting,319,Marketing for Window Tinting,Commercial,Industry,Full Stack,Window Companies,Industry Subservice Page,High,3,https://galaxygrowthmedia.com/industries/window-tinting-marketing/,galaxygrowthmedia.com,Window Tinting Marketing | Galaxy Growth Media,,browserbase
marketing for window tinting,319,Marketing for Window Tinting,Commercial,Industry,Full Stack,Window Companies,Industry Subservice Page,High,4,https://hardlabormarketing.com/industry/digital-marketing-for-car-window-tint-companies/,hardlabormarketing.com,Car Window Tint Shop Marketing | Hard Labor Marketing,,browserbase
marketing for window tinting,319,Marketing for Window Tinting,Commercial,Industry,Full Stack,Window Companies,Industry Subservice Page,High,5,https://www.windowtintschool.info/pages/services-and-programs/window-tint-marketing,windowtintschool.info,Expert Window Tint Marketing Strategies for Business Growth,,browserbase
lead generation for window tinting,320,Lead Generation for Window Tinting,Commercial,Industry,Full Stack,Window Companies,Industry Subservice Page,High,1,https://www.symphonyadvertising.com/window-tinting-marketing/,symphonyadvertising.com,How Window Tinting Businesses Get More Leads | Google Ads and SEO Guide,,browserbase
lead generation for window tinting,320,Lead Generation for Window Tinting,Commercial,Industry,Full Stack,Window Companies,Industry Subservice Page,High,2,https://www.sona.com/blog/google-ads-for-car-window-tinting-step-by-step,sona.com,Google Ads for Car Window Tinting: A Comprehensive Setup Guide | Sona,,browserbase
lead generation for window tinting,320,Lead Generation for Window Tinting,Commercial,Industry,Full Stack,Window Companies,Industry Subservice Page,High,3,https://www.flashcrafter.ai/auto-tinting-marketing-growth-engine/marketing,flashcrafter.ai,Auto Tinting Marketing Services | Get 10-30 More | FlashCrafter,,browserbase
lead generation for window tinting,320,Lead Generation for Window Tinting,Commercial,Industry,Full Stack,Window Companies,Industry Subservice Page,High,4,https://tinttitans.com/,tinttitans.com,Home | Tint Titans - Online Marketing for Glass Tinting,,browserbase
lead generation for window tinting,320,Lead Generation for Window Tinting,Commercial,Industry,Full Stack,Window Companies,Industry Subservice Page,High,5,https://getwindowtinting.com/ai-website,getwindowtinting.com,"Get Window Tinting Leads with an AI Driven, Targeted Website",,browserbase
website design for window tinting,321,Website Design for Window Tinting,Commercial,Web Development,Web Development,Window Companies,Service x Subservice Page,Medium,1,https://distillworks.com/industries/window-tinting,distillworks.com,Web Design & SEO for Window Tinting | Distill Works,,browserbase
website design for window tinting,321,Website Design for Window Tinting,Commercial,Web Development,Web Development,Window Companies,Service x Subservice Page,Medium,2,https://velocity-seo.com/window-tint/,velocity-seo.com,"Custom, High-Performance Websites for Window Tinting",,browserbase
website design for window tinting,321,Website Design for Window Tinting,Commercial,Web Development,Web Development,Window Companies,Service x Subservice Page,Medium,3,https://blakemdesigns.com/website-design-for-window-tinting-companies/,blakemdesigns.com,Website Design for Window Tinting Companies | Blake M Designs,,browserbase
website design for window tinting,321,Website Design for Window Tinting,Commercial,Web Development,Web Development,Window Companies,Service x Subservice Page,Medium,4,https://www.detailersroadmap.com/case-studies/fx-window-tinting,detailersroadmap.com,"FX Window Tinting Website Design | Detailers Roadmap | Oconomowoc, WI",,browserbase
website design for window tinting,321,Website Design for Window Tinting,Commercial,Web Development,Web Development,Window Companies,Service x Subservice Page,Medium,5,https://blesswebdesigns.com/window-tinting-website-design/,blesswebdesigns.com,Window Tinting Website Design in Dallas | Bless Web Designs,,browserbase
google ads for window tinting,322,Google Ads for Window Tinting,Commercial,Google PPC,Google PPC,Window Companies,Paid Search Page,High,1,https://www.sona.com/blog/google-ads-for-car-window-tinting-step-by-step,sona.com,Google Ads for Car Window Tinting: A Comprehensive Setup Guide | Sona,,browserbase
google ads for window tinting,322,Google Ads for Window Tinting,Commercial,Google PPC,Google PPC,Window Companies,Paid Search Page,High,2,https://anytimedigitalmarketing.com/2025/11/17/google-ads-strategies-for-window-tinting-companies/,anytimedigitalmarketing.com,Google Ads Strategies for Window Tinting Companies - Anytime Digital Marketing,,browserbase
google ads for window tinting,322,Google Ads for Window Tinting,Commercial,Google PPC,Google PPC,Window Companies,Paid Search Page,High,3,https://downeymarketing.com/car-tinting-google-ads/,downeymarketing.com,How To Run Google Ads For Car Tinting Businesses,,browserbase
google ads for window tinting,322,Google Ads for Window Tinting,Commercial,Google PPC,Google PPC,Window Companies,Paid Search Page,High,4,https://www.symphonyadvertising.com/window-tinting-marketing/,symphonyadvertising.com,How Window Tinting Businesses Get More Leads | Google Ads and SEO Guide,,browserbase
google ads for window tinting,322,Google Ads for Window Tinting,Commercial,Google PPC,Google PPC,Window Companies,Paid Search Page,High,5,https://www.masudmonsur.com/case-study-scaling-mh-tint-studios-business-with-full-funnel-google-ads-strategy/,masudmonsur.com,Case Study: Scaling MH Tint Studio's Business With Full-Funnel Google Ads Strategy | Md Masud Monsur,,browserbase
seo for window tinting,323,SEO for Window Tinting,Commercial,SEO / AEO / GEO,SEO / AEO / GEO,Window Companies,Organic Search Page,High,1,https://www.servgrow.com/home-services-seo/seo-for-window-tinters,servgrow.com,Window Tinter SEO: The Best Guide to Search Engine Optimization,,browserbase
seo for window tinting,323,SEO for Window Tinting,Commercial,SEO / AEO / GEO,SEO / AEO / GEO,Window Companies,Organic Search Page,High,2,https://tintwiz.com/window-tint-marketing/seo-for-window-tint-paint-protection-film-local-seo-strategies,tintwiz.com,SEO for Window Tint & Paint Protection Film: Local SEO Strategies - Tint Wiz,,browserbase
seo for window tinting,323,SEO for Window Tinting,Commercial,SEO / AEO / GEO,SEO / AEO / GEO,Window Companies,Organic Search Page,High,3,https://flashcrafter.ai/auto-tinting-marketing-growth-engine/seo-guide,flashcrafter.ai,Complete Auto Tinting SEO Guide: Rank #1 in Your City | FlashCrafter,,browserbase
seo for window tinting,323,SEO for Window Tinting,Commercial,SEO / AEO / GEO,SEO / AEO / GEO,Window Companies,Organic Search Page,High,4,https://www.symphonyadvertising.com/window-tinting-marketing/,symphonyadvertising.com,How Window Tinting Businesses Get More Leads | Google Ads and SEO Guide,,browserbase
seo for window tinting,323,SEO for Window Tinting,Commercial,SEO / AEO / GEO,SEO / AEO / GEO,Window Companies,Organic Search Page,High,5,https://tintersrankingservice.com.au/window-tinting-local-seo/,tintersrankingservice.com.au,Window Tinting Local SEO: Boost Rankings,,browserbase
marketing for window treatments,324,Marketing for Window Treatments,Commercial,Industry,Full Stack,Window Companies,Industry Subservice Page,High,1,https://www.ren.marketing/post/how-to-get-window-treatment-customers-the-digital-marketing-blueprint-used-for-7-industry-clients,ren.marketing,How to Get Window Treatment Customers: The Digital Marketing Blueprint Used for 7 Industry Clients,,browserbase
marketing for window treatments,324,Marketing for Window Treatments,Commercial,Industry,Full Stack,Window Companies,Industry Subservice Page,High,2,https://emulent.com/blog/creating-your-marketing-plan-for-your-blinds-and-curtain-company-the-playbook/,emulent.com,Creating Your Marketing Plan for Your Blinds and Curtain Company: The Playbook,,browserbase
marketing for window treatments,324,Marketing for Window Treatments,Commercial,Industry,Full Stack,Window Companies,Industry Subservice Page,High,3,https://wtmarketingpros.com/blog/5-local-marketing-strategies-window-treatment-dealers-should-double-down-on-in-2/,wtmarketingpros.com,5 Local Marketing Strategies Window Treatment Dealers Should Double Down On in 2026 | Window Treatment Marketing Pros,,browserbase
marketing for window treatments,324,Marketing for Window Treatments,Commercial,Industry,Full Stack,Window Companies,Industry Subservice Page,High,4,https://www.digitalsuccess.us/blog/how-to-market-your-window-treatment-business-online-proven-strategies-to-attract-high-value-clients-in-2025.html,digitalsuccess.us,How to Market Your Window Treatment Business Online: Proven Strategies to Attract High-Value Clients in 2025 - Digital Success Blog,,browserbase
marketing for window treatments,324,Marketing for Window Treatments,Commercial,Industry,Full Stack,Window Companies,Industry Subservice Page,High,5,https://homevu.com/window-treatment-digital-marketing/,homevu.com,Window Treatment Marketing Agency | Homevu™,,browserbase
lead generation for window treatments,325,Lead Generation for Window Treatments,Commercial,Industry,Full Stack,Window Companies,Industry Subservice Page,High,1,https://neodigital.ca/blog/window-treatment-lead-generation/,neodigital.ca,Window Treatment Lead Generation Strategies That Convert | Neo Digital | Neo Digital,,browserbase
lead generation for window treatments,325,Lead Generation for Window Treatments,Commercial,Industry,Full Stack,Window Companies,Industry Subservice Page,High,2,https://www.ren.marketing/post/how-to-get-window-treatment-customers-the-digital-marketing-blueprint-used-for-7-industry-clients,ren.marketing,How to Get Window Treatment Customers: The Digital Marketing Blueprint Used for 7 Industry Clients,,browserbase
lead generation for window treatments,325,Lead Generation for Window Treatments,Commercial,Industry,Full Stack,Window Companies,Industry Subservice Page,High,3,https://leadgulls.com/window-blinds-digital-marketing-agency,leadgulls.com,Window Blinds Digital Marketing Agency | LeadGulls,,browserbase
lead generation for window treatments,325,Lead Generation for Window Treatments,Commercial,Industry,Full Stack,Window Companies,Industry Subservice Page,High,4,https://blindleadgen.com/,blindleadgen.com,Blind Lead Gen,,browserbase
lead generation for window treatments,325,Lead Generation for Window Treatments,Commercial,Industry,Full Stack,Window Companies,Industry Subservice Page,High,5,https://www.exseedmarketing.com/window-covering-internet-marketing-service,exseedmarketing.com,Window Covering Web Services - ExSeed Marketing,,browserbase
website design for window treatments,326,Website Design for Window Treatments,Commercial,Web Development,Web Development,Window Companies,Service x Subservice Page,Medium,1,https://shand.co/work/curtain-blind-co,shand.co,Curtain & Blind Co | CS,,browserbase
website design for window treatments,326,Website Design for Window Treatments,Commercial,Web Development,Web Development,Window Companies,Service x Subservice Page,Medium,2,https://www.smartsites.com/work/retail/window-fashion-custom-website-design/,smartsites.com,Window Fashion Website Design | Web Design for Window Treatment Stores,,browserbase
website design for window treatments,326,Website Design for Window Treatments,Commercial,Web Development,Web Development,Window Companies,Service x Subservice Page,Medium,3,https://www.gwebpro.com/portfolio/the-view-window-fashions,gwebpro.com,Custom E-Commerce Solutions for View Window Fashions | G Web Pro,,browserbase
website design for window treatments,326,Website Design for Window Treatments,Commercial,Web Development,Web Development,Window Companies,Service x Subservice Page,Medium,4,https://weareorbit.co/result/buckeye-window-treatments/,weareorbit.co,Buckeye Window Treatments - Orbit One,,browserbase
website design for window treatments,326,Website Design for Window Treatments,Commercial,Web Development,Web Development,Window Companies,Service x Subservice Page,Medium,5,https://kijo.co.uk/web-design/specialist-blinds/,kijo.co.uk,Specialist Blinds | Website Case Study | KIJO,,browserbase
google ads for window treatments,327,Google Ads for Window Treatments,Commercial,Google PPC,Google PPC,Window Companies,Paid Search Page,High,1,https://shadestrategy.com/services/ai-google-ads-for-window-treatment-businesses,shadestrategy.com,Google Ads for Window Treatment Companies | PPC Management for Blind & Shutter Businesses,,browserbase
google ads for window treatments,327,Google Ads for Window Treatments,Commercial,Google PPC,Google PPC,Window Companies,Paid Search Page,High,2,https://serpwars.com/window-treatment-marketing/window-treatment-ppc/,serpwars.com,Window Treatment PPC Agency for Google Ads & Facebook Ads,,browserbase
google ads for window treatments,327,Google Ads for Window Treatments,Commercial,Google PPC,Google PPC,Window Companies,Paid Search Page,High,3,https://insync.media/learning/case-studies/window-coverings-business/,insync.media,From Unknown to Unstoppable: How a New Custom Window Covering Business Wins with Google Ads - InSync Media Marketing Agency,,browserbase
google ads for window treatments,327,Google Ads for Window Treatments,Commercial,Google PPC,Google PPC,Window Companies,Paid Search Page,High,4,https://www.ren.marketing/post/window-treatment-company-8x-return-on-ads,ren.marketing,How We Helped A Window Treatment Company Get 8X Return on Ads,,browserbase
google ads for window treatments,327,Google Ads for Window Treatments,Commercial,Google PPC,Google PPC,Window Companies,Paid Search Page,High,5,https://inspiredmarketing.design/marketing-case-study-for-window-treatments-shutters-and-blinds/,inspiredmarketing.design,Marketing Case Study - Window Treatments Shutters & Blinds,,browserbase
seo for window treatments,328,SEO for Window Treatments,Commercial,SEO / AEO / GEO,SEO / AEO / GEO,Window Companies,Organic Search Page,High,1,https://neodigital.ca/blog/seo-window-treatments-2/,neodigital.ca,Seo For Window Treatments: Boost Leads & Sales | Neo Digital | Neo Digital,,browserbase
seo for window treatments,328,SEO for Window Treatments,Commercial,SEO / AEO / GEO,SEO / AEO / GEO,Window Companies,Organic Search Page,High,2,https://wtmarketingpros.com/blog/window-treatment-near-me-local-search/,wtmarketingpros.com,How Window Treatment Dealers Can Dominate 'Near Me' Local Searches | Window Treatment Marketing Pros,,browserbase
seo for window treatments,328,SEO for Window Treatments,Commercial,SEO / AEO / GEO,SEO / AEO / GEO,Window Companies,Organic Search Page,High,3,https://wtmarketingpros.com/blog/on-page-seo-checklist-for-content/,wtmarketingpros.com,On-Page SEO Checklist for Window Treatment Companies,,browserbase
seo for window treatments,328,SEO for Window Treatments,Commercial,SEO / AEO / GEO,SEO / AEO / GEO,Window Companies,Organic Search Page,High,4,https://www.exseedmarketing.com/online-marketing-blog/uncategorized/15-seo-tips-for-window-covering-retailers,exseedmarketing.com,15 SEO Tips For Window Covering Retailers - Google Advertising For Window Covering Retailers,,browserbase
seo for window treatments,328,SEO for Window Treatments,Commercial,SEO / AEO / GEO,SEO / AEO / GEO,Window Companies,Organic Search Page,High,5,https://wtmarketingpros.com/blog/how-to-build-seo-plan-for-growth/,wtmarketingpros.com,How to Build Your SEO Plan for Consistent Growth and Leads,,browserbase
marketing for home automation,329,Marketing for Home Automation,Commercial,Industry,Full Stack,Smart Home Installers,Industry Subservice Page,High,1,https://www.lanternroommarketing.com/post/smart-home-marketing-for-integrators,lanternroommarketing.com,Smart Home Marketing for Integrators Who Want Real Visibility,,browserbase
marketing for home automation,329,Marketing for Home Automation,Commercial,Industry,Full Stack,Smart Home Installers,Industry Subservice Page,High,2,https://www.bullseyemarketingconsultants.com/marketing/smart-marketing-strategies-for-home-automation-brand-success/,bullseyemarketingconsultants.com,Best Home Automation Marketing Tips to Attract More Leads,,browserbase
marketing for home automation,329,Marketing for Home Automation,Commercial,Industry,Full Stack,Smart Home Installers,Industry Subservice Page,High,3,https://www.residentialsystems.com/features/secrets-of-success/turn-marketing-into-a-magnet-not-a-megaphone,residentialsystems.com,"Turn Marketing Into a Magnet, Not a Megaphone - Residential Systems",,browserbase
marketing for home automation,329,Marketing for Home Automation,Commercial,Industry,Full Stack,Smart Home Installers,Industry Subservice Page,High,4,https://growthforlocal.com/blog/smart-home-local-lead-generation-problems/,growthforlocal.com,Smart Home Company Marketing Struggle Explained with Fixes,,browserbase
marketing for home automation,329,Marketing for Home Automation,Commercial,Industry,Full Stack,Smart Home Installers,Industry Subservice Page,High,5,https://fsagency.co/marketing/home-automation-seo-integrators-2026-google-maps-ai/,fsagency.co,Home Automation SEO: Win Google Maps and AI Search in 2026,,browserbase
lead generation for home automation,330,Lead Generation for Home Automation,Commercial,Industry,Full Stack,Smart Home Installers,Industry Subservice Page,High,1,https://www.zapo.com/ads/home-automation,zapo.com,Leads for Home Automation & Smart Home Installers | Zapo Ads,,browserbase
lead generation for home automation,330,Lead Generation for Home Automation,Commercial,Industry,Full Stack,Smart Home Installers,Industry Subservice Page,High,2,https://freedomflowmarketing.com/en/industries/smart-home,freedomflowmarketing.com,Smart Home Leads | Freedom Flow Marketing | Freedom Flow Marketing,,browserbase
lead generation for home automation,330,Lead Generation for Home Automation,Commercial,Industry,Full Stack,Smart Home Installers,Industry Subservice Page,High,3,https://www.sona.com/blog/google-ads-for-home-automation-a-comprehensive-guide,sona.com,Google Ads for Home Automation: A Comprehensive Setup Guide | Sona,,browserbase
lead generation for home automation,330,Lead Generation for Home Automation,Commercial,Industry,Full Stack,Smart Home Installers,Industry Subservice Page,High,4,https://clicksgeek.com/google-ads-for-smart-home-installers/,clicksgeek.com,Google Ads for Smart Home Installers | Clicks Geek,,browserbase
lead generation for home automation,330,Lead Generation for Home Automation,Commercial,Industry,Full Stack,Smart Home Installers,Industry Subservice Page,High,5,https://authorityspecialist.com/industry/technology/smart-home-business,authorityspecialist.com,Smart Home Business SEO: High-Value Lead Generation Strategy,,browserbase
website design for home automation,331,Website Design for Home Automation,Commercial,Web Development,Web Development,Smart Home Installers,Service x Subservice Page,Medium,1,https://www.papertiger.com/projects/crestron-home,papertiger.com,Crestron Home – Website Design for Smart Home Experience Platform,,browserbase
website design for home automation,331,Website Design for Home Automation,Commercial,Web Development,Web Development,Smart Home Installers,Service x Subservice Page,Medium,2,https://webdesign-miami.com/portfolio/automation-pro-home-automation-website-design-miami/,webdesign-miami.com,Home Automation Website Design Miami | Automation Pro Case Study,,browserbase
website design for home automation,331,Website Design for Home Automation,Commercial,Web Development,Web Development,Smart Home Installers,Service x Subservice Page,Medium,3,https://lasso-up.com/case-studies/website-design-smart-home-automation-company/,lasso-up.com,Website Design: Smart Home Automation Company - Lasso Up,,browserbase
website design for home automation,331,Website Design for Home Automation,Commercial,Web Development,Web Development,Smart Home Installers,Service x Subservice Page,Medium,4,https://me.muz.li/taqwah/ai-smart-home-automation-website-landing-page-ui-design-2,me.muz.li,AI Smart Home Automation Website Landing Page Design by Taqwah on Muzli,,browserbase
website design for home automation,331,Website Design for Home Automation,Commercial,Web Development,Web Development,Smart Home Installers,Service x Subservice Page,Medium,5,https://honterstudio.com/work/airly,honterstudio.com,Airly - Honter Studio,,browserbase
google ads for home automation,332,Google Ads for Home Automation,Commercial,Google PPC,Google PPC,Smart Home Installers,Paid Search Page,High,1,https://www.sona.com/blog/google-ads-for-home-automation-a-comprehensive-guide,sona.com,Google Ads for Home Automation: A Comprehensive Setup Guide | Sona,,browserbase
google ads for home automation,332,Google Ads for Home Automation,Commercial,Google PPC,Google PPC,Smart Home Installers,Paid Search Page,High,2,https://www.extrastrength.com.au/article/google-ads-for-home-automation-services-promoting-smart-home-solutions,extrastrength.com.au,Google Ads for Home Automation Services: Promoting Smart Home Solutions,,browserbase
google ads for home automation,332,Google Ads for Home Automation,Commercial,Google PPC,Google PPC,Smart Home Installers,Paid Search Page,High,3,https://clicksgeek.com/google-ads-for-smart-home-installers/,clicksgeek.com,Google Ads for Smart Home Installers | Clicks Geek,,browserbase
google ads for home automation,332,Google Ads for Home Automation,Commercial,Google PPC,Google PPC,Smart Home Installers,Paid Search Page,High,4,https://www.bullseyemarketingconsultants.com/ppc/maximize-roi-with-ppc-strategies-for-home-automation-businesses/,bullseyemarketingconsultants.com,Maximize ROI with PPC Strategies for Home Automation,,browserbase
google ads for home automation,332,Google Ads for Home Automation,Commercial,Google PPC,Google PPC,Smart Home Installers,Paid Search Page,High,5,https://www.max-conversion.com/industries/google-ads-agency-home-automation-services,max-conversion.com,Google Ads Agency for Home Automation - Max Conversion,,browserbase
seo for home automation,333,SEO for Home Automation,Commercial,SEO / AEO / GEO,SEO / AEO / GEO,Smart Home Installers,Organic Search Page,High,1,https://www.ranktracker.com/blog/home-automation-seo/,ranktracker.com,Home Automation SEO: Be the #1 Integrator in Town,,browserbase
seo for home automation,333,SEO for Home Automation,Commercial,SEO / AEO / GEO,SEO / AEO / GEO,Smart Home Installers,Organic Search Page,High,2,https://www.semthrive.com/seo-for-home-automation-companies/,semthrive.com,The Ultimate Guide to SEO for Home Automation Companies 2026.,,browserbase
seo for home automation,333,SEO for Home Automation,Commercial,SEO / AEO / GEO,SEO / AEO / GEO,Smart Home Installers,Organic Search Page,High,3,https://fsagency.co/marketing/home-automation-seo-integrators-2026-google-maps-ai/,fsagency.co,Home Automation SEO: Win Google Maps and AI Search in 2026,,browserbase
seo for home automation,333,SEO for Home Automation,Commercial,SEO / AEO / GEO,SEO / AEO / GEO,Smart Home Installers,Organic Search Page,High,4,https://authorityspecialist.com/industry/technology/smart-home-business,authorityspecialist.com,Smart Home Business SEO: High-Value Lead Generation Strategy,,browserbase
seo for home automation,333,SEO for Home Automation,Commercial,SEO / AEO / GEO,SEO / AEO / GEO,Smart Home Installers,Organic Search Page,High,5,https://growthforlocal.com/blog/smart-home-local-seo-checklist/,growthforlocal.com,Smart Home Local SEO Checklist for Better Local Visibility,,browserbase
marketing for security systems,334,Marketing for Security Systems,Commercial,Industry,Full Stack,Smart Home Installers,Industry Subservice Page,High,1,https://www.webfx.com/blog/home-services/home-security-company-marketing-guide/,webfx.com,How to Market Your Home Security Company Online and Earn More Jobs in 2026,,browserbase
marketing for security systems,334,Marketing for Security Systems,Commercial,Industry,Full Stack,Smart Home Installers,Industry Subservice Page,High,2,https://themarketingjuice.com/digital-marketing-for-security-companies/,themarketingjuice.com,Digital Marketing for Security Companies | The Marketing,,browserbase
marketing for security systems,334,Marketing for Security Systems,Commercial,Industry,Full Stack,Smart Home Installers,Industry Subservice Page,High,3,https://www.securitysales.com/insights/the-2025-marketing-playbook-for-security-integrators/614898/,securitysales.com,The 2025 Marketing Playbook for Security Integrators - Security Sales & Integration,,browserbase
marketing for security systems,334,Marketing for Security Systems,Commercial,Industry,Full Stack,Smart Home Installers,Industry Subservice Page,High,4,https://netpeak.us/blog/how-to-market-a-security-company-in-2026/,netpeak.us,How to Market a Security Company in 2026?,,browserbase
marketing for security systems,334,Marketing for Security Systems,Commercial,Industry,Full Stack,Smart Home Installers,Industry Subservice Page,High,5,https://www.rekmarketing.com/resources/security-company-marketing/,rekmarketing.com,Security Company Marketing Guide | Beat National Brands Locally,,browserbase
lead generation for security systems,335,Lead Generation for Security Systems,Commercial,Industry,Full Stack,Smart Home Installers,Industry Subservice Page,High,1,https://growmysecuritycompany.com/services/leads-generation-services/,growmysecuritycompany.com,Lead Generation Services for Security Companies,,browserbase
lead generation for security systems,335,Lead Generation for Security Systems,Commercial,Industry,Full Stack,Smart Home Installers,Industry Subservice Page,High,2,https://modernize.com/contractor-resources/articles/home-security-leads-for-sale,modernize.com,Home Security Leads: How Contractors Attract and Convert High-Intent Homeowners | Modernize,,browserbase
lead generation for security systems,335,Lead Generation for Security Systems,Commercial,Industry,Full Stack,Smart Home Installers,Industry Subservice Page,High,3,https://dolead.com/solutions/home-security-lead-generation,dolead.com,Home Security Lead Generation for Alarm and Monitoring Services | Dolead,,browserbase
lead generation for security systems,335,Lead Generation for Security Systems,Commercial,Industry,Full Stack,Smart Home Installers,Industry Subservice Page,High,4,https://thefreshgrowth.com/security-system-marketing/,thefreshgrowth.com,Marketing for Security Installers | Professional System Leads | Fresh Growth,,browserbase
lead generation for security systems,335,Lead Generation for Security Systems,Commercial,Industry,Full Stack,Smart Home Installers,Industry Subservice Page,High,5,https://www.boomsourcing.com/blog/home-security-lead-generation-strategies-2026/,boomsourcing.com,How to Generate High-Quality Home Security Leads in 2026,,browserbase
website design for security systems,336,Website Design for Security Systems,Commercial,Web Development,Web Development,Smart Home Installers,Service x Subservice Page,Medium,1,https://rdcdesigngroup.com/portfolio/omega-security-systems-website-design-website-development/,rdcdesigngroup.com,Security Systems Website Design | Omega Security WordPress,,browserbase
website design for security systems,336,Website Design for Security Systems,Commercial,Web Development,Web Development,Smart Home Installers,Service x Subservice Page,Medium,2,https://onebasemedia.co.uk/web-design-for-security-system-installers/,onebasemedia.co.uk,Web Design for Security System Installers | Pay Monthly Websites,,browserbase
website design for security systems,336,Website Design for Security Systems,Commercial,Web Development,Web Development,Smart Home Installers,Service x Subservice Page,Medium,3,https://www.vitalconcept.co.uk/portfolios/itec-security/,vitalconcept.co.uk,ITEC Security | Web Design for Security Services,,browserbase
website design for security systems,336,Website Design for Security Systems,Commercial,Web Development,Web Development,Smart Home Installers,Service x Subservice Page,Medium,4,https://growmysecuritycompany.com/services/web-development/,growmysecuritycompany.com,Web Development for Security Company Websites,,browserbase
website design for security systems,336,Website Design for Security Systems,Commercial,Web Development,Web Development,Smart Home Installers,Service x Subservice Page,Medium,5,https://gotechark.com/work/security-technology-group/,gotechark.com,Security Technology Group – Security Platform Redesign.,,browserbase
google ads for security systems,337,Google Ads for Security Systems,Commercial,Google PPC,Google PPC,Smart Home Installers,Paid Search Page,High,1,https://www.sona.com/blog/google-ads-for-smart-home-security-a-comprehensive-setup-guide,sona.com,Google Ads for Smart Home Security: A Comprehensive Setup Guide | Sona,,browserbase
google ads for security systems,337,Google Ads for Security Systems,Commercial,Google PPC,Google PPC,Smart Home Installers,Paid Search Page,High,2,https://www.slamdot.com/blog/how-alarm-service-companies-can-win-big-with-google-ads/,slamdot.com,How Alarm Service Companies Can Win Big With Google Ads - Slamdot,,browserbase
google ads for security systems,337,Google Ads for Security Systems,Commercial,Google PPC,Google PPC,Smart Home Installers,Paid Search Page,High,3,https://yoyofumedia.com/google-ads-for-home-security-companies/,yoyofumedia.com,"Google Ads for Home Security Companies: Guided Steps for Smart Home Security Market Expansion, Lead Generation, And Customer Retention - YoYoFuMedia",,browserbase
google ads for security systems,337,Google Ads for Security Systems,Commercial,Google PPC,Google PPC,Smart Home Installers,Paid Search Page,High,4,https://www.mbadv.agency/industry-ppc-services/home-security-ppc,mbadv.agency,Home Security PPC Management | Google Ads | MB Adv,,browserbase
google ads for security systems,337,Google Ads for Security Systems,Commercial,Google PPC,Google PPC,Smart Home Installers,Paid Search Page,High,5,https://falcondigitalmarketing.com/google-ads-management-services/home-security-systems/,falcondigitalmarketing.com,Home Security Systems Google Ads Management Agency,,browserbase
seo for security systems,338,SEO for Security Systems,Commercial,SEO / AEO / GEO,SEO / AEO / GEO,Smart Home Installers,Organic Search Page,High,1,https://enests.co/blog/seo-for-security-companies,enests.co,SEO for Security Companies | Enests,,browserbase
seo for security systems,338,SEO for Security Systems,Commercial,SEO / AEO / GEO,SEO / AEO / GEO,Smart Home Installers,Organic Search Page,High,2,https://rcdigital.us/rank-number-1-security-system-installer/,rcdigital.us,How to Rank #1 for Your Security System Installer Business,,browserbase
seo for security systems,338,SEO for Security Systems,Commercial,SEO / AEO / GEO,SEO / AEO / GEO,Smart Home Installers,Organic Search Page,High,3,https://www.bullseyemarketingconsultants.com/seo/home-security-seo-guide-how-security-companies-can-rank-higher-and-get-more-clients/,bullseyemarketingconsultants.com,Home Security SEO Guide for More Leads | Bullseye,,browserbase
seo for security systems,338,SEO for Security Systems,Commercial,SEO / AEO / GEO,SEO / AEO / GEO,Smart Home Installers,Organic Search Page,High,4,https://www.webfx.com/blog/home-services/home-security-company-marketing-guide/,webfx.com,How to Market Your Home Security Company Online and Earn More Jobs in 2026,,browserbase
seo for security systems,338,SEO for Security Systems,Commercial,SEO / AEO / GEO,SEO / AEO / GEO,Smart Home Installers,Organic Search Page,High,5,https://securemarksolutions.com/2025-security-integrator-installer-seo-ai-ranking-strategies/,securemarksolutions.com,2025 Security Integrator & Installer SEO & AI Ranking Strategies - SecureMark Solutions,,browserbase
marketing for AV installation,339,Marketing for Av Installation,Commercial,Industry,Full Stack,Smart Home Installers,Industry Subservice Page,High,1,https://xchange.avixa.org/posts/market-the-integration-experience-turning-technical-execution-into-a-competitive-advantage?channel_id=business-of-av,xchange.avixa.org,Market the Integration Experience: Turning Technical Execution into a Competitive Advantage | AVIXA Xchange,,browserbase
marketing for AV installation,339,Marketing for Av Installation,Commercial,Industry,Full Stack,Smart Home Installers,Industry Subservice Page,High,2,https://www.commercialintegrator.com/insights/integrators-market-like-you-mean-it/142465/,commercialintegrator.com,Integrators: Market Like You Mean It,,browserbase
marketing for AV installation,339,Marketing for Av Installation,Commercial,Industry,Full Stack,Smart Home Installers,Industry Subservice Page,High,3,https://www.residentialsystems.com/features/secrets-of-success/turn-marketing-into-a-magnet-not-a-megaphone,residentialsystems.com,"Turn Marketing Into a Magnet, Not a Megaphone - Residential Systems",,browserbase
marketing for AV installation,339,Marketing for Av Installation,Commercial,Industry,Full Stack,Smart Home Installers,Industry Subservice Page,High,4,https://marketingforav.com/,marketingforav.com,Specialized Marketing for AV Companies - Marketing for AV Companies,,browserbase
marketing for AV installation,339,Marketing for Av Installation,Commercial,Industry,Full Stack,Smart Home Installers,Industry Subservice Page,High,5,https://www.slamdot.com/blog/how-to-turn-your-av-project-portfolio-into-a-lead-generating-machine/,slamdot.com,How to Turn Your AV Project Portfolio Into a Lead-Generating Machine - Slamdot,,browserbase
lead generation for AV installation,340,Lead Generation for Av Installation,Commercial,Industry,Full Stack,Smart Home Installers,Industry Subservice Page,High,1,https://romanmedia.com/industries-served/audio-visual-installation-companies/,romanmedia.com,Digital Marketing for Audio Visual Integrators,,browserbase
lead generation for AV installation,340,Lead Generation for Av Installation,Commercial,Industry,Full Stack,Smart Home Installers,Industry Subservice Page,High,2,https://exayard.com/ai-agent-for-low-voltage-av,exayard.com,AI Agent for Low Voltage & AV Contractors | Exayard | Exayard,,browserbase
lead generation for AV installation,340,Lead Generation for Av Installation,Commercial,Industry,Full Stack,Smart Home Installers,Industry Subservice Page,High,3,https://monolit.sh/blog/how-independent-smart-home-and-audio-video-installers-build-premium-residential-project-books-without-best-buy-geek-squad-and-angi-lead-competition-2026,monolit.sh,How Independent Smart Home and Audio-Video Installers Build Premium Residential Project Books Without Best Buy Geek Squad and Angi Lead Competition in 2026 — Monolit Blog,,browserbase
lead generation for AV installation,340,Lead Generation for Av Installation,Commercial,Industry,Full Stack,Smart Home Installers,Industry Subservice Page,High,4,https://www.lanternroommarketing.com/post/smart-home-marketing-leads-case-study,lanternroommarketing.com,Case Study: Smart Home Dealer Generates 26 Inbound Leads in January,,browserbase
lead generation for AV installation,340,Lead Generation for Av Installation,Commercial,Industry,Full Stack,Smart Home Installers,Industry Subservice Page,High,5,https://getaudiovideoinstallation.com/ai-website,getaudiovideoinstallation.com,"Get Audio Video Installation Leads with an AI Driven, Targeted Website",,browserbase
website design for AV installation,341,Website Design for Av Installation,Commercial,Web Development,Web Development,Smart Home Installers,Service x Subservice Page,Medium,1,https://www.prestoav.com/,prestoav.com,Website Designer for Hi-Fi & Smart Home Companies | Presto,,browserbase
website design for AV installation,341,Website Design for Av Installation,Commercial,Web Development,Web Development,Smart Home Installers,Service x Subservice Page,Medium,2,https://russdigital.co.uk/work/gravesend-sound-lighting/,russdigital.co.uk,Gravesend Sound & Lighting | Website Design,,browserbase
website design for AV installation,341,Website Design for Av Installation,Commercial,Web Development,Web Development,Smart Home Installers,Service x Subservice Page,Medium,3,https://abstractadesignstudio.com/case-study-entilius-audio-visual-design-consultation/,abstractadesignstudio.com,Case Study - Entilius Audio Visual Design Consultation - AbstractA Design Studio,,browserbase
website design for AV installation,341,Website Design for Av Installation,Commercial,Web Development,Web Development,Smart Home Installers,Service x Subservice Page,Medium,4,https://theorypixel.com/project/av-by-design/,theorypixel.com,AV By Design - Interactive Theory,,browserbase
website design for AV installation,341,Website Design for Av Installation,Commercial,Web Development,Web Development,Smart Home Installers,Service x Subservice Page,Medium,5,https://www.fourninedesign.com/website-design-portfolio-76-savi-usa.php,fourninedesign.com,Specialized Audio-Visual Inc.,,browserbase
google ads for AV installation,342,Google Ads for Av Installation,Commercial,Google PPC,Google PPC,Smart Home Installers,Paid Search Page,High,1,https://yoyofumedia.com/google-ads-for-home-theater-companies/,yoyofumedia.com,Google Ads for Home Theater Companies: Strategy Guide for Big and Small Home Theater Businesses To Increase Leads and Convert More Customers - YoYoFuMedia,,browserbase
google ads for AV installation,342,Google Ads for Av Installation,Commercial,Google PPC,Google PPC,Smart Home Installers,Paid Search Page,High,2,https://www.extrastrength.com.au/article/google-ads-for-home-theatre-installers-reaching-tech-enthusiasts,extrastrength.com.au,Google Ads for Home Theatre Installers: Reaching Tech Enthusiasts,,browserbase
google ads for AV installation,342,Google Ads for Av Installation,Commercial,Google PPC,Google PPC,Smart Home Installers,Paid Search Page,High,3,https://pixelvault.io/google-ads-vs-google-local-services-ads-which-is-better-for-custom-integrators/,pixelvault.io,Google Ads vs. Google Local Services Ads: Which Is Better for Custom Integrators? - Pixel Vault,,browserbase
google ads for AV installation,342,Google Ads for Av Installation,Commercial,Google PPC,Google PPC,Smart Home Installers,Paid Search Page,High,4,https://romanmedia.com/industries-served/audio-visual-installation-companies/,romanmedia.com,Digital Marketing for Audio Visual Integrators,,browserbase
google ads for AV installation,342,Google Ads for Av Installation,Commercial,Google PPC,Google PPC,Smart Home Installers,Paid Search Page,High,5,https://www.kazakov.agency/how-to-get-tv-mounting-jobs/,kazakov.agency,How to Get TV Mounting Jobs: Google Ads vs Thumbtack,,browserbase
seo for AV installation,343,SEO for Av Installation,Commercial,SEO / AEO / GEO,SEO / AEO / GEO,Smart Home Installers,Organic Search Page,High,1,https://www.aamax.co/blog/seo-for-av-integrators,aamax.co,SEO for AV Integrators | AAMAX,,browserbase
seo for AV installation,343,SEO for Av Installation,Commercial,SEO / AEO / GEO,SEO / AEO / GEO,Smart Home Installers,Organic Search Page,High,2,https://clicksgeek.com/seo-for-home-theater-installers/,clicksgeek.com,SEO for Home Theater Installers | Clicks Geek,,browserbase
seo for AV installation,343,SEO for Av Installation,Commercial,SEO / AEO / GEO,SEO / AEO / GEO,Smart Home Installers,Organic Search Page,High,3,https://monolit.sh/blog/how-independent-smart-home-and-audio-video-installers-build-premium-residential-project-books-without-best-buy-geek-squad-and-angi-lead-competition-2026,monolit.sh,How Independent Smart Home and Audio-Video Installers Build Premium Residential Project Books Without Best Buy Geek Squad and Angi Lead Competition in 2026 — Monolit Blog,,browserbase
seo for AV installation,343,SEO for Av Installation,Commercial,SEO / AEO / GEO,SEO / AEO / GEO,Smart Home Installers,Organic Search Page,High,4,https://onefirefly.com/marketing-services/web/seo,onefirefly.com,SEO Services for AV Integrators | Drive Visibility and Growth,,browserbase
seo for AV installation,343,SEO for Av Installation,Commercial,SEO / AEO / GEO,SEO / AEO / GEO,Smart Home Installers,Organic Search Page,High,5,https://completeseo.com/seo-case-study-home-theater-installer/,completeseo.com,"SEO Case Study - Home Theater Installation, A/V Company",,browserbase
marketing for networking,344,Marketing for Networking,Commercial,Industry,Full Stack,Smart Home Installers,Industry Subservice Page,High,1,https://nobullshitmarketing.com/blog/why-networking-belongs-in-your-marketing-plan,nobullshitmarketing.com,Why Networking Belongs in Your Marketing Plan — No Bullshit Marketing,,browserbase
marketing for networking,344,Marketing for Networking,Commercial,Industry,Full Stack,Smart Home Installers,Industry Subservice Page,High,2,https://www.semrush.com/blog/how-to-grow-your-marketing-network/,semrush.com,How to Grow Your Marketing Network (Without Feeling Salesy),,browserbase
marketing for networking,344,Marketing for Networking,Commercial,Industry,Full Stack,Smart Home Installers,Industry Subservice Page,High,3,https://www.commsor.com/guide/go-to-network-for-marketers,commsor.com,Commsor,,browserbase
marketing for networking,344,Marketing for Networking,Commercial,Industry,Full Stack,Smart Home Installers,Industry Subservice Page,High,4,https://expandi.io/blog/how-to-network-on-linkedin/,expandi.io,How to Network on LinkedIn: 10 Proven Strategies (2026) - Expandi,,browserbase
marketing for networking,344,Marketing for Networking,Commercial,Industry,Full Stack,Smart Home Installers,Industry Subservice Page,High,5,https://www.inc.com/ethan-fixell/networking-isnt-dead-the-old-version-just-doesnt-work-in-the-age-of-ai/91344006,inc.com,Network More Effectively Without Feeling Transactional,,browserbase
lead generation for networking,345,Lead Generation for Networking,Commercial,Industry,Full Stack,Smart Home Installers,Industry Subservice Page,High,1,https://www.reachly.co/blogs/how-to-generate-b-2-b-leads-on-linkedin,reachly.co,How to Generate B2B Leads on LinkedIn: The 2026 Playbook,,browserbase
lead generation for networking,345,Lead Generation for Networking,Commercial,Industry,Full Stack,Smart Home Installers,Industry Subservice Page,High,2,https://lessie.ai/blog/b2b-networking-strategies,lessie.ai,B2B Networking in 2026: 7 Strategies That Actually Work,,browserbase
lead generation for networking,345,Lead Generation for Networking,Commercial,Industry,Full Stack,Smart Home Installers,Industry Subservice Page,High,3,https://www.cleverly.co/blog/how-to-use-linkedin-groups-for-lead-generation,cleverly.co,How to Use LinkedIn Groups for Lead Generation in 2026 (Complete Guide),,browserbase
lead generation for networking,345,Lead Generation for Networking,Commercial,Industry,Full Stack,Smart Home Installers,Industry Subservice Page,High,4,https://goadstra.co/2026/04/23/lead-generation-via-linkedin/,goadstra.co,Lead Generation via LinkedIn: Ultimate Guide 2026 - Pack Your Sales Team’s Calendar Monthly | Adstra,,browserbase
lead generation for networking,345,Lead Generation for Networking,Commercial,Industry,Full Stack,Smart Home Installers,Industry Subservice Page,High,5,https://co.actor/blog/linkedin-networking-playbook,co.actor,The LinkedIn Networking Playbook: Build Relationships That Convert | Co.Actor,,browserbase
website design for networking,346,Website Design for Networking,Commercial,Web Development,Web Development,Smart Home Installers,Service x Subservice Page,Medium,1,https://www.brandesigns.com/project/networking-group-website-design/,brandesigns.com,Networking Group Website Design Community‑Driven Web Build by Brandesigns,,browserbase
website design for networking,346,Website Design for Networking,Commercial,Web Development,Web Development,Smart Home Installers,Service x Subservice Page,Medium,2,https://interact-digital.co.uk/portfolio-items/better-networking-hubs/,interact-digital.co.uk,Better Networking Hubs Website Design,,browserbase
website design for networking,346,Website Design for Networking,Commercial,Web Development,Web Development,Smart Home Installers,Service x Subservice Page,Medium,3,https://nickhawkes.co.uk/portfolio-item/oxford-network-website,nickhawkes.co.uk,Oxford Network | Website Design & Branding by Nick Hawkes,,browserbase
website design for networking,346,Website Design for Networking,Commercial,Web Development,Web Development,Smart Home Installers,Service x Subservice Page,Medium,4,https://roundboxcreative.com/portfolio/bni-chapter-website-design-orlando-networking-group/,roundboxcreative.com,BNI Chapter Website Design | Orlando Networking Group,,browserbase
website design for networking,346,Website Design for Networking,Commercial,Web Development,Web Development,Smart Home Installers,Service x Subservice Page,Medium,5,https://hillarynorfleet.com/project/professional-networking-website/,hillarynorfleet.com,Professional Networking Website,,browserbase
google ads for networking,347,Google Ads for Networking,Commercial,Google PPC,Google PPC,Smart Home Installers,Paid Search Page,High,1,https://searchengineland.com/combine-google-ads-linkedin-ads-b2b-campaigns-450869,searchengineland.com,How to combine Google Ads and LinkedIn Ads for comprehensive B2B campaigns,,browserbase
google ads for networking,347,Google Ads for Networking,Commercial,Google PPC,Google PPC,Smart Home Installers,Paid Search Page,High,2,https://business.google.com/en-all/google-ads/,business.google.com,Reach Customers & Sell More with Online Advertising - Google Ads,,browserbase
google ads for networking,347,Google Ads for Networking,Commercial,Google PPC,Google PPC,Smart Home Installers,Paid Search Page,High,3,https://www.wordstream.com/blog/google-ads-vs-linkedin-ads,wordstream.com,Google Ads vs. LinkedIn Ads: Which Platform Is Best For Lead Generation? | WordStream,,browserbase
google ads for networking,347,Google Ads for Networking,Commercial,Google PPC,Google PPC,Smart Home Installers,Paid Search Page,High,4,https://trekk.com/insights/google-ads-vs.-linkedin-ads-which-is-right-for-my-b2b-ad-strategy,trekk.com,Google Ads vs. LinkedIn Ads: Which is Right for My B2B Ad Strategy?,,browserbase
google ads for networking,347,Google Ads for Networking,Commercial,Google PPC,Google PPC,Smart Home Installers,Paid Search Page,High,5,https://support.google.com/google-ads/answer/2497941?hl=en-GB,support.google.com,About audience segments - Google Ads Help,,browserbase
seo for networking,348,SEO for Networking,Commercial,SEO / AEO / GEO,SEO / AEO / GEO,Smart Home Installers,Organic Search Page,High,1,https://blogs.backlinkworks.com/using-seo-to-enhance-your-linkedin-networking-a-step-by-step-approach/,blogs.backlinkworks.com,Using SEO to Enhance Your LinkedIn Networking: A Step-by-Step Approach - Topics on SEO & Backlinks,,browserbase
seo for networking,348,SEO for Networking,Commercial,SEO / AEO / GEO,SEO / AEO / GEO,Smart Home Installers,Organic Search Page,High,2,https://www.thebusinesswomansnetwork.co.uk/how-to-use-seo-to-grow-your-business-network/,thebusinesswomansnetwork.co.uk,How to Use SEO to Grow Your Business Network – BWN,,browserbase
seo for networking,348,SEO for Networking,Commercial,SEO / AEO / GEO,SEO / AEO / GEO,Smart Home Installers,Organic Search Page,High,3,https://startupespresso.live/creative-seo-tips-for-networking/,startupespresso.live,10 Creative SEO Tips for Networking That Actually Drive Results,,browserbase
seo for networking,348,SEO for Networking,Commercial,SEO / AEO / GEO,SEO / AEO / GEO,Smart Home Installers,Organic Search Page,High,4,https://www.linkedin.com/advice/3/how-can-you-use-search-engine-optimization-build-252ie,linkedin.com,How can you use search engine optimization to build your professional network?,,browserbase
seo for networking,348,SEO for Networking,Commercial,SEO / AEO / GEO,SEO / AEO / GEO,Smart Home Installers,Organic Search Page,High,5,https://autoposting.ai/blog/linkedin-seo,autoposting.ai,LinkedIn SEO Guide: How to Actually Get Found by the Right People in 2026 — Autoposting.ai,,browserbase
marketing for general contractors,349,Marketing for General Contractors,Commercial,Industry,Full Stack,Contractors,Industry Subservice Page,High,1,https://azieldigital.com/blog/general-contractor-marketing-guide/,azieldigital.com,General Contractor Marketing: Flood Your Pipeline With Leads | Aziel Digital,,browserbase
marketing for general contractors,349,Marketing for General Contractors,Commercial,Industry,Full Stack,Contractors,Industry Subservice Page,High,2,https://machine-marketing.com/marketing-for-general-contractors/,machine-marketing.com,Marketing for General Contractors: A 2026 Playbook,,browserbase
marketing for general contractors,349,Marketing for General Contractors,Commercial,Industry,Full Stack,Contractors,Industry Subservice Page,High,3,https://novermarketing.com/aec/general-contractor-marketing/,novermarketing.com,"General Contractor Marketing: More Visibility, Better Leads | Nover",,browserbase
marketing for general contractors,349,Marketing for General Contractors,Commercial,Industry,Full Stack,Contractors,Industry Subservice Page,High,4,https://www.jobnimbus.com/blog/marketing-for-home-contractors,jobnimbus.com,Marketing for Home Contractors: No-BS Guide to Getting More Jobs,,browserbase
marketing for general contractors,349,Marketing for General Contractors,Commercial,Industry,Full Stack,Contractors,Industry Subservice Page,High,5,https://percepture.com/construction-insights/digital-marketing-for-contractors/,percepture.com,"Digital Marketing for Contractors | SEO, PPC + Follow-Up",,browserbase
lead generation for general contractors,350,Lead Generation for General Contractors,Commercial,Industry,Full Stack,Contractors,Industry Subservice Page,High,1,https://www.mercator.ai/articles/general-contractor-lead-generation,mercator.ai,General Contractor Lead Generation: The Full Playbook,,browserbase
lead generation for general contractors,350,Lead Generation for General Contractors,Commercial,Industry,Full Stack,Contractors,Industry Subservice Page,High,2,https://azieldigital.com/blog/general-contractor-marketing-guide/,azieldigital.com,General Contractor Marketing: Flood Your Pipeline With Leads | Aziel Digital,,browserbase
lead generation for general contractors,350,Lead Generation for General Contractors,Commercial,Industry,Full Stack,Contractors,Industry Subservice Page,High,3,https://www.zambuki.com/industries/general-contractors,zambuki.com,Lead Generation for General Contractors | Zambuki,,browserbase
lead generation for general contractors,350,Lead Generation for General Contractors,Commercial,Industry,Full Stack,Contractors,Industry Subservice Page,High,4,https://machine-marketing.com/marketing-for-general-contractors/,machine-marketing.com,Marketing for General Contractors: A 2026 Playbook,,browserbase
lead generation for general contractors,350,Lead Generation for General Contractors,Commercial,Industry,Full Stack,Contractors,Industry Subservice Page,High,5,https://www.launchleads.com/industries/general-contractors/,launchleads.com,General Contractor Appointments With Property Owners Who Have Approved Projects and Need to Break Ground,,browserbase
website design for general contractors,351,Website Design for General Contractors,Commercial,Web Development,Web Development,Contractors,Service x Subservice Page,Medium,1,https://journela.com/general-contractor-website-design/,journela.com,Websites for General Contractors: Built to Win Bigger Bids,,browserbase
website design for general contractors,351,Website Design for General Contractors,Commercial,Web Development,Web Development,Contractors,Service x Subservice Page,Medium,2,https://primatewebfx.com/web-design-for-general-contractors/,primatewebfx.com,Web Design for General Contractors | Primate Web FX- Professional Web Design & Custom Graphic Services,,browserbase
website design for general contractors,351,Website Design for General Contractors,Commercial,Web Development,Web Development,Contractors,Service x Subservice Page,Medium,3,https://www.interactivebuilds.com/web-design-for-construction-company/,interactivebuilds.com,Web Design For Construction Company • Interactive Builds,,browserbase
website design for general contractors,351,Website Design for General Contractors,Commercial,Web Development,Web Development,Contractors,Service x Subservice Page,Medium,4,https://contractorarsenal.com/,contractorarsenal.com,Contractor Arsenal - Websites That Win You More Jobs,,browserbase
website design for general contractors,351,Website Design for General Contractors,Commercial,Web Development,Web Development,Contractors,Service x Subservice Page,Medium,5,https://steeleconstructionwebsites.com/website-design/,steeleconstructionwebsites.com,Website Design - Steele Construction Websites,,browserbase
google ads for general contractors,352,Google Ads for General Contractors,Commercial,Google PPC,Google PPC,Contractors,Paid Search Page,High,1,https://topqube.com/industries/general-contractors/google-ads/,topqube.com,Google Ads for General Contractors | Topqube,,browserbase
google ads for general contractors,352,Google Ads for General Contractors,Commercial,Google PPC,Google PPC,Contractors,Paid Search Page,High,2,https://www.sona.com/blog/google-ads-for-commercial-general-contractors-a-comprehensive-setup-guide,sona.com,Google Ads for Commercial General Contractors: A Comprehensive Setup Guide | Sona,,browserbase
google ads for general contractors,352,Google Ads for General Contractors,Commercial,Google PPC,Google PPC,Contractors,Paid Search Page,High,3,https://bluegridmedia.com/google-ads-for-contractors,bluegridmedia.com,Google Ads for Contractors: The Complete Guide (2026),,browserbase
google ads for general contractors,352,Google Ads for General Contractors,Commercial,Google PPC,Google PPC,Contractors,Paid Search Page,High,4,https://www.servicetitan.com/blog/google-ads-for-contractors,servicetitan.com,Google Ads for Contractors: An In-Depth Guide,,browserbase
google ads for general contractors,352,Google Ads for General Contractors,Commercial,Google PPC,Google PPC,Contractors,Paid Search Page,High,5,https://astraresults.com/blog/post/march-2026/google-ads-for-home-improvement-companies-a-complete-setup-guide,astraresults.com,Google Ads for Home Improvement Companies: A Complete Setup Guide | Astra Results Marketing,,browserbase
seo for general contractors,353,SEO for General Contractors,Commercial,SEO / AEO / GEO,SEO / AEO / GEO,Contractors,Organic Search Page,High,1,https://authorityspecialist.com/industry/home/general-contractor,authorityspecialist.com,General Contractor SEO: Stop Paying for Leads You Should Own,,browserbase
seo for general contractors,353,SEO for General Contractors,Commercial,SEO / AEO / GEO,SEO / AEO / GEO,Contractors,Organic Search Page,High,2,https://www.ronkot.com/seo-for-general-contractors/,ronkot.com,SEO for General Contractors: 10 Proven Tactics 2026,,browserbase
seo for general contractors,353,SEO for General Contractors,Commercial,SEO / AEO / GEO,SEO / AEO / GEO,Contractors,Organic Search Page,High,3,https://revved.digital/seo-for-contractors-the-complete-2026-playbook/,revved.digital,SEO for Contractors: The Complete 2026 Playbook — Revved Digital,,browserbase
seo for general contractors,353,SEO for General Contractors,Commercial,SEO / AEO / GEO,SEO / AEO / GEO,Contractors,Organic Search Page,High,4,https://protradehq.com/marketing/seo-for-contractors/,protradehq.com,SEO for contractors: rank locally and book more jobs | ProTradeHQ,,browserbase
seo for general contractors,353,SEO for General Contractors,Commercial,SEO / AEO / GEO,SEO / AEO / GEO,Contractors,Organic Search Page,High,5,https://moosebase.com/blog/local-seo-for-contractors/,moosebase.com,Local SEO for Contractors: A Complete Ranking Guide | MooseBase Blog,,browserbase
marketing for remodelers,354,Marketing for Remodelers,Commercial,Industry,Full Stack,Contractors,Industry Subservice Page,High,1,https://themarketingjuice.com/digital-marketing-for-remodelers/,themarketingjuice.com,Digital Marketing for Remodelers: Build a System,,browserbase
marketing for remodelers,354,Marketing for Remodelers,Commercial,Industry,Full Stack,Contractors,Industry Subservice Page,High,2,https://www.builderleadconverter.com/blog/remodeling-marketing-guide/,builderleadconverter.com,Remodeling Marketing: 7 Strategies to Fill Your Pipeline,,browserbase
marketing for remodelers,354,Marketing for Remodelers,Commercial,Industry,Full Stack,Contractors,Industry Subservice Page,High,3,https://goodtogo.dev/comprehensive-digital-marketing-for-remodeling-contractors/,goodtogo.dev,Comprehensive Digital Marketing for Remodelers,,browserbase
marketing for remodelers,354,Marketing for Remodelers,Commercial,Industry,Full Stack,Contractors,Industry Subservice Page,High,4,https://andrewryanmarketing.com/remodeling-marketing-systems/,andrewryanmarketing.com,Remodeling Marketing Systems | How to Build a Lead Engine,,browserbase
marketing for remodelers,354,Marketing for Remodelers,Commercial,Industry,Full Stack,Contractors,Industry Subservice Page,High,5,https://www.bgcollective.com/solutions-lab/remodeler-marketing-in-2025-whats-actually-working-right-now,bgcollective.com,Remodeler Marketing 2025 | Google Ads & Systems That WinRemodeler Marketing in 2025: What’s Actually Working Right Now,,browserbase
lead generation for remodelers,355,Lead Generation for Remodelers,Commercial,Industry,Full Stack,Contractors,Industry Subservice Page,High,1,https://remodelersmarketingcrew.com/the-ultimate-guide-to-effective-lead-generation-and-conversion-techniques/,remodelersmarketingcrew.com,Lead Generation Guide for Remodeling Contractors (2026) | RMC,,browserbase
lead generation for remodelers,355,Lead Generation for Remodelers,Commercial,Industry,Full Stack,Contractors,Industry Subservice Page,High,2,https://www.bgcollective.com/solutions-lab/remodeling-leads,bgcollective.com,"Remodeling Leads: Google Ads, SEO & Brand Systems [2026 Guide]Remodeling Leads: How to Build a System That Replaces Pay-Per-Lead Platforms",,browserbase
lead generation for remodelers,355,Lead Generation for Remodelers,Commercial,Industry,Full Stack,Contractors,Industry Subservice Page,High,3,https://www.qualifiedremodeler.com/lead-gen-report-whats-working-now/,qualifiedremodeler.com,Lead-Gen Report: What's Working Now - QUALIFIED REMODELER,,browserbase
lead generation for remodelers,355,Lead Generation for Remodelers,Commercial,Industry,Full Stack,Contractors,Industry Subservice Page,High,4,https://themarketingjuice.com/remodeling-lead-generation/,themarketingjuice.com,"Remodeling Lead Generation: Fix the System, Not the Spend",,browserbase
lead generation for remodelers,355,Lead Generation for Remodelers,Commercial,Industry,Full Stack,Contractors,Industry Subservice Page,High,5,https://remodelersmarketingcrew.com/remodeling-contractor-marketing/,remodelersmarketingcrew.com,Remodeling Contractor Marketing: The 5-Channel System That Generates Consistent Leads (2026),,browserbase
website design for remodelers,356,Website Design for Remodelers,Commercial,Web Development,Web Development,Contractors,Service x Subservice Page,Medium,1,https://topqube.com/industries/remodeling/website-design/,topqube.com,Website Design for Remodeling Companies | Topqube,,browserbase
website design for remodelers,356,Website Design for Remodelers,Commercial,Web Development,Web Development,Contractors,Service x Subservice Page,Medium,2,https://moonlitmedia.com/home-remodeling-company-website-design/,moonlitmedia.com,Home Remodeling Website Design | Websites for Remodeling Contractors & Renovation Companies,,browserbase
website design for remodelers,356,Website Design for Remodelers,Commercial,Web Development,Web Development,Contractors,Service x Subservice Page,Medium,3,https://remodelroi.com/web-design-development/,remodelroi.com,Top Remodeling Web Design & Development | Remodel ROI Experts,,browserbase
website design for remodelers,356,Website Design for Remodelers,Commercial,Web Development,Web Development,Contractors,Service x Subservice Page,Medium,4,https://kitchenremodelingseo.com/web-design-for-remodelers/,kitchenremodelingseo.com,Website Design For Remodelers - Kitchen Remodel Marketin Web Design For Remodelers,,browserbase
website design for remodelers,356,Website Design for Remodelers,Commercial,Web Development,Web Development,Contractors,Service x Subservice Page,Medium,5,https://www.constructomarketing.com/web-design/,constructomarketing.com,Custom Web Design for Remodelers | Constructo,,browserbase
google ads for remodelers,357,Google Ads for Remodelers,Commercial,Google PPC,Google PPC,Contractors,Paid Search Page,High,1,https://www.baadigi.com/blog/google-ads-remodeling-leads-2026-guide,baadigi.com,Google Ads for Remodeling Leads [2026 Setup Guide] | BaaDigi,,browserbase
google ads for remodelers,357,Google Ads for Remodelers,Commercial,Google PPC,Google PPC,Contractors,Paid Search Page,High,2,https://www.bgcollective.com/solutions-lab/the-2026-google-ads-playbook-for-remodelers,bgcollective.com,Google Ads for Remodelers in 2026 | High-Intent Lead StrategyThe 2026 Google Ads Playbook for Remodelers Who Refuse to Compete on Price,,browserbase
google ads for remodelers,357,Google Ads for Remodelers,Commercial,Google PPC,Google PPC,Contractors,Paid Search Page,High,3,https://www.sona.com/blog/google-ads-for-remodeling-contractors-a-comprehensive-setup-guide,sona.com,Google Ads for Remodeling Contractors: A Comprehensive Setup Guide | Sona,,browserbase
google ads for remodelers,357,Google Ads for Remodelers,Commercial,Google PPC,Google PPC,Contractors,Paid Search Page,High,4,https://nexxusbyte.com/remodeling-company-google-ads-strategy-2026-project-calls/,nexxusbyte.com,Remodeling Company Google Ads for Project Calls 2026,,browserbase
google ads for remodelers,357,Google Ads for Remodelers,Commercial,Google PPC,Google PPC,Contractors,Paid Search Page,High,5,https://pxlpeak.com/blog/google-ads/why-google-ads-fails-for-kitchen-bath-remodelers,pxlpeak.com,Why Google Ads Fails for Kitchen & Bathroom Remodelers (And | Blog | PxlPeak,,browserbase
seo for remodelers,358,SEO for Remodelers,Commercial,SEO / AEO / GEO,SEO / AEO / GEO,Contractors,Organic Search Page,High,1,https://rankvi.com/how-to-seo-for-remodeling-contractors/,rankvi.com,how to seo for remodeling contractors - Rankvi,,browserbase
seo for remodelers,358,SEO for Remodelers,Commercial,SEO / AEO / GEO,SEO / AEO / GEO,Contractors,Organic Search Page,High,2,https://www.constructomarketing.com/the-remodelers-complete-seo-guide-how-to-get-found-get-leads-and-grow/,constructomarketing.com,"The Remodeler's Complete SEO Guide: How to Get Found, Get Leads, and Grow - Constructo Marketing",,browserbase
seo for remodelers,358,SEO for Remodelers,Commercial,SEO / AEO / GEO,SEO / AEO / GEO,Contractors,Organic Search Page,High,3,https://remodelersmarketingcrew.com/seo-for-remodelers-why-home-remodeling-companies-need-a-strong-focus-in-2026/,remodelersmarketingcrew.com,Why Home Remodeling Needs a Strong SEO Focus in 2026,,browserbase
seo for remodelers,358,SEO for Remodelers,Commercial,SEO / AEO / GEO,SEO / AEO / GEO,Contractors,Organic Search Page,High,4,https://contractorseo.us/seo-for-home-remodelers/,contractorseo.us,SEO for Home Remodelers | Contractor SEO – AI-Powered Results,,browserbase
seo for remodelers,358,SEO for Remodelers,Commercial,SEO / AEO / GEO,SEO / AEO / GEO,Contractors,Organic Search Page,High,5,https://themarketingjuice.com/digital-marketing-for-remodelers/,themarketingjuice.com,Digital Marketing for Remodelers: Build a System,,browserbase
marketing for HVAC companies,359,Marketing for Hvac Companies,Commercial,Industry,Full Stack,Contractors,Industry Subservice Page,High,1,https://www.servicetitan.com/blog/hvac-marketing,servicetitan.com,16 HVAC Marketing Strategies to Generate Leads in 2026,,browserbase
marketing for HVAC companies,359,Marketing for Hvac Companies,Commercial,Industry,Full Stack,Contractors,Industry Subservice Page,High,2,https://www.housecallpro.com/resources/hvac-marketing-plan/,housecallpro.com,How to Make an HVAC Marketing Plan: 2026 Guide,,browserbase
marketing for HVAC companies,359,Marketing for Hvac Companies,Commercial,Industry,Full Stack,Contractors,Industry Subservice Page,High,3,https://relayfi.com/blog/hvac-marketing-ideas/,relayfi.com,25 HVAC Marketing Ideas to Get More Customers in 2026 | Blog,,browserbase
marketing for HVAC companies,359,Marketing for Hvac Companies,Commercial,Industry,Full Stack,Contractors,Industry Subservice Page,High,4,https://usahvacmarketing.com/hvac-digital-marketing-guide/,usahvacmarketing.com,"HVAC Digital Marketing Guide 2026 | SEO, Ads & Lead Generation",,browserbase
marketing for HVAC companies,359,Marketing for Hvac Companies,Commercial,Industry,Full Stack,Contractors,Industry Subservice Page,High,5,https://kodiakdigital.co/hvac-marketing-guide/,kodiakdigital.co,HVAC Marketing: Year-Round Pipeline Strategy | Kodiak,,browserbase
lead generation for HVAC companies,360,Lead Generation for Hvac Companies,Commercial,Industry,Full Stack,Contractors,Industry Subservice Page,High,1,https://fieldcamp.ai/blog/hvac-lead-generation/,fieldcamp.ai,HVAC Lead Generation: 15 Proven Strategies to Get More Leads,,browserbase
lead generation for HVAC companies,360,Lead Generation for Hvac Companies,Commercial,Industry,Full Stack,Contractors,Industry Subservice Page,High,2,https://hvac-seo.agency/blog/hvac-lead-generation/hvac-lead-generation-guide/,hvac-seo.agency,HVAC Lead Generation: The Complete Guide [2026] - The HVAC SEO Agency,,browserbase
lead generation for HVAC companies,360,Lead Generation for Hvac Companies,Commercial,Industry,Full Stack,Contractors,Industry Subservice Page,High,3,https://mediaspearhead.com/blog/hvac-digital-marketing/,mediaspearhead.com,HVAC Digital Marketing: SEO & Google Ads Guide for Contractors | Blog | Media Spearhead,,browserbase
lead generation for HVAC companies,360,Lead Generation for Hvac Companies,Commercial,Industry,Full Stack,Contractors,Industry Subservice Page,High,4,https://anthonylouismedia.com/2026/05/10/hvac-lead-generation/,anthonylouismedia.com,HVAC Lead Generation in 2026: How to Get More Booked Jobs,,browserbase
lead generation for HVAC companies,360,Lead Generation for Hvac Companies,Commercial,Industry,Full Stack,Contractors,Industry Subservice Page,High,5,https://www.hnatewiczmedia.com/hvac-lead-generation/,hnatewiczmedia.com,"HVAC Lead Generation: The Complete 2026 Guide — Every Channel, Lead Quality, and the Conversion System",,browserbase
website design for HVAC companies,361,Website Design for Hvac Companies,Commercial,Web Development,Web Development,Contractors,Service x Subservice Page,Medium,1,https://websitesforhvac.com/services/hvac-website-design,websitesforhvac.com,"Custom HVAC Website Design — Mobile-First, PageSpeed 95+",,browserbase
website design for HVAC companies,361,Website Design for Hvac Companies,Commercial,Web Development,Web Development,Contractors,Service x Subservice Page,Medium,2,https://www.nascenture.com/hvac-web-design/,nascenture.com,HVAC Web Design Services | HVAC Company Websites,,browserbase
website design for HVAC companies,361,Website Design for Hvac Companies,Commercial,Web Development,Web Development,Contractors,Service x Subservice Page,Medium,3,https://www.nopio.com/services/industries/hvac/hvac-website-design/,nopio.com,HVAC websites that turn search traffic into booked jobs - Nopio - World-class Web Design and Development,,browserbase
website design for HVAC companies,361,Website Design for Hvac Companies,Commercial,Web Development,Web Development,Contractors,Service x Subservice Page,Medium,4,https://tmncreative.com/hvac,tmncreative.com,HVAC Web Design Agency · TMN Creative,,browserbase
website design for HVAC companies,361,Website Design for Hvac Companies,Commercial,Web Development,Web Development,Contractors,Service x Subservice Page,Medium,5,https://fervorstudio.ca/contractor/building-systems/hvac/hvac-web-design/,fervorstudio.ca,HVAC Website Design That Books Emergency Calls,,browserbase
google ads for HVAC companies,362,Google Ads for Hvac Companies,Commercial,Google PPC,Google PPC,Contractors,Paid Search Page,High,1,https://getvibeads.com/blog/google-ads-for-hvac-companies-guide,getvibeads.com,Google Ads for HVAC Companies: Full 2026 Guide | VibeAds,,browserbase
google ads for HVAC companies,362,Google Ads for Hvac Companies,Commercial,Google PPC,Google PPC,Contractors,Paid Search Page,High,2,https://www.builtontenth.com/insights/hvac-google-ads-campaign-structure,builtontenth.com,HVAC Google Ads Campaign Structure Guide | Built on Tenth,,browserbase
google ads for HVAC companies,362,Google Ads for Hvac Companies,Commercial,Google PPC,Google PPC,Contractors,Paid Search Page,High,3,https://anthonylouismedia.com/2026/05/09/hvac-google-ads/,anthonylouismedia.com,HVAC Google Ads in 2026: What Actually Works for HVAC Owners,,browserbase
google ads for HVAC companies,362,Google Ads for Hvac Companies,Commercial,Google PPC,Google PPC,Contractors,Paid Search Page,High,4,https://www.digitalauthority.me/resources/hvac-google-ads/,digitalauthority.me,HVAC Google Ads That Actually Work + BluePrint,,browserbase
google ads for HVAC companies,362,Google Ads for Hvac Companies,Commercial,Google PPC,Google PPC,Contractors,Paid Search Page,High,5,https://adswithsaqib.com/google-ad-for-hvac-businesses/,adswithsaqib.com,Google Ads Guide for HVAC Businesses (2025),,browserbase
seo for HVAC companies,363,SEO for Hvac Companies,Commercial,SEO / AEO / GEO,SEO / AEO / GEO,Contractors,Organic Search Page,High,1,https://www.nocodelabs.io/insights/hvac-seo-guide,nocodelabs.io,SEO for HVAC Companies: The 2026 Guide That Works,,browserbase
seo for HVAC companies,363,SEO for Hvac Companies,Commercial,SEO / AEO / GEO,SEO / AEO / GEO,Contractors,Organic Search Page,High,2,https://www.abstraktmg.com/seo-strategies-for-hvac-industry/,abstraktmg.com,HVAC SEO: 10 Steps to Rank Higher and Get More Calls,,browserbase
seo for HVAC companies,363,SEO for Hvac Companies,Commercial,SEO / AEO / GEO,SEO / AEO / GEO,Contractors,Organic Search Page,High,3,https://hvac-seo.agency/blog/hvac-seo/hvac-local-seo-guide/,hvac-seo.agency,HVAC Local SEO: The Definitive Guide to Ranking in Google Maps [2026] - The HVAC SEO Agency,,browserbase
seo for HVAC companies,363,SEO for Hvac Companies,Commercial,SEO / AEO / GEO,SEO / AEO / GEO,Contractors,Organic Search Page,High,4,https://www.nopio.com/blog/hvac-contractor-seo-checklist/,nopio.com,HVAC SEO Checklist: 28-Point DIY Guide for Contractors [2026] - Nopio - World-class Web Design and Development,,browserbase
seo for HVAC companies,363,SEO for Hvac Companies,Commercial,SEO / AEO / GEO,SEO / AEO / GEO,Contractors,Organic Search Page,High,5,https://www.flento.io/blog/hvac-local-seo,flento.io,Local SEO for HVAC Companies: How to Get More Service Calls From Google Maps | Flento,,browserbase
marketing for electricians,364,Marketing for Electricians,Commercial,Industry,Full Stack,Contractors,Industry Subservice Page,High,1,https://sitemancer.com/guide/complete-guide-electricians-marketing,sitemancer.com,Electricians Marketing Guide 2026: Complete Playbook,,browserbase
marketing for electricians,364,Marketing for Electricians,Commercial,Industry,Full Stack,Contractors,Industry Subservice Page,High,2,https://www.baadigi.com/blog/electrician-lead-generation-guide-2026,baadigi.com,Electrician Lead Generation Guide [2026] | BaaDigi,,browserbase
marketing for electricians,364,Marketing for Electricians,Commercial,Industry,Full Stack,Contractors,Industry Subservice Page,High,3,https://sakari.io/blog/electrician-marketing-guide-how-to-fill-your-schedule-with-high-value-service-calls,sakari.io,Electrician Marketing Guide: How to Fill Your Schedule With High-Value Service Calls,,browserbase
marketing for electricians,364,Marketing for Electricians,Commercial,Industry,Full Stack,Contractors,Industry Subservice Page,High,4,https://mediaspearhead.com/blog/electrician-digital-marketing/,mediaspearhead.com,Electrician Digital Marketing: SEO & Google Ads for Electrical Contractors | Blog | Media Spearhead,,browserbase
marketing for electricians,364,Marketing for Electricians,Commercial,Industry,Full Stack,Contractors,Industry Subservice Page,High,5,https://growtradie.app/electrician-marketing-strategies/,growtradie.app,Electrician Marketing Strategies: Win Local Jobs in 2026 - growtradie.app,,browserbase
lead generation for electricians,365,Lead Generation for Electricians,Commercial,Industry,Full Stack,Contractors,Industry Subservice Page,High,1,https://clicksgeek.com/lead-generation-for-electricians/,clicksgeek.com,Lead Generation For Electricians: 8 Proven Strategies,,browserbase
lead generation for electricians,365,Lead Generation for Electricians,Commercial,Industry,Full Stack,Contractors,Industry Subservice Page,High,2,https://www.baadigi.com/blog/electrician-lead-generation-guide-2026,baadigi.com,Electrician Lead Generation Guide [2026] | BaaDigi,,browserbase
lead generation for electricians,365,Lead Generation for Electricians,Commercial,Industry,Full Stack,Contractors,Industry Subservice Page,High,3,https://wildlangosta.com/post/lead-generation-for-electricians,wildlangosta.com,Lead Generation for Electricians: Stop Paying Per Lead & Own Your Pipeline,,browserbase
lead generation for electricians,365,Lead Generation for Electricians,Commercial,Industry,Full Stack,Contractors,Industry Subservice Page,High,4,https://destinymarketingsolutions.com/electrician/local-lead-generation-services/,destinymarketingsolutions.com,"Local Lead Generation for Electricians that Drives Calls, Bookings, and Growth",,browserbase
lead generation for electricians,365,Lead Generation for Electricians,Commercial,Industry,Full Stack,Contractors,Industry Subservice Page,High,5,https://digitaldynamic.io/electrician-lead-generation/,digitaldynamic.io,Electrician Lead Generation - Digital Dynamic,,browserbase
website design for electricians,366,Website Design for Electricians,Commercial,Web Development,Web Development,Contractors,Service x Subservice Page,Medium,1,https://tmncreative.com/websites-for-electricians,tmncreative.com,Websites for Electricians · TMN Creative,,browserbase
website design for electricians,366,Website Design for Electricians,Commercial,Web Development,Web Development,Contractors,Service x Subservice Page,Medium,2,https://www.teapowered.pro/electrician-website,teapowered.pro,Electrician Website Design | Websites for Electricians | Tea Powered Projects,,browserbase
website design for electricians,366,Website Design for Electricians,Commercial,Web Development,Web Development,Contractors,Service x Subservice Page,Medium,3,https://veonmedia.com/services/web-design-for-electricians,veonmedia.com,Web Design for Electricians | Veon Media,,browserbase
website design for electricians,366,Website Design for Electricians,Commercial,Web Development,Web Development,Contractors,Service x Subservice Page,Medium,4,https://electricianseo.com/electrician-web-design/,electricianseo.com,"Electrician Web Design Company | Fast, Mobile-Friendly Sites",,browserbase
website design for electricians,366,Website Design for Electricians,Commercial,Web Development,Web Development,Contractors,Service x Subservice Page,Medium,5,https://onpurposemedia.com/electrical/electrical-website-design/,onpurposemedia.com,Electrician Website Design | On Purpose Media,,browserbase
google ads for electricians,367,Google Ads for Electricians,Commercial,Google PPC,Google PPC,Contractors,Paid Search Page,High,1,https://bluegridmedia.com/google-ads-for-electricians,bluegridmedia.com,Google Ads for Electricians: Get More Panel & EV Jobs (2026),,browserbase
google ads for electricians,367,Google Ads for Electricians,Commercial,Google PPC,Google PPC,Contractors,Paid Search Page,High,2,https://www.housecallpro.com/resources/google-ads-for-electricians/,housecallpro.com,The Electrician’s Guide to Google Ads and PPC Advertising,,browserbase
google ads for electricians,367,Google Ads for Electricians,Commercial,Google PPC,Google PPC,Contractors,Paid Search Page,High,3,https://builtrightdigital.com/electricians-google-ads-guide/,builtrightdigital.com,Electricians Google Ads Guide: Power Up Your Lead Generation,,browserbase
google ads for electricians,367,Google Ads for Electricians,Commercial,Google PPC,Google PPC,Contractors,Paid Search Page,High,4,https://getvibeads.com/google-ads-for/electrician,getvibeads.com,Google Ads for Electrical | ⚡ Expert Guide 2026 | VibeAds,,browserbase
google ads for electricians,367,Google Ads for Electricians,Commercial,Google PPC,Google PPC,Contractors,Paid Search Page,High,5,https://builtrightdigital.com/electrician-google-ads-cost/,builtrightdigital.com,How Much Do Google Ads Cost for Electricians? | Built-Right Digital,,browserbase
seo for electricians,368,SEO for Electricians,Commercial,SEO / AEO / GEO,SEO / AEO / GEO,Contractors,Organic Search Page,High,1,https://electricians.savogroup.com/seo-for-electricians/,electricians.savogroup.com,"SEO for Electricians: Map Pack, Organic, AI Overview | Savo Group",,browserbase
seo for electricians,368,SEO for Electricians,Commercial,SEO / AEO / GEO,SEO / AEO / GEO,Contractors,Organic Search Page,High,2,https://digitaltradies.com/blog/seo-for-electricians/,digitaltradies.com,SEO for Electricians: Get More Jobs From Google - Digital Tradies Blog,,browserbase
seo for electricians,368,SEO for Electricians,Commercial,SEO / AEO / GEO,SEO / AEO / GEO,Contractors,Organic Search Page,High,3,https://www.housecallpro-staging.com/resources/electrician-seo/,housecallpro-staging.com,Electrician SEO: 13 Steps To Rank Higher (With Expert Tips),,browserbase
seo for electricians,368,SEO for Electricians,Commercial,SEO / AEO / GEO,SEO / AEO / GEO,Contractors,Organic Search Page,High,4,https://www.outrank.so/playbooks/electrician,outrank.so,SEO for Electricians: The Complete 2026 Guide | Outrank Playbooks,,browserbase
seo for electricians,368,SEO for Electricians,Commercial,SEO / AEO / GEO,SEO / AEO / GEO,Contractors,Organic Search Page,High,5,https://www.marketmindsglobal.com/electricians/seo,marketmindsglobal.com,SEO for Electricians: The Complete 2026 Guide | Market Minds Global,,browserbase
marketing for painters,369,Marketing for Painters,Commercial,Industry,Full Stack,Contractors,Industry Subservice Page,High,1,https://www.housecallpro.com/resources/painting-business-marketing-strategies/,housecallpro.com,Marketing your painting business: 11 proven strategies,,browserbase
marketing for painters,369,Marketing for Painters,Commercial,Industry,Full Stack,Contractors,Industry Subservice Page,High,2,https://redshiftlocal.com/marketing-painters/,redshiftlocal.com,Marketing for Painters: How to Get Local Jobs Fast,,browserbase
marketing for painters,369,Marketing for Painters,Commercial,Industry,Full Stack,Contractors,Industry Subservice Page,High,3,https://themarketingjuice.com/digital-marketing-for-painters/,themarketingjuice.com,Digital Marketing for Painters: What Moves the Needle,,browserbase
marketing for painters,369,Marketing for Painters,Commercial,Industry,Full Stack,Contractors,Industry Subservice Page,High,4,https://paintpricing.com/how-to-find-painting-clients/,paintpricing.com,How to Find Painting Clients: 12 Lead Sources,,browserbase
marketing for painters,369,Marketing for Painters,Commercial,Industry,Full Stack,Contractors,Industry Subservice Page,High,5,https://www.paintlaunch.com/,paintlaunch.com,The Marketing Agency for Painters | PaintLaunch,,browserbase
lead generation for painters,370,Lead Generation for Painters,Commercial,Industry,Full Stack,Contractors,Industry Subservice Page,High,1,https://paintpricing.com/how-to-find-painting-clients/,paintpricing.com,How to Find Painting Clients: 12 Lead Sources,,browserbase
lead generation for painters,370,Lead Generation for Painters,Commercial,Industry,Full Stack,Contractors,Industry Subservice Page,High,2,https://www.paintviz.com/painting-leads,paintviz.com,How Painting Contractors Get More Leads — PaintViz,,browserbase
lead generation for painters,370,Lead Generation for Painters,Commercial,Industry,Full Stack,Contractors,Industry Subservice Page,High,3,https://www.gushwork.ai/blog/lead-generation-painting,gushwork.ai,Lead Generation for Painting Companies: Top Proven Strategies | Gushwork,,browserbase
lead generation for painters,370,Lead Generation for Painters,Commercial,Industry,Full Stack,Contractors,Industry Subservice Page,High,4,https://paintsignal.com/,paintsignal.com,PaintSignal — Booked Estimate Appointments for Residential Painters,,browserbase
lead generation for painters,370,Lead Generation for Painters,Commercial,Industry,Full Stack,Contractors,Industry Subservice Page,High,5,https://www.paintlaunch.com/,paintlaunch.com,The Marketing Agency for Painters | PaintLaunch,,browserbase
website design for painters,371,Website Design for Painters,Commercial,Web Development,Web Development,Contractors,Service x Subservice Page,Medium,1,https://artprominence.com/web-design-for-artists/,artprominence.com,"Website Design for Artists | Attract Buyers, Grow Your Art Business",,browserbase
website design for painters,371,Website Design for Painters,Commercial,Web Development,Web Development,Contractors,Service x Subservice Page,Medium,2,https://bonniesorsby.com/artist-website-design/,bonniesorsby.com,"Professional Website Design for Artists | Portfolio, Branding & SEO",,browserbase
website design for painters,371,Website Design for Painters,Commercial,Web Development,Web Development,Contractors,Service x Subservice Page,Medium,3,https://sebadam.supply/templates/christina,sebadam.supply,Christina — Premium Artist Website Template for Painters | Sebadam.supply,,browserbase
website design for painters,371,Website Design for Painters,Commercial,Web Development,Web Development,Contractors,Service x Subservice Page,Medium,4,https://www.pixpa.com/templates/details/crimson,pixpa.com,Crimson – Artist Portfolio Website Template for Creatives | Pixpa - Pixpa,,browserbase
website design for painters,371,Website Design for Painters,Commercial,Web Development,Web Development,Contractors,Service x Subservice Page,Medium,5,https://merodomain.com/shop/website-design/artist-website-design/,merodomain.com,Artist Website Design - Website Design and Development Services,,browserbase
google ads for painters,372,Google Ads for Painters,Commercial,Google PPC,Google PPC,Contractors,Paid Search Page,High,1,https://debutmarketing.ca/painter-google-ads-guide,debutmarketing.ca,Painting Contractor Google Ads Guide (2026),,browserbase
google ads for painters,372,Google Ads for Painters,Commercial,Google PPC,Google PPC,Contractors,Paid Search Page,High,2,https://getvibeads.com/google-ads-for/painter,getvibeads.com,Google Ads for Painting | 🎨 Expert Guide 2026 | VibeAds,,browserbase
google ads for painters,372,Google Ads for Painters,Commercial,Google PPC,Google PPC,Contractors,Paid Search Page,High,3,https://www.mikencube.com/blog/google-ads-for-painting-company-how-to-create-an-effective-campaign/,mikencube.com,Google Ads for Painting Company: How to Create an Effective Campaign,,browserbase
google ads for painters,372,Google Ads for Painters,Commercial,Google PPC,Google PPC,Contractors,Paid Search Page,High,4,https://topqube.com/industries/painting/google-ads/,topqube.com,Google Ads for Painting Contractors | Topqube,,browserbase
google ads for painters,372,Google Ads for Painters,Commercial,Google PPC,Google PPC,Contractors,Paid Search Page,High,5,https://freshcoat.io/google-ads-for-painters/,freshcoat.io,Google Ads For Painter: Ultimate Guide (2023),,browserbase
seo for painters,373,SEO for Painters,Commercial,SEO / AEO / GEO,SEO / AEO / GEO,Contractors,Organic Search Page,High,1,https://www.servicetitan.com/blog/seo-for-painters,servicetitan.com,SEO for Painters: Complete Guide for 2025,,browserbase
seo for painters,373,SEO for Painters,Commercial,SEO / AEO / GEO,SEO / AEO / GEO,Contractors,Organic Search Page,High,2,https://congero.com.au/blog/guides/seo-for-painters/,congero.com.au,SEO for Painters: Local Website & Online Marketing Guide for 2025 | Congero,,browserbase
seo for painters,373,SEO for Painters,Commercial,SEO / AEO / GEO,SEO / AEO / GEO,Contractors,Organic Search Page,High,3,https://avisualglitch.com/learning-center/the-complete-guide-to-seo-for-painters/,avisualglitch.com,SEO for Painters: The Complete Guide to Local Painting Leads,,browserbase
seo for painters,373,SEO for Painters,Commercial,SEO / AEO / GEO,SEO / AEO / GEO,Contractors,Organic Search Page,High,4,https://digitaltradies.com/blog/seo-for-painters/,digitaltradies.com,SEO for Painters & Decorators: Get More Jobs From Google - Digital Tradies Blog,,browserbase
seo for painters,373,SEO for Painters,Commercial,SEO / AEO / GEO,SEO / AEO / GEO,Contractors,Organic Search Page,High,5,https://www.gushwork.ai/blog/painter-seo,gushwork.ai,SEO for Painters: A Complete Guide (2026) | Gushwork,,browserbase
marketing for pool builders,374,Marketing for Pool Builders,Commercial,Industry,Full Stack,Contractors,Industry Subservice Page,High,1,https://paverandpooldigitalmarketing.com/ultimate-guide-to-pool-builder-marketing/,paverandpooldigitalmarketing.com,Ultimate Guide to Pool Builder Marketing: - Pool Builder Marketing,,browserbase
marketing for pool builders,374,Marketing for Pool Builders,Commercial,Industry,Full Stack,Contractors,Industry Subservice Page,High,2,https://thepooljournals.com/pool-marketing-ultimate-guide/,thepooljournals.com,Marketing for Pool Pros & Builders: The Ultimate Guide for 2026,,browserbase
marketing for pool builders,374,Marketing for Pool Builders,Commercial,Industry,Full Stack,Contractors,Industry Subservice Page,High,3,https://revsurgedigital.com/2026/04/16/pool-marketing-360,revsurgedigital.com,How to Build Pool Marketing 360 for Lead Growth - RevSurge Digital,,browserbase
marketing for pool builders,374,Marketing for Pool Builders,Commercial,Industry,Full Stack,Contractors,Industry Subservice Page,High,4,https://buildmorepools.com/free-resources/how-to-get-pool-leads-6-proven-strategies-for-pool-builders-in-2025/,buildmorepools.com,How to Get Pool Leads: 6 Proven Strategies for Pool Builders in 2025 - Pool Marketing | SEO & Ads for Pool Services,,browserbase
marketing for pool builders,374,Marketing for Pool Builders,Commercial,Industry,Full Stack,Contractors,Industry Subservice Page,High,5,https://poolleads.ai/performance-marketing-for-pool-builders-the-ai-powered-checklist-to-slash-cost-per-lead/,poolleads.ai,Performance Marketing for Pool Builders: The AI-Powered Checklist to Slash Cost-Per-Lead - Poolleads.ai,,browserbase
lead generation for pool builders,375,Lead Generation for Pool Builders,Commercial,Industry,Full Stack,Contractors,Industry Subservice Page,High,1,https://poolleads.ai/,poolleads.ai,Pool Company Marketing & Exclusive Pool Leads | PoolLeads.a,,browserbase
lead generation for pool builders,375,Lead Generation for Pool Builders,Commercial,Industry,Full Stack,Contractors,Industry Subservice Page,High,2,https://pooler.io/,pooler.io,Pool Builder Marketing & Lead Generation System | Pooler.io,,browserbase
lead generation for pool builders,375,Lead Generation for Pool Builders,Commercial,Industry,Full Stack,Contractors,Industry Subservice Page,High,3,https://www.poolsperclick.com/,poolsperclick.com,"Pools Per Click | Pool Builder Lead Generation, PPC, & SEO",,browserbase
lead generation for pool builders,375,Lead Generation for Pool Builders,Commercial,Industry,Full Stack,Contractors,Industry Subservice Page,High,4,https://waterlinegrowth.com/pool-builder-leads/,waterlinegrowth.com,Get Pool Builder Leads | Proven Strategies for 2026,,browserbase
lead generation for pool builders,375,Lead Generation for Pool Builders,Commercial,Industry,Full Stack,Contractors,Industry Subservice Page,High,5,https://www.deepwaveleads.com/,deepwaveleads.com,Digital Marketing for Pool Builders | Get More Pool Construction Leads in USA,,browserbase
website design for pool builders,376,Website Design for Pool Builders,Commercial,Web Development,Web Development,Contractors,Service x Subservice Page,Medium,1,https://topqube.com/industries/pool-contractors/website-design/,topqube.com,Website Design for Pool Contractors | Topqube,,browserbase
website design for pool builders,376,Website Design for Pool Builders,Commercial,Web Development,Web Development,Contractors,Service x Subservice Page,Medium,2,https://www.ninetywebdesign.com/pool-web-design/,ninetywebdesign.com,Web Design For Pool Builders & Contractors | Ninety Web Design,,browserbase
website design for pool builders,376,Website Design for Pool Builders,Commercial,Web Development,Web Development,Contractors,Service x Subservice Page,Medium,3,https://contractorwebsitedesign.com/pool-builder/web-design/,contractorwebsitedesign.com,Pool Builder Website Design Services: That Drive Results,,browserbase
website design for pool builders,376,Website Design for Pool Builders,Commercial,Web Development,Web Development,Contractors,Service x Subservice Page,Medium,4,https://weblira.com/website-design-for-pool-builders-pool-service-companies/,weblira.com,Website Design for Pool Builders & Pool Service Companies - WebLira | Affordable Small Business Websites,,browserbase
website design for pool builders,376,Website Design for Pool Builders,Commercial,Web Development,Web Development,Contractors,Service x Subservice Page,Medium,5,https://seoforpoolbuilders.com/services/professional-website-development-for-pool-builders/,seoforpoolbuilders.com,Professional Website Development for Pool Builders | Custom Pool Builder Websites with Measurable Results,,browserbase
google ads for pool builders,377,Google Ads for Pool Builders,Commercial,Google PPC,Google PPC,Contractors,Paid Search Page,High,1,https://poolpros.io/google-ads-pool-builders/,poolpros.io,Google Ads for Pool Builders - Pool Pros,,browserbase
google ads for pool builders,377,Google Ads for Pool Builders,Commercial,Google PPC,Google PPC,Contractors,Paid Search Page,High,2,https://probuildseo.com/paid-advertising-tips/tips-for-optimizing-pool-builder-google-ads/,probuildseo.com,Tips for Optimizing Pool Builder Google Ads to Generate More Leads,,browserbase
google ads for pool builders,377,Google Ads for Pool Builders,Commercial,Google PPC,Google PPC,Contractors,Paid Search Page,High,3,https://www.sona.com/blog/google-ads-for-pool-contractors-a-comprehensive-setup-guide,sona.com,Google Ads for Pool Contractors: A Comprehensive Setup Guide | Sona,,browserbase
google ads for pool builders,377,Google Ads for Pool Builders,Commercial,Google PPC,Google PPC,Contractors,Paid Search Page,High,4,https://paverandpooldigitalmarketing.com/google-ads-and-seo-for-pool-builders/,paverandpooldigitalmarketing.com,Pool Builder Google Ads & Pool Builder SEO - Pool Builder Marketing,,browserbase
google ads for pool builders,377,Google Ads for Pool Builders,Commercial,Google PPC,Google PPC,Contractors,Paid Search Page,High,5,https://thepooljournals.com/digital-studio/google-ads/,thepooljournals.com,Google Ads for Pool Builders & Service Pros | Digital Studio,,browserbase
seo for pool builders,378,SEO for Pool Builders,Commercial,SEO / AEO / GEO,SEO / AEO / GEO,Contractors,Organic Search Page,High,1,https://pushleads.com/pool-builder-seo/,pushleads.com,Pool Builder SEO: The Complete Guide | PushLeads,,browserbase
seo for pool builders,378,SEO for Pool Builders,Commercial,SEO / AEO / GEO,SEO / AEO / GEO,Contractors,Organic Search Page,High,2,https://poolbuildergrowth.com/blog/pool-builder-seo,poolbuildergrowth.com,"AI Pool Builder SEO: How to Rank Higher, Get More Leads, and Save Time",,browserbase
seo for pool builders,378,SEO for Pool Builders,Commercial,SEO / AEO / GEO,SEO / AEO / GEO,Contractors,Organic Search Page,High,3,https://curbsidesearch.com/seo-for-pool-companies/,curbsidesearch.com,Pool Builder SEO Services | Local SEO for Pool Companies | CurbSide Search,,browserbase
seo for pool builders,378,SEO for Pool Builders,Commercial,SEO / AEO / GEO,SEO / AEO / GEO,Contractors,Organic Search Page,High,4,https://photonseo.com/seo-for-pool-installation-companies-dominate-spring-search/,photonseo.com,SEO for Pool Installation Companies – Dominate Spring Search - Photon SEO,,browserbase
seo for pool builders,378,SEO for Pool Builders,Commercial,SEO / AEO / GEO,SEO / AEO / GEO,Contractors,Organic Search Page,High,5,https://topqube.com/industries/pool-contractors/seo/,topqube.com,SEO for Pool Contractors | Rank Higher in Google | Topqube,,browserbase
marketing for fence companies,379,Marketing for Fence Companies,Commercial,Industry,Full Stack,Contractors,Industry Subservice Page,High,1,https://wearerounded.com/fence-company-marketing/what-actually-works/,wearerounded.com,Fence Company Marketing: What Actually Works | Rounded Digital,,browserbase
marketing for fence companies,379,Marketing for Fence Companies,Commercial,Industry,Full Stack,Contractors,Industry Subservice Page,High,2,https://www.homeservicedirect.net/marketing-strategies-fence-companies/,homeservicedirect.net,Fence Company Marketing: How to Book 40+ Jobs Per Month | Home Service Direct,,browserbase
marketing for fence companies,379,Marketing for Fence Companies,Commercial,Industry,Full Stack,Contractors,Industry Subservice Page,High,3,https://www.lead4pro.com/industry-marketing/fencing-marketing-ideas-2026.html,lead4pro.com,Fencing Company Marketing Ideas That Actually Work in 2026 | Lead4Pro,,browserbase
marketing for fence companies,379,Marketing for Fence Companies,Commercial,Industry,Full Stack,Contractors,Industry Subservice Page,High,4,https://pipelineon.com/blog/fence-company-marketing/,pipelineon.com,Fence Company Marketing: Turning Neighbor Visibility Into Booked Jobs | Pipeline On,,browserbase
marketing for fence companies,379,Marketing for Fence Companies,Commercial,Industry,Full Stack,Contractors,Industry Subservice Page,High,5,https://topqube.com/industries/fencing/,topqube.com,Marketing for Fence Companies | Topqube,,browserbase
lead generation for fence companies,380,Lead Generation for Fence Companies,Commercial,Industry,Full Stack,Contractors,Industry Subservice Page,High,1,https://fencemarketingxperts.com/service/fence-lead-generation/,fencemarketingxperts.com,Fence Lead Generation - Fence Marketing Xperts,,browserbase
lead generation for fence companies,380,Lead Generation for Fence Companies,Commercial,Industry,Full Stack,Contractors,Industry Subservice Page,High,2,https://andrewryanmarketing.com/lead-generation-fence-contractors/,andrewryanmarketing.com,Lead Generation for Fence Contractors (Not Shared — Yours),,browserbase
lead generation for fence companies,380,Lead Generation for Fence Companies,Commercial,Industry,Full Stack,Contractors,Industry Subservice Page,High,3,https://leadgulls.com/fence-contractors-lead-generation-services-agency,leadgulls.com,Fence Contractor Lead Generation Agency | LeadGulls,,browserbase
lead generation for fence companies,380,Lead Generation for Fence Companies,Commercial,Industry,Full Stack,Contractors,Industry Subservice Page,High,4,https://wearerounded.com/lead-generation-for-fence-contractors/,wearerounded.com,Fence Contractor Lead Generation | Build a System That Gets More Leads,,browserbase
lead generation for fence companies,380,Lead Generation for Fence Companies,Commercial,Industry,Full Stack,Contractors,Industry Subservice Page,High,5,https://www.homeservicedirect.net/marketing-strategies-fence-companies/,homeservicedirect.net,Fence Company Marketing: How to Book 40+ Jobs Per Month | Home Service Direct,,browserbase
website design for fence companies,381,Website Design for Fence Companies,Commercial,Web Development,Web Development,Contractors,Service x Subservice Page,Medium,1,https://fencewebs.com/services/web-design/,fencewebs.com,Website Design Services for Fence Companies - FenceWebs,,browserbase
website design for fence companies,381,Website Design for Fence Companies,Commercial,Web Development,Web Development,Contractors,Service x Subservice Page,Medium,2,https://roguebusinessmarketing.com/fence-contractors/services/web-design/,roguebusinessmarketing.com,Website Design for Fence Companies - Rogue Business Marketing,,browserbase
website design for fence companies,381,Website Design for Fence Companies,Commercial,Web Development,Web Development,Contractors,Service x Subservice Page,Medium,3,https://hookagency.com/fence-company-marketing/website-design/,hookagency.com,#1 Fence Company Website Design Team | Hook Agency,,browserbase
website design for fence companies,381,Website Design for Fence Companies,Commercial,Web Development,Web Development,Contractors,Service x Subservice Page,Medium,4,https://fencinglaunch.com/website-design-for-fence-contractors/,fencinglaunch.com,Website Design Services for Fence Contractors - FencingLaunch,,browserbase
website design for fence companies,381,Website Design for Fence Companies,Commercial,Web Development,Web Development,Contractors,Service x Subservice Page,Medium,5,https://www.atwaterwebdesign.com/industries-we-serve/fence-company-websites,atwaterwebdesign.com,Atwater Web Design | Fence Company Websites,,browserbase
google ads for fence companies,382,Google Ads for Fence Companies,Commercial,Google PPC,Google PPC,Contractors,Paid Search Page,High,1,https://webtheoryppc.com/google-ads-for-fence-companies-a-complete-guide-to-boosting-leads-and-sales/,webtheoryppc.com,Google Ads for Fence Companies: A Complete Guide to Boosting Leads and Sales – Google Ads Management Services | WebTheory PPC,,browserbase
google ads for fence companies,382,Google Ads for Fence Companies,Commercial,Google PPC,Google PPC,Contractors,Paid Search Page,High,2,https://topqube.com/industries/fencing/google-ads/,topqube.com,Google Ads for Fence Companies | Topqube,,browserbase
google ads for fence companies,382,Google Ads for Fence Companies,Commercial,Google PPC,Google PPC,Contractors,Paid Search Page,High,3,https://www.sona.com/blog/google-ads-for-fence-contractors-a-comprehensive-setup-guide,sona.com,Google Ads for Fence Contractors: A Comprehensive Setup Guide | Sona,,browserbase
google ads for fence companies,382,Google Ads for Fence Companies,Commercial,Google PPC,Google PPC,Contractors,Paid Search Page,High,4,https://fencinglaunch.com/google-ads-for-fence-contractors/,fencinglaunch.com,Google Ads for Fence Contractors - FencingLaunch,,browserbase
google ads for fence companies,382,Google Ads for Fence Companies,Commercial,Google PPC,Google PPC,Contractors,Paid Search Page,High,5,https://builtrightdigital.com/fence-marketing-google-ads/,builtrightdigital.com,Google Ads for Fence Companies | Book More Install Jobs,,browserbase
seo for fence companies,383,SEO for Fence Companies,Commercial,SEO / AEO / GEO,SEO / AEO / GEO,Contractors,Organic Search Page,High,1,https://www.optuno.com/blog/seo-for-fence-companies,optuno.com,SEO for Fence Companies: How to Get More Installation Jobs,,browserbase
seo for fence companies,383,SEO for Fence Companies,Commercial,SEO / AEO / GEO,SEO / AEO / GEO,Contractors,Organic Search Page,High,2,https://rankpill.com/seo-for/fencing,rankpill.com,SEO for Fencing: The Complete 2026 Guide | RankPill,,browserbase
seo for fence companies,383,SEO for Fence Companies,Commercial,SEO / AEO / GEO,SEO / AEO / GEO,Contractors,Organic Search Page,High,3,https://authorityspecialist.com/industry/home/fencing-company,authorityspecialist.com,"Fencing Company SEO: Stop Renting Leads, Own Your Pipeline",,browserbase
seo for fence companies,383,SEO for Fence Companies,Commercial,SEO / AEO / GEO,SEO / AEO / GEO,Contractors,Organic Search Page,High,4,https://topqube.com/industries/fencing/seo/,topqube.com,SEO for Fence Companies | Rank Higher in Google | Topqube,,browserbase
seo for fence companies,383,SEO for Fence Companies,Commercial,SEO / AEO / GEO,SEO / AEO / GEO,Contractors,Organic Search Page,High,5,https://blog.gorizen.com/fence-company-seo-how-to-get-found-online-and-book-more-jobs,blog.gorizen.com,Fence Company SEO: How to Get Found Online and Book More Jobs,,browserbase
marketing for flooring companies,384,Marketing for Flooring Companies,Commercial,Industry,Full Stack,Contractors,Industry Subservice Page,High,1,https://vida.io/blog/flooring-company-marketing,vida.io,Flooring Company Marketing: Complete Growth Strategy Guide | Vida AI Agent OS,,browserbase
marketing for flooring companies,384,Marketing for Flooring Companies,Commercial,Industry,Full Stack,Contractors,Industry Subservice Page,High,2,https://www.bspkn.co/insights/flooring-contractor-marketing-generate-leads-2026/,bspkn.co,Flooring Contractor Marketing: Fill Your Installation Calendar in 2026 | BSPKN,,browserbase
marketing for flooring companies,384,Marketing for Flooring Companies,Commercial,Industry,Full Stack,Contractors,Industry Subservice Page,High,3,https://andrewryanmarketing.com/flooring-contractor-lead-generation/,andrewryanmarketing.com,Flooring Contractor Lead Generation → Stop Renting,,browserbase
marketing for flooring companies,384,Marketing for Flooring Companies,Commercial,Industry,Full Stack,Contractors,Industry Subservice Page,High,4,https://serpsgrowth.com/blog/marketing-strategies-for-flooring-companies/,serpsgrowth.com,Modern Marketing Strategies for Flooring Companies That Win More Clients,,browserbase
marketing for flooring companies,384,Marketing for Flooring Companies,Commercial,Industry,Full Stack,Contractors,Industry Subservice Page,High,5,https://floorlaunch.com/blog/crm-flooring-contractors,floorlaunch.com,How to Generate Flooring Leads in 2026: The Complete Guide,,browserbase
lead generation for flooring companies,385,Lead Generation for Flooring Companies,Commercial,Industry,Full Stack,Contractors,Industry Subservice Page,High,1,https://andrewryanmarketing.com/flooring-contractor-lead-generation/,andrewryanmarketing.com,Flooring Contractor Lead Generation → Stop Renting,,browserbase
lead generation for flooring companies,385,Lead Generation for Flooring Companies,Commercial,Industry,Full Stack,Contractors,Industry Subservice Page,High,2,https://floorlaunch.com/blog/crm-flooring-contractors,floorlaunch.com,How to Generate Flooring Leads in 2026: The Complete Guide,,browserbase
lead generation for flooring companies,385,Lead Generation for Flooring Companies,Commercial,Industry,Full Stack,Contractors,Industry Subservice Page,High,3,https://www.leadgen-economy.com/blog/flooring-lead-generation-contractors-complete-guide/,leadgen-economy.com,Flooring Lead Generation for Contractors: 2026 Guide,,browserbase
lead generation for flooring companies,385,Lead Generation for Flooring Companies,Commercial,Industry,Full Stack,Contractors,Industry Subservice Page,High,4,https://bluegridmedia.com/google-lsa-for-flooring-contractors,bluegridmedia.com,Google LSA for Flooring Contractors: More Jobs [2026],,browserbase
lead generation for flooring companies,385,Lead Generation for Flooring Companies,Commercial,Industry,Full Stack,Contractors,Industry Subservice Page,High,5,https://flooringproleads.com/,flooringproleads.com,Get On Average 30–50 Leads Every Month to Your Flooring Business,,browserbase
website design for flooring companies,386,Website Design for Flooring Companies,Commercial,Web Development,Web Development,Contractors,Service x Subservice Page,Medium,1,https://floorlaunch.com/flooring-websites/,floorlaunch.com,Websites That Drive More Flooring Leads,,browserbase
website design for flooring companies,386,Website Design for Flooring Companies,Commercial,Web Development,Web Development,Contractors,Service x Subservice Page,Medium,2,https://marketist.co/web-design/flooring/,marketist.co,Best Flooring Company Website Design Services | Marketist,,browserbase
website design for flooring companies,386,Website Design for Flooring Companies,Commercial,Web Development,Web Development,Contractors,Service x Subservice Page,Medium,3,https://nestasites.com/web-design/flooring/,nestasites.com,Flooring Website Design for SEO & Leads | Nesta Sites,,browserbase
website design for flooring companies,386,Website Design for Flooring Companies,Commercial,Web Development,Web Development,Contractors,Service x Subservice Page,Medium,4,https://www.elmerdrogt.com/sectors/web-digital-design-for-flooring-company/,elmerdrogt.com,Web & Digital Design for Flooring Companies | Elmer Drogt Graphic Design,,browserbase
website design for flooring companies,386,Website Design for Flooring Companies,Commercial,Web Development,Web Development,Contractors,Service x Subservice Page,Medium,5,https://www.limely.co.uk/sector/flooring-paving-tiles,limely.co.uk,"Flooring, Paving & Tile Websites | Web Design Expertise | Limely",,browserbase
google ads for flooring companies,387,Google Ads for Flooring Companies,Commercial,Google PPC,Google PPC,Contractors,Paid Search Page,High,1,https://truthdigital.co.uk/how-to-run-google-ads-for-flooring-boost-your-leads-in-2026/,truthdigital.co.uk,How to run Google Ads for flooring: boost your leads in 2026,,browserbase
google ads for flooring companies,387,Google Ads for Flooring Companies,Commercial,Google PPC,Google PPC,Contractors,Paid Search Page,High,2,https://getvibeads.com/google-ads-for/carpet-flooring,getvibeads.com,Google Ads for Carpet & Flooring | 🏗️ Expert Guide 2026 | VibeAds,,browserbase
google ads for flooring companies,387,Google Ads for Flooring Companies,Commercial,Google PPC,Google PPC,Contractors,Paid Search Page,High,3,https://perfoads.com/google-ads-benchmarks/flooring-contractors,perfoads.com,"Flooring Contractor Google Ads Benchmarks 2026 — CTR, CPC, CPL, Conversion Rate | Perfoads | PerfoAds",,browserbase
google ads for flooring companies,387,Google Ads for Flooring Companies,Commercial,Google PPC,Google PPC,Contractors,Paid Search Page,High,4,https://www.mikencube.com/blog/google-ads-for-flooring-installers-10-proven-ways-to-set-up-an-effective-campaign/,mikencube.com,Google Ads for Flooring Installers: 10 Proven Ways to Set up an Effective Campaign - Mike Ncube,,browserbase
google ads for flooring companies,387,Google Ads for Flooring Companies,Commercial,Google PPC,Google PPC,Contractors,Paid Search Page,High,5,https://www.websolutions.ph/google-ads-for-flooring-stores-3-setup-fixes-that-actually-work/,websolutions.ph,Google Ads for Flooring Stores: 3 Setup Fixes That Actually Work – Web Solutions PH,,browserbase
seo for flooring companies,388,SEO for Flooring Companies,Commercial,SEO / AEO / GEO,SEO / AEO / GEO,Contractors,Organic Search Page,High,1,https://www.webfx.com/blog/home-services/flooring-seo-guide/,webfx.com,SEO for Flooring Companies That Turns Online Searches Into Sales,,browserbase
seo for flooring companies,388,SEO for Flooring Companies,Commercial,SEO / AEO / GEO,SEO / AEO / GEO,Contractors,Organic Search Page,High,2,https://comradeweb.com/blog/seo-tips-for-flooring-companies/,comradeweb.com,Flooring Company SEO: How to Rank Higher on Google Maps,,browserbase
seo for flooring companies,388,SEO for Flooring Companies,Commercial,SEO / AEO / GEO,SEO / AEO / GEO,Contractors,Organic Search Page,High,3,https://jasonpittock.com/blog/flooring-installers-seo/,jasonpittock.com,Flooring Installers SEO Guide: Unlock Organic Visibility and Grow in 2025 - Jason Pittock,,browserbase
seo for flooring companies,388,SEO for Flooring Companies,Commercial,SEO / AEO / GEO,SEO / AEO / GEO,Contractors,Organic Search Page,High,4,https://ifda.ai/google-local-seo-guide/,ifda.ai,Google Local SEO Guide: How To Rank In The Map Pack In 2026 - ifda.ai: Flooring Dealer Advertising,,browserbase
seo for flooring companies,388,SEO for Flooring Companies,Commercial,SEO / AEO / GEO,SEO / AEO / GEO,Contractors,Organic Search Page,High,5,https://congero.com.au/blog/business-types/seo-for-carpet--flooring-stores/,congero.com.au,SEO for Carpet & Flooring Stores — Increase Local Leads & Bookings in 2025 | Congero,,browserbase
marketing for restoration companies,389,Marketing for Restoration Companies,Commercial,Industry,Full Stack,Contractors,Industry Subservice Page,High,1,https://tygartmedia.com/restoration-marketing-complete-guide/,tygartmedia.com,The Complete Restoration Marketing Guide for 2026 - Tygart Media,,browserbase
marketing for restoration companies,389,Marketing for Restoration Companies,Commercial,Industry,Full Stack,Contractors,Industry Subservice Page,High,2,https://tygartmedia.com/restoration-lead-generation-master-guide/,tygartmedia.com,Restoration Lead Generation: The Complete 2026 Operator's Guide - Tygart Media,,browserbase
marketing for restoration companies,389,Marketing for Restoration Companies,Commercial,Industry,Full Stack,Contractors,Industry Subservice Page,High,3,https://restorationinbound.com/restoration-marketing/,restorationinbound.com,Restoration Marketing: The Complete Growth Guide,,browserbase
marketing for restoration companies,389,Marketing for Restoration Companies,Commercial,Industry,Full Stack,Contractors,Industry Subservice Page,High,4,https://the-rmg.com/2026-digital-marketing-plan-for-damage-restoration-companies-seo-aeo-ppc-lsa-and-ai-strategy/,the-rmg.com,"2026 Digital Marketing Plan for Damage Restoration Companies: SEO, AEO, PPC, LSA, and AI Strategy - Restoration Marketing Group | Water Damage Marketing",,browserbase
marketing for restoration companies,389,Marketing for Restoration Companies,Commercial,Industry,Full Stack,Contractors,Industry Subservice Page,High,5,https://extuitive.com/articles/marketing-ideas-for-restoration-company,extuitive.com,Marketing Ideas for Restoration Company: Top Strategies in 2026,,browserbase
lead generation for restoration companies,390,Lead Generation for Restoration Companies,Commercial,Industry,Full Stack,Contractors,Industry Subservice Page,High,1,https://tygartmedia.com/restoration-lead-generation-master-guide/,tygartmedia.com,Restoration Lead Generation: The Complete 2026 Operator's Guide - Tygart Media,,browserbase
lead generation for restoration companies,390,Lead Generation for Restoration Companies,Commercial,Industry,Full Stack,Contractors,Industry Subservice Page,High,2,https://www.webfx.com/blog/home-services/restoration-lead-generation-guide/,webfx.com,Lead Generation for Restoration Companies (+4 Proven Strategies),,browserbase
lead generation for restoration companies,390,Lead Generation for Restoration Companies,Commercial,Industry,Full Stack,Contractors,Industry Subservice Page,High,3,https://waterrestorationmarketing.com/7-best-lead-generation-tactics-for-restoration-companies/,waterrestorationmarketing.com,7 Best Lead Generation Tactics for Restoration Companies - Water Restoration Marketing,,browserbase
lead generation for restoration companies,390,Lead Generation for Restoration Companies,Commercial,Industry,Full Stack,Contractors,Industry Subservice Page,High,4,https://hawkeyedigital.io/the-complete-guide-to-marketing-for-restoration-contractors-how-to-get-consistent-leads-and-build-a-business-worth-more/,hawkeyedigital.io,The Complete Guide to Marketing for Restoration Contractors: How to Get Consistent Leads and Build a Business Worth More - HawkEye™ Digital,,browserbase
lead generation for restoration companies,390,Lead Generation for Restoration Companies,Commercial,Industry,Full Stack,Contractors,Industry Subservice Page,High,5,https://pushleads.com/restoration-company-seo/lead-generation/,pushleads.com,Restoration Lead Generation: Build a Predictable Pipeline Beyond Emergency Calls - PushLeads | Asheville SEO Services,,browserbase
website design for restoration companies,391,Website Design for Restoration Companies,Commercial,Web Development,Web Development,Contractors,Service x Subservice Page,Medium,1,https://fervorstudio.ca/services/booked-by-design/restoration/,fervorstudio.ca,Restoration Web Design That Books Jobs at 2 AM | Fervor Studio,,browserbase
website design for restoration companies,391,Website Design for Restoration Companies,Commercial,Web Development,Web Development,Contractors,Service x Subservice Page,Medium,2,https://www.andava.com/restoration-marketing/web-design/,andava.com,"Restoration Web Design Built for Speed, Trust & Leads",,browserbase
website design for restoration companies,391,Website Design for Restoration Companies,Commercial,Web Development,Web Development,Contractors,Service x Subservice Page,Medium,3,https://remediationrestorationmarketing.com/services/web-design/,remediationrestorationmarketing.com,Restoration Web Design | Remediation & Restoration Marketing,,browserbase
website design for restoration companies,391,Website Design for Restoration Companies,Commercial,Web Development,Web Development,Contractors,Service x Subservice Page,Medium,4,https://serpremeseo.com/construction-marketing/damage-restoration/,serpremeseo.com,Digital Marketing & Website Design for Damage Restoration Firms,,browserbase
website design for restoration companies,391,Website Design for Restoration Companies,Commercial,Web Development,Web Development,Contractors,Service x Subservice Page,Medium,5,https://uptickcreative.com/restoration-web-design/,uptickcreative.com,Uptick Creative | Restoration Web Design Agency,,browserbase
google ads for restoration companies,392,Google Ads for Restoration Companies,Commercial,Google PPC,Google PPC,Contractors,Paid Search Page,High,1,https://7ten.marketing/how-to-run-google-ads-for-restoration/,7ten.marketing,How to Run Google Ads for Restoration Services,,browserbase
google ads for restoration companies,392,Google Ads for Restoration Companies,Commercial,Google PPC,Google PPC,Contractors,Paid Search Page,High,2,https://tygartmedia.com/pay-per-click-for-restoration-companies-the-discovery-to-exact-protocol-that-cuts-wasted-spend-by-60/,tygartmedia.com,Pay-Per-Click for Restoration Companies: The Discovery-to-Exact Protocol That Cuts Wasted Spend by 60% - Tygart Media,,browserbase
google ads for restoration companies,392,Google Ads for Restoration Companies,Commercial,Google PPC,Google PPC,Contractors,Paid Search Page,High,3,https://yoyofumedia.com/google-ads-for-restoration-companies/,yoyofumedia.com,Google Ads For Restoration Companies 2026 - Easy Step By Step Guide For Water Damage Restoration Services - YoYoFuMedia,,browserbase
google ads for restoration companies,392,Google Ads for Restoration Companies,Commercial,Google PPC,Google PPC,Contractors,Paid Search Page,High,4,https://waterrestorationmarketing.com/water-restoration-google-ads-11-ways-to-lower-costs-win-jobs/,waterrestorationmarketing.com,Water Restoration Google Ads: 11 Ways to Lower Costs & Win Jobs - Water Restoration Marketing,,browserbase
google ads for restoration companies,392,Google Ads for Restoration Companies,Commercial,Google PPC,Google PPC,Contractors,Paid Search Page,High,5,https://tygartmedia.com/lsas-vs-google-ads-vs-seo-for-restoration-companies-in-2026-the-channel-comparison-vendors-wont-show-you/,tygartmedia.com,LSAs vs Google Ads vs SEO for Restoration Companies in 2026: The Channel Comparison Vendors Won't Show You - Tygart Media,,browserbase
seo for restoration companies,393,SEO for Restoration Companies,Commercial,SEO / AEO / GEO,SEO / AEO / GEO,Contractors,Organic Search Page,High,1,https://pushleads.com/restoration-company-seo/restoration-company-seo/,pushleads.com,Restoration Company SEO: The Complete 2026 Search Optimization Guide,,browserbase
seo for restoration companies,393,SEO for Restoration Companies,Commercial,SEO / AEO / GEO,SEO / AEO / GEO,Contractors,Organic Search Page,High,2,https://tygartmedia.com/the-restoration-companys-local-seo-playbook-for-2026-what-actually-moves-rankings/,tygartmedia.com,The Restoration Company's Local SEO Playbook for 2026: What Actually Moves Rankings - Tygart Media,,browserbase
seo for restoration companies,393,SEO for Restoration Companies,Commercial,SEO / AEO / GEO,SEO / AEO / GEO,Contractors,Organic Search Page,High,3,https://www.flashcrafter.ai/restoration-marketing-growth-engine/seo-guide,flashcrafter.ai,Restoration SEO Guide 2026 | Rank #1 for Emergency | FlashCrafter,,browserbase
seo for restoration companies,393,SEO for Restoration Companies,Commercial,SEO / AEO / GEO,SEO / AEO / GEO,Contractors,Organic Search Page,High,4,https://www.webfx.com/blog/home-services/restoration-seo-guide/,webfx.com,SEO for Restoration Companies: 3 Strategies to Boost Rankings,,browserbase
seo for restoration companies,393,SEO for Restoration Companies,Commercial,SEO / AEO / GEO,SEO / AEO / GEO,Contractors,Organic Search Page,High,5,https://waterrestorationmarketing.com/seo-for-restoration-companies-proven-strategies-to-rank-higher/,waterrestorationmarketing.com,SEO for Restoration Companies: Proven Strategies to Rank Higher - Water Restoration Marketing,,browserbase
marketing for aesthetic clinics,394,Marketing for Aesthetic Clinics,Commercial,Industry,Full Stack,Med Spas,Industry Subservice Page,High,1,https://sitemancer.com/guide/complete-guide-aesthetic-and-medspa-clinics-marketing,sitemancer.com,Aesthetic & MedSpa Clinics Marketing Guide 2026,,browserbase
marketing for aesthetic clinics,394,Marketing for Aesthetic Clinics,Commercial,Industry,Full Stack,Med Spas,Industry Subservice Page,High,2,https://www.consentz.com/aesthetic-clinic-marketing/,consentz.com,Aesthetic Clinic Marketing: Complete Guide [2026] - Consentz,,browserbase
marketing for aesthetic clinics,394,Marketing for Aesthetic Clinics,Commercial,Industry,Full Stack,Med Spas,Industry Subservice Page,High,3,https://www.konmison.com/proven-marketing-plan-for-aesthetic-clinic/,konmison.com,Effective Marketing Plan for Aesthetic Clinic: Get Started | Konmison,,browserbase
marketing for aesthetic clinics,394,Marketing for Aesthetic Clinics,Commercial,Industry,Full Stack,Med Spas,Industry Subservice Page,High,4,https://themarketingjuice.com/marketing-plan-for-aesthetic-clinic/,themarketingjuice.com,Marketing Plan for Aesthetic Clinics: Build Trust First,,browserbase
marketing for aesthetic clinics,394,Marketing for Aesthetic Clinics,Commercial,Industry,Full Stack,Med Spas,Industry Subservice Page,High,5,https://ad2place-digital.net/en/blog/digital-marketing-clinics-complete-guide/,ad2place-digital.net,Digital marketing for clinics: 2026 guide (aesthetic + physio) | Ad2Place Digital,,browserbase
lead generation for aesthetic clinics,395,Lead Generation for Aesthetic Clinics,Commercial,Industry,Full Stack,Med Spas,Industry Subservice Page,High,1,https://surgeaio.com/blog/lead-generation-for-aesthetic-clinics/,surgeaio.com,Lead Generation for Aesthetic Clinics That Drive Growth,,browserbase
lead generation for aesthetic clinics,395,Lead Generation for Aesthetic Clinics,Commercial,Industry,Full Stack,Med Spas,Industry Subservice Page,High,2,https://sitemancer.com/guide/complete-guide-aesthetic-and-medspa-clinics-marketing,sitemancer.com,Aesthetic & MedSpa Clinics Marketing Guide 2026,,browserbase
lead generation for aesthetic clinics,395,Lead Generation for Aesthetic Clinics,Commercial,Industry,Full Stack,Med Spas,Industry Subservice Page,High,3,https://skinspire.agency/aesthetic-clinic-digital-marketing/aesthetic-clinic-lead-generation/,skinspire.agency,Aesthetic Clinic Lead Generation System | Skinspire,,browserbase
lead generation for aesthetic clinics,395,Lead Generation for Aesthetic Clinics,Commercial,Industry,Full Stack,Med Spas,Industry Subservice Page,High,4,https://toopixels.com/top-lead-generation-tactics-for-aesthetics-clinics/,toopixels.com,5 Top Lead Generation Tactics for Aesthetics Clinics,,browserbase
lead generation for aesthetic clinics,395,Lead Generation for Aesthetic Clinics,Commercial,Industry,Full Stack,Med Spas,Industry Subservice Page,High,5,https://wolfable.com/google-ads-for-aesthetic-clinics-guide/,wolfable.com,Google Ads for Cosmetic & Aesthetic Clinics | Complete PPC Guide,,browserbase
website design for aesthetic clinics,396,Website Design for Aesthetic Clinics,Commercial,Web Development,Web Development,Med Spas,Service x Subservice Page,Medium,1,https://www.nascenture.com/aesthetic-clinic-website-design/,nascenture.com,Website Design Services for Aesthetic Clinics | Nascenture,,browserbase
website design for aesthetic clinics,396,Website Design for Aesthetic Clinics,Commercial,Web Development,Web Development,Med Spas,Service x Subservice Page,Medium,2,https://skinspire.agency/aesthetic-clinic-digital-marketing/aesthetic-clinic-website-design/,skinspire.agency,Aesthetic Clinic Web Design That Converts Patients | Skinspire,,browserbase
website design for aesthetic clinics,396,Website Design for Aesthetic Clinics,Commercial,Web Development,Web Development,Med Spas,Service x Subservice Page,Medium,3,https://tmncreative.com/med-spa,tmncreative.com,Med Spa Website Design Agency · TMN Creative,,browserbase
website design for aesthetic clinics,396,Website Design for Aesthetic Clinics,Commercial,Web Development,Web Development,Med Spas,Service x Subservice Page,Medium,4,https://smply.studio/aesthetic-clinic-website-design/,smply.studio,Grow your business with aesthetic clinic website design services,,browserbase
website design for aesthetic clinics,396,Website Design for Aesthetic Clinics,Commercial,Web Development,Web Development,Med Spas,Service x Subservice Page,Medium,5,https://kgwebdesigner.com/web-design-services/health-beauty-wellness-website/skin-aesthetic-clinic-website-design/,kgwebdesigner.com,Skin & Aesthetic Clinic Website Design | Luxury Branding & SEO,,browserbase
google ads for aesthetic clinics,397,Google Ads for Aesthetic Clinics,Commercial,Google PPC,Google PPC,Med Spas,Paid Search Page,High,1,https://wolfable.com/google-ads-for-aesthetic-clinics-guide/,wolfable.com,Google Ads for Cosmetic & Aesthetic Clinics | Complete PPC Guide,,browserbase
google ads for aesthetic clinics,397,Google Ads for Aesthetic Clinics,Commercial,Google PPC,Google PPC,Med Spas,Paid Search Page,High,2,https://upmedico.com/aesthetic-clinic-google-ads-uk/,upmedico.com,"Aesthetic Clinic Google Ads UK: Structure, Policy & CPA- Top Healthcare Digital Marketing Agency in the UK and Ireland",,browserbase
google ads for aesthetic clinics,397,Google Ads for Aesthetic Clinics,Commercial,Google PPC,Google PPC,Med Spas,Paid Search Page,High,3,https://aestheticmarketing.net/solutions/google-ads-pay-per-click-management/,aestheticmarketing.net,"Google Ads for Medspas, Studios & Clinics | Pay-Per Click Management",,browserbase
google ads for aesthetic clinics,397,Google Ads for Aesthetic Clinics,Commercial,Google PPC,Google PPC,Med Spas,Paid Search Page,High,4,https://clinicgrower.com/google-ads-for-med-spas/,clinicgrower.com,"Google Ads for Med Spas: Setup, Strategy & Optimization Guide (2025)",,browserbase
google ads for aesthetic clinics,397,Google Ads for Aesthetic Clinics,Commercial,Google PPC,Google PPC,Med Spas,Paid Search Page,High,5,https://clinicgrower.co.uk/blog/how-to-get-more-aesthetic-patients-with-google-ads-a-complete-growth-blueprint/,clinicgrower.co.uk,Get More Aesthetic Patients with Google Ads | Growth Blueprint,,browserbase
seo for aesthetic clinics,398,SEO for Aesthetic Clinics,Commercial,SEO / AEO / GEO,SEO / AEO / GEO,Med Spas,Organic Search Page,High,1,https://wolfable.com/seo-strategy-for-aesthetic-clinics/,wolfable.com,SEO for Aesthetic Clinics: Ranking for High-Intent Treatment Keywords,,browserbase
seo for aesthetic clinics,398,SEO for Aesthetic Clinics,Commercial,SEO / AEO / GEO,SEO / AEO / GEO,Med Spas,Organic Search Page,High,2,https://luxedigitalcollective.co/seo-for-aesthetic-clinics-2026-how-to-rank-for-botox-fillers-more-locally/,luxedigitalcollective.co,SEO for Aesthetic Clinics 2026: How to Rank Better Locally,,browserbase
seo for aesthetic clinics,398,SEO for Aesthetic Clinics,Commercial,SEO / AEO / GEO,SEO / AEO / GEO,Med Spas,Organic Search Page,High,3,https://fertile.digital/insights/seo-for-aesthetic-clinics-ranking-locally-without-breaking-advertising-rules/,fertile.digital,SEO for Aesthetic Clinics: Ranking Locally Without Breaking Advertising Rules,,browserbase
seo for aesthetic clinics,398,SEO for Aesthetic Clinics,Commercial,SEO / AEO / GEO,SEO / AEO / GEO,Med Spas,Organic Search Page,High,4,https://clinicgrower.co.uk/seo-guide-for-aesthetic-clinics/,clinicgrower.co.uk,SEO Guide for Aesthetic Clinics | Rank Higher on Google,,browserbase
seo for aesthetic clinics,398,SEO for Aesthetic Clinics,Commercial,SEO / AEO / GEO,SEO / AEO / GEO,Med Spas,Organic Search Page,High,5,https://digitalismedical.com/blog/medical-aesthetics-marketing/,digitalismedical.com,SEO Strategy for Medical Aesthetics: How to Dominate Search in 2025 — Digitalis Medical,,browserbase
marketing for injectables,399,Marketing for Injectables,Commercial,Industry,Full Stack,Med Spas,Industry Subservice Page,High,1,https://sproutsagesolutions.com/botox-marketing-medspa-guide-2026/,sproutsagesolutions.com,Botox Marketing for Medspas: How to Fill Your Injection Schedule in 2026,,browserbase
marketing for injectables,399,Marketing for Injectables,Commercial,Industry,Full Stack,Med Spas,Industry Subservice Page,High,2,https://thinkbasis.com/articles/botox-marketing-ideas/,thinkbasis.com,Botox Marketing Ideas: What Actually Fills Your Injection Schedule | Think Basis,,browserbase
marketing for injectables,399,Marketing for Injectables,Commercial,Industry,Full Stack,Med Spas,Industry Subservice Page,High,3,https://www.medicalmarketinggroup.com.au/industries/cosmetic-injectables/,medicalmarketinggroup.com.au,Cosmetic Injectables Marketing | Medical Marketing Group,,browserbase
marketing for injectables,399,Marketing for Injectables,Commercial,Industry,Full Stack,Med Spas,Industry Subservice Page,High,4,https://www.zioadvertising.com/services/seo-agency/botox,zioadvertising.com,Botox Marketing Agency: SEO & Ads for Botox Clinics | Zio,,browserbase
marketing for injectables,399,Marketing for Injectables,Commercial,Industry,Full Stack,Med Spas,Industry Subservice Page,High,5,https://sproutsagesolutions.com/medspa-marketing-np-pa-injector-2026/,sproutsagesolutions.com,"Medspa Marketing for NPs, PAs, and Nurse Injectors: How to Build a Full Schedule When You're Also the Clinician",,browserbase
lead generation for injectables,400,Lead Generation for Injectables,Commercial,Industry,Full Stack,Med Spas,Industry Subservice Page,High,1,https://skinspire.agency/aesthetic-clinic-digital-marketing/aesthetic-clinic-lead-generation/,skinspire.agency,Aesthetic Clinic Lead Generation System | Skinspire,,browserbase
lead generation for injectables,400,Lead Generation for Injectables,Commercial,Industry,Full Stack,Med Spas,Industry Subservice Page,High,2,https://sproutsagesolutions.com/botox-marketing-medspa-guide-2026/,sproutsagesolutions.com,Botox Marketing for Medspas: How to Fill Your Injection Schedule in 2026,,browserbase
lead generation for injectables,400,Lead Generation for Injectables,Commercial,Industry,Full Stack,Med Spas,Industry Subservice Page,High,3,https://www.zioadvertising.com/services/seo-agency/botox,zioadvertising.com,Botox Marketing Agency: SEO & Ads for Botox Clinics | Zio,,browserbase
lead generation for injectables,400,Lead Generation for Injectables,Commercial,Industry,Full Stack,Med Spas,Industry Subservice Page,High,4,https://clinicgrower.co.uk/anti-wrinkle-treatment-marketing/,clinicgrower.co.uk,Get More Anti-Wrinkle Injection Patients | Clinic Marketing,,browserbase
lead generation for injectables,400,Lead Generation for Injectables,Commercial,Industry,Full Stack,Med Spas,Industry Subservice Page,High,5,https://injectmarketing.io/home,injectmarketing.io,Inject Marketing | Revenue Systems for Med Spas & Home Improvement Contractors,,browserbase
website design for injectables,401,Website Design for Injectables,Commercial,Web Development,Web Development,Med Spas,Service x Subservice Page,Medium,1,https://www.revancex.com/result/restorative-injectables,revancex.com,Restorative Injectables | Case Study,,browserbase
website design for injectables,401,Website Design for Injectables,Commercial,Web Development,Web Development,Med Spas,Service x Subservice Page,Medium,2,https://tmncreative.com/med-spa,tmncreative.com,Med Spa Website Design Agency · TMN Creative,,browserbase
website design for injectables,401,Website Design for Injectables,Commercial,Web Development,Web Development,Med Spas,Service x Subservice Page,Medium,3,https://www.abigailregucera.com/portfolio/subtle-enhancements,abigailregucera.com,Brand and Web Design for Nurse Injector — Abigail Regucera Design,,browserbase
website design for injectables,401,Website Design for Injectables,Commercial,Web Development,Web Development,Med Spas,Service x Subservice Page,Medium,4,https://www.wakefieldwebsitedesign.co.uk/projects/injection-clinic/,wakefieldwebsitedesign.co.uk,Injection Clinic website redesign & SEO | Medical website redesign,,browserbase
website design for injectables,401,Website Design for Injectables,Commercial,Web Development,Web Development,Med Spas,Service x Subservice Page,Medium,5,https://thecoolmoon.com/injekt-studio/,thecoolmoon.com,Injekt Studio — Web Design & Development - The Cool Moon,,browserbase
google ads for injectables,402,Google Ads for Injectables,Commercial,Google PPC,Google PPC,Med Spas,Paid Search Page,High,1,https://pracxcel.com.au/running-google-ads-for-cosmetic-injectables-dos-and-donts-in-2026/,pracxcel.com.au,Running Google Ads For Cosmetic Injectables: Dos And Don’ts In 2026 | Pracxcel,,browserbase
google ads for injectables,402,Google Ads for Injectables,Commercial,Google PPC,Google PPC,Med Spas,Paid Search Page,High,2,https://bestppcfirm.com/blog/how-to-advertise-botox-and-fillers-legally,bestppcfirm.com,How to Advertise Botox and Fillers Legally: PPC Compliance Guide for MedSpas | BestPPC Blog | BestPPC,,browserbase
google ads for injectables,402,Google Ads for Injectables,Commercial,Google PPC,Google PPC,Med Spas,Paid Search Page,High,3,https://www.deangarland.com/insights/google-ads-botox-campaign/,deangarland.com,How to Craft a Google Ads Campaign for Botox | Dean Garland Insights,,browserbase
google ads for injectables,402,Google Ads for Injectables,Commercial,Google PPC,Google PPC,Med Spas,Paid Search Page,High,4,https://bestppcfirm.com/blog/why-med-spa-google-ads-fail-without-offer-segmentation,bestppcfirm.com,Why Med Spa Google Ads Fail Without Proper Offer Segmentation | BestPPC Blog | BestPPC,,browserbase
google ads for injectables,402,Google Ads for Injectables,Commercial,Google PPC,Google PPC,Med Spas,Paid Search Page,High,5,https://clinicgrower.com/google-ads-for-med-spas/,clinicgrower.com,"Google Ads for Med Spas: Setup, Strategy & Optimization Guide (2025)",,browserbase
seo for injectables,403,SEO for Injectables,Commercial,SEO / AEO / GEO,SEO / AEO / GEO,Med Spas,Organic Search Page,High,1,https://www.vistrane.com/knowledge-blog/botox-seo-strategy,vistrane.com,Botox SEO Strategy for Med Spas That Want More Injectable A...,,browserbase
seo for injectables,403,SEO for Injectables,Commercial,SEO / AEO / GEO,SEO / AEO / GEO,Med Spas,Organic Search Page,High,2,https://www.phenyx.co/post/seo-for-med-spas-how-to-rank-1-for-botox-near-me-in-your-city,phenyx.co,"SEO for Med Spas: How to Rank #1 for ""Botox Near Me"" in Your City - PHENYX",,browserbase
seo for injectables,403,SEO for Injectables,Commercial,SEO / AEO / GEO,SEO / AEO / GEO,Med Spas,Organic Search Page,High,3,https://www.ranktracker.com/blog/aesthetic-nurse-injector-seo/,ranktracker.com,Aesthetic Nurse Injector SEO: Boost Local Visibility and Fill Your Treatment Calendar,,browserbase
seo for injectables,403,SEO for Injectables,Commercial,SEO / AEO / GEO,SEO / AEO / GEO,Med Spas,Organic Search Page,High,4,https://sproutsagesolutions.com/botox-marketing-medspa-guide-2026/,sproutsagesolutions.com,Botox Marketing for Medspas: How to Fill Your Injection Schedule in 2026,,browserbase
seo for injectables,403,SEO for Injectables,Commercial,SEO / AEO / GEO,SEO / AEO / GEO,Med Spas,Organic Search Page,High,5,https://www.seotakeoff.com/blog/seo-for-med-spas-complete-guide,seotakeoff.com,SEO for Med Spas: The Complete Guide | SEOTakeoff Blog,,browserbase
marketing for laser hair removal,404,Marketing for Laser Hair Removal,Commercial,Industry,Full Stack,Med Spas,Industry Subservice Page,High,1,https://medspamarketpro.com/laser-hair-removal-marketing-ideas/,medspamarketpro.com,Best Laser Hair Removal Marketing Ideas for MedSpas,,browserbase
marketing for laser hair removal,404,Marketing for Laser Hair Removal,Commercial,Industry,Full Stack,Med Spas,Industry Subservice Page,High,2,https://pronkmedspamarketing.com/blog/laser-hair-removal-marketing/,pronkmedspamarketing.com,Laser Hair Removal Marketing: Fill Your Schedule Year-Round | Pronk,,browserbase
marketing for laser hair removal,404,Marketing for Laser Hair Removal,Commercial,Industry,Full Stack,Med Spas,Industry Subservice Page,High,3,https://themedspaagency.com/laser-hair-removal-marketing/,themedspaagency.com,Laser Hair Removal Marketing in 2025 - The Med Spa Agency,,browserbase
marketing for laser hair removal,404,Marketing for Laser Hair Removal,Commercial,Industry,Full Stack,Med Spas,Industry Subservice Page,High,4,https://invigomedia.com/medical-marketing/marketing-strategy-for-laser-hair-removal/,invigomedia.com,Smooth Sales: A High-Converting Marketing Strategy for Laser Hair Removal - invigoMEDIA,,browserbase
marketing for laser hair removal,404,Marketing for Laser Hair Removal,Commercial,Industry,Full Stack,Med Spas,Industry Subservice Page,High,5,https://www.getweave.com/laser-hair-removal-advertising/,getweave.com,Laser Hair Removal Advertising Strategies for Med Spas | Weave,,browserbase
lead generation for laser hair removal,405,Lead Generation for Laser Hair Removal,Commercial,Industry,Full Stack,Med Spas,Industry Subservice Page,High,1,https://medspamarketpro.com/laser-hair-removal-marketing/,medspamarketpro.com,Laser Hair Removal Marketing Services for MedSpas | MedspaMarketPro,,browserbase
lead generation for laser hair removal,405,Lead Generation for Laser Hair Removal,Commercial,Industry,Full Stack,Med Spas,Industry Subservice Page,High,2,https://www.zioadvertising.com/services/seo-agency/laser-hair-removal,zioadvertising.com,Laser Hair Removal Marketing: SEO & Ads for Hair Removal Clinics,,browserbase
lead generation for laser hair removal,405,Lead Generation for Laser Hair Removal,Commercial,Industry,Full Stack,Med Spas,Industry Subservice Page,High,3,https://clinicgrower.co.uk/blog/laser-hair-removal-growth/,clinicgrower.co.uk,How to Scale Laser Hair Removal Revenue,,browserbase
lead generation for laser hair removal,405,Lead Generation for Laser Hair Removal,Commercial,Industry,Full Stack,Med Spas,Industry Subservice Page,High,4,https://sproutsagesolutions.com/medspa-marketing/laser-hair-removal-marketing/,sproutsagesolutions.com,Laser Hair Removal Marketing for Medspas — Fill Your LHR Schedule Year-Round,,browserbase
lead generation for laser hair removal,405,Lead Generation for Laser Hair Removal,Commercial,Industry,Full Stack,Med Spas,Industry Subservice Page,High,5,https://www.trmg.io/industries/laser-hair-removal,trmg.io,Laser Hair Removal Ads | TRMG,,browserbase
website design for laser hair removal,406,Website Design for Laser Hair Removal,Commercial,Web Development,Web Development,Med Spas,Service x Subservice Page,Medium,1,https://contra.com/p/QZXQ2M2X-branding-and-web-designdevelopment-for-hair-removal-laser-clinic,contra.com,Branding & Web Design/Development For Hair Removal Laser Clinic  by Sarah Marouan,,browserbase
website design for laser hair removal,406,Website Design for Laser Hair Removal,Commercial,Web Development,Web Development,Med Spas,Service x Subservice Page,Medium,2,https://wnauts.com/project/landing-page-for-laser-hair-removal-studio/,wnauts.com,Case Study: Landing Page for Laser Hair Removal Studio Development,,browserbase
website design for laser hair removal,406,Website Design for Laser Hair Removal,Commercial,Web Development,Web Development,Med Spas,Service x Subservice Page,Medium,3,https://www.perfectwebcreations.com/case-studies/electra-laser-hair-removal-skin-rejuvenation-experts/,perfectwebcreations.com,Case Study: Website Re-design for Electra Laser Hair Removal Vancouver,,browserbase
website design for laser hair removal,406,Website Design for Laser Hair Removal,Commercial,Web Development,Web Development,Med Spas,Service x Subservice Page,Medium,4,https://dcpweb.co.uk/portfolio/precision-laser-clinic-wordpress-web-design,dcpweb.co.uk,Precision Laser Clinic - WordPress Web Design - DCP,,browserbase
website design for laser hair removal,406,Website Design for Laser Hair Removal,Commercial,Web Development,Web Development,Med Spas,Service x Subservice Page,Medium,5,https://www.vagaro.com/learn/laser-hair-removal-website-designs,vagaro.com,Top Laser Hair Removal Website Designs,,browserbase
google ads for laser hair removal,407,Google Ads for Laser Hair Removal,Commercial,Google PPC,Google PPC,Med Spas,Paid Search Page,High,1,https://pronkmedspamarketing.com/blog/laser-hair-removal-marketing/,pronkmedspamarketing.com,Laser Hair Removal Marketing: Fill Your Schedule Year-Round | Pronk,,browserbase
google ads for laser hair removal,407,Google Ads for Laser Hair Removal,Commercial,Google PPC,Google PPC,Med Spas,Paid Search Page,High,2,https://insidea.com/blog/marketing/hair-removal-services/google-ads-strategy-for-hair-removal-services/,insidea.com,Google Ads Strategy for Hair Removal Services - INSIDEA,,browserbase
google ads for laser hair removal,407,Google Ads for Laser Hair Removal,Commercial,Google PPC,Google PPC,Med Spas,Paid Search Page,High,3,https://clinicgrower.com/google-ads-for-med-spas/,clinicgrower.com,"Google Ads for Med Spas: Setup, Strategy & Optimization Guide (2025)",,browserbase
google ads for laser hair removal,407,Google Ads for Laser Hair Removal,Commercial,Google PPC,Google PPC,Med Spas,Paid Search Page,High,4,https://www.zioadvertising.com/services/seo-agency/laser-hair-removal,zioadvertising.com,Laser Hair Removal Marketing: SEO & Ads for Hair Removal Clinics,,browserbase
google ads for laser hair removal,407,Google Ads for Laser Hair Removal,Commercial,Google PPC,Google PPC,Med Spas,Paid Search Page,High,5,https://atlant.digital/en/cases/laser-brno-how-we-reduced-lead-prices-by-71-and-built-a-scalable-advertising-strategy-for-a-laser-hair-removal-studio-in-europe,atlant.digital,Laser Brno: How we reduced lead prices by 71% and built a scalable advertising strategy for a laser hair removal studio in Europe | Atlant Digital,,browserbase
seo for laser hair removal,408,SEO for Laser Hair Removal,Commercial,SEO / AEO / GEO,SEO / AEO / GEO,Med Spas,Organic Search Page,High,1,https://wolfable.com/uk/laser-hair-removal-seo-strategy/,wolfable.com,Laser Hair Removal SEO Strategy: The 2026 Growth Playbook | Wolfable,,browserbase
seo for laser hair removal,408,SEO for Laser Hair Removal,Commercial,SEO / AEO / GEO,SEO / AEO / GEO,Med Spas,Organic Search Page,High,2,https://healthcare-seo-agency.com/laser-hair-removal-seo/,healthcare-seo-agency.com,Laser Hair Removal SEO - SEO For Laser Hair Removals - Healthcare SEO,,browserbase
seo for laser hair removal,408,SEO for Laser Hair Removal,Commercial,SEO / AEO / GEO,SEO / AEO / GEO,Med Spas,Organic Search Page,High,3,https://rankandrejuvenate.com/laser-hair-removal-seo/,rankandrejuvenate.com,Laser Hair Removal SEO,,browserbase
seo for laser hair removal,408,SEO for Laser Hair Removal,Commercial,SEO / AEO / GEO,SEO / AEO / GEO,Med Spas,Organic Search Page,High,4,https://pronkmedspamarketing.com/blog/laser-hair-removal-marketing/,pronkmedspamarketing.com,Laser Hair Removal Marketing: Fill Your Schedule Year-Round | Pronk,,browserbase
seo for laser hair removal,408,SEO for Laser Hair Removal,Commercial,SEO / AEO / GEO,SEO / AEO / GEO,Med Spas,Organic Search Page,High,5,https://themedspaagency.com/laser-hair-removal-marketing/,themedspaagency.com,Laser Hair Removal Marketing in 2025 - The Med Spa Agency,,browserbase
