#,Primary Keyword,Recommended Page Title,Intent,Category,Service,Industry / Market,Page Type,Priority,Notes,Source URL
1,digital marketing agency for service businesses,Digital Marketing Agency for Service Businesses,Commercial,Core,Full Stack,All Service Businesses,Core Landing Page,Highest,Primary money/positioning page.,https://simplufy.com/
2,marketing agency for contractors,Marketing Agency for Contractors,Commercial,Core,Full Stack,All Service Businesses,Core Landing Page,Highest,Primary money/positioning page.,https://simplufy.com/
3,marketing agency for local service businesses,Marketing Agency for Local Service Businesses,Commercial,Core,Full Stack,All Service Businesses,Core Landing Page,Highest,Primary money/positioning page.,https://simplufy.com/
4,service business marketing agency,Service Business Marketing Agency,Commercial,Core,Full Stack,All Service Businesses,Core Landing Page,Highest,Primary money/positioning page.,https://simplufy.com/
5,lead generation agency for service businesses,Lead Generation Agency for Service Businesses,Commercial,Core,Full Stack,All Service Businesses,Core Landing Page,Highest,Primary money/positioning page.,https://simplufy.com/
6,website crm and ads for service businesses,"Website, CRM, and Ads for Service Businesses",Commercial,Core,Full Stack,All Service Businesses,Core Landing Page,Highest,Primary money/positioning page.,https://simplufy.com/
7,ai marketing agency for service businesses,AI Marketing Agency for Service Businesses,Commercial,Core,Full Stack,All Service Businesses,Core Landing Page,Highest,Primary money/positioning page.,https://simplufy.com/
8,local service business growth system,Local Service Business Growth System,Commercial,Core,Full Stack,All Service Businesses,Core Landing Page,Highest,Primary money/positioning page.,https://simplufy.com/
9,service business lead management system,Service Business Lead Management System,Commercial,Core,Full Stack,All Service Businesses,Core Landing Page,Highest,Primary money/positioning page.,https://simplufy.com/
10,done for you marketing system for service businesses,Done-for-You Marketing System for Service Businesses,Commercial,Core,Full Stack,All Service Businesses,Core Landing Page,Highest,Primary money/positioning page.,https://simplufy.com/
11,go high level agency for service businesses,GoHighLevel Agency for Service Businesses,Commercial,Core,Full Stack,All Service Businesses,Core Landing Page,Highest,Primary money/positioning page.,https://simplufy.com/
12,marketing automation for service businesses,Marketing Automation for Service Businesses,Commercial,Core,Full Stack,All Service Businesses,Core Landing Page,Highest,Primary money/positioning page.,https://simplufy.com/
13,crm and follow up system for contractors,CRM and Follow-Up System for Contractors,Commercial,Core,Full Stack,All Service Businesses,Core Landing Page,Highest,Primary money/positioning page.,https://simplufy.com/
14,booked calls marketing agency,Booked Calls Marketing Agency,Commercial,Core,Full Stack,All Service Businesses,Core Landing Page,Highest,Primary money/positioning page.,https://simplufy.com/
15,estimate request lead generation,Estimate Request Lead Generation,Commercial,Core,Full Stack,All Service Businesses,Core Landing Page,Highest,Primary money/positioning page.,https://simplufy.com/
16,appointment booking marketing system,Appointment Booking Marketing System,Commercial,Core,Full Stack,All Service Businesses,Core Landing Page,Highest,Primary money/positioning page.,https://simplufy.com/
17,consultation funnel agency,Consultation Funnel Agency,Commercial,Core,Full Stack,All Service Businesses,Core Landing Page,Highest,Primary money/positioning page.,https://simplufy.com/
18,local seo and crm agency,Local SEO and CRM Agency,Commercial,Core,Full Stack,All Service Businesses,Core Landing Page,Highest,Primary money/positioning page.,https://simplufy.com/
19,ai automation for local businesses,AI Automation for Local Businesses,Commercial,Core,Full Stack,All Service Businesses,Core Landing Page,Highest,Primary money/positioning page.,https://simplufy.com/
20,service business ai implementation,Service Business AI Implementation,Commercial,Core,Full Stack,All Service Businesses,Core Landing Page,Highest,Primary money/positioning page.,https://simplufy.com/
21,web design for auto detailing shops,Web Development for Auto Detailing,Commercial,Service/Industry,Web Development,Auto Detailing,Service x Industry Page,High,Main vertical page combining Web Development with Auto Detailing.,https://simplufy.com/
22,web design for auto styling shops,Web Development for Auto Styling,Commercial,Service/Industry,Web Development,Auto Styling,Service x Industry Page,High,Main vertical page combining Web Development with Auto Styling.,https://simplufy.com/
23,web design for roofing companies,Web Development for Roofing,Commercial,Service/Industry,Web Development,Roofing,Service x Industry Page,High,Main vertical page combining Web Development with Roofing.,https://simplufy.com/
24,web design for plumbing companies,Web Development for Plumbing,Commercial,Service/Industry,Web Development,Plumbing,Service x Industry Page,High,Main vertical page combining Web Development with Plumbing.,https://simplufy.com/
25,web design for pest control companies,Web Development for Pest Control,Commercial,Service/Industry,Web Development,Pest Control,Service x Industry Page,High,Main vertical page combining Web Development with Pest Control.,https://simplufy.com/
26,web design for landscaping companies,Web Development for Landscaping,Commercial,Service/Industry,Web Development,Landscaping,Service x Industry Page,High,Main vertical page combining Web Development with Landscaping.,https://simplufy.com/
27,web design for window companies,Web Development for Window Companies,Commercial,Service/Industry,Web Development,Window Companies,Service x Industry Page,High,Main vertical page combining Web Development with Window Companies.,https://simplufy.com/
28,web design for smart home installers,Web Development for Smart Home Installers,Commercial,Service/Industry,Web Development,Smart Home Installers,Service x Industry Page,High,Main vertical page combining Web Development with Smart Home Installers.,https://simplufy.com/
29,web design for contractors,Web Development for Contractors,Commercial,Service/Industry,Web Development,Contractors,Service x Industry Page,High,Main vertical page combining Web Development with Contractors.,https://simplufy.com/
30,web design for med spas,Web Development for Med Spas,Commercial,Service/Industry,Web Development,Med Spas,Service x Industry Page,High,Main vertical page combining Web Development with Med Spas.,https://simplufy.com/
31,web design for B2B service companies,Web Development for B2B Services,Commercial,Service/Industry,Web Development,B2B Services,Service x Industry Page,High,Main vertical page combining Web Development with B2B Services.,https://simplufy.com/
32,web design for education and training organizations,Web Development for Education & Training,Commercial,Service/Industry,Web Development,Education & Training,Service x Industry Page,High,Main vertical page combining Web Development with Education & Training.,https://simplufy.com/
33,crm automation for auto detailing shops,CRM Solutions for Auto Detailing,Commercial,Service/Industry,CRM Solutions,Auto Detailing,Service x Industry Page,High,Main vertical page combining CRM Solutions with Auto Detailing.,https://simplufy.com/
34,crm automation for auto styling shops,CRM Solutions for Auto Styling,Commercial,Service/Industry,CRM Solutions,Auto Styling,Service x Industry Page,High,Main vertical page combining CRM Solutions with Auto Styling.,https://simplufy.com/
35,crm automation for roofing companies,CRM Solutions for Roofing,Commercial,Service/Industry,CRM Solutions,Roofing,Service x Industry Page,High,Main vertical page combining CRM Solutions with Roofing.,https://simplufy.com/
36,crm automation for plumbing companies,CRM Solutions for Plumbing,Commercial,Service/Industry,CRM Solutions,Plumbing,Service x Industry Page,High,Main vertical page combining CRM Solutions with Plumbing.,https://simplufy.com/
37,crm automation for pest control companies,CRM Solutions for Pest Control,Commercial,Service/Industry,CRM Solutions,Pest Control,Service x Industry Page,High,Main vertical page combining CRM Solutions with Pest Control.,https://simplufy.com/
38,crm automation for landscaping companies,CRM Solutions for Landscaping,Commercial,Service/Industry,CRM Solutions,Landscaping,Service x Industry Page,High,Main vertical page combining CRM Solutions with Landscaping.,https://simplufy.com/
39,crm automation for window companies,CRM Solutions for Window Companies,Commercial,Service/Industry,CRM Solutions,Window Companies,Service x Industry Page,High,Main vertical page combining CRM Solutions with Window Companies.,https://simplufy.com/
40,crm automation for smart home installers,CRM Solutions for Smart Home Installers,Commercial,Service/Industry,CRM Solutions,Smart Home Installers,Service x Industry Page,High,Main vertical page combining CRM Solutions with Smart Home Installers.,https://simplufy.com/
41,crm automation for contractors,CRM Solutions for Contractors,Commercial,Service/Industry,CRM Solutions,Contractors,Service x Industry Page,High,Main vertical page combining CRM Solutions with Contractors.,https://simplufy.com/
42,crm automation for med spas,CRM Solutions for Med Spas,Commercial,Service/Industry,CRM Solutions,Med Spas,Service x Industry Page,High,Main vertical page combining CRM Solutions with Med Spas.,https://simplufy.com/
43,crm automation for B2B service companies,CRM Solutions for B2B Services,Commercial,Service/Industry,CRM Solutions,B2B Services,Service x Industry Page,High,Main vertical page combining CRM Solutions with B2B Services.,https://simplufy.com/
44,crm automation for education and training organizations,CRM Solutions for Education & Training,Commercial,Service/Industry,CRM Solutions,Education & Training,Service x Industry Page,High,Main vertical page combining CRM Solutions with Education & Training.,https://simplufy.com/
45,google ads for auto detailing shops,Google PPC for Auto Detailing,Commercial,Paid,Google PPC,Auto Detailing,Service x Industry Page,High,Main vertical page combining Google PPC with Auto Detailing.,https://simplufy.com/
46,google ads agency for auto detailing shops,Google PPC Agency for Auto Detailing,Commercial,Paid,Google PPC,Auto Detailing,Service x Industry Page,High,Agency-intent variation likely to convert.,https://simplufy.com/
47,google ads for auto styling shops,Google PPC for Auto Styling,Commercial,Paid,Google PPC,Auto Styling,Service x Industry Page,High,Main vertical page combining Google PPC with Auto Styling.,https://simplufy.com/
48,google ads agency for auto styling shops,Google PPC Agency for Auto Styling,Commercial,Paid,Google PPC,Auto Styling,Service x Industry Page,High,Agency-intent variation likely to convert.,https://simplufy.com/
49,google ads for roofing companies,Google PPC for Roofing,Commercial,Paid,Google PPC,Roofing,Service x Industry Page,High,Main vertical page combining Google PPC with Roofing.,https://simplufy.com/
50,google ads agency for roofing companies,Google PPC Agency for Roofing,Commercial,Paid,Google PPC,Roofing,Service x Industry Page,High,Agency-intent variation likely to convert.,https://simplufy.com/
51,google ads for plumbing companies,Google PPC for Plumbing,Commercial,Paid,Google PPC,Plumbing,Service x Industry Page,High,Main vertical page combining Google PPC with Plumbing.,https://simplufy.com/
52,google ads agency for plumbing companies,Google PPC Agency for Plumbing,Commercial,Paid,Google PPC,Plumbing,Service x Industry Page,High,Agency-intent variation likely to convert.,https://simplufy.com/
53,google ads for pest control companies,Google PPC for Pest Control,Commercial,Paid,Google PPC,Pest Control,Service x Industry Page,High,Main vertical page combining Google PPC with Pest Control.,https://simplufy.com/
54,google ads agency for pest control companies,Google PPC Agency for Pest Control,Commercial,Paid,Google PPC,Pest Control,Service x Industry Page,High,Agency-intent variation likely to convert.,https://simplufy.com/
55,google ads for landscaping companies,Google PPC for Landscaping,Commercial,Paid,Google PPC,Landscaping,Service x Industry Page,High,Main vertical page combining Google PPC with Landscaping.,https://simplufy.com/
56,google ads agency for landscaping companies,Google PPC Agency for Landscaping,Commercial,Paid,Google PPC,Landscaping,Service x Industry Page,High,Agency-intent variation likely to convert.,https://simplufy.com/
57,google ads for window companies,Google PPC for Window Companies,Commercial,Paid,Google PPC,Window Companies,Service x Industry Page,High,Main vertical page combining Google PPC with Window Companies.,https://simplufy.com/
58,google ads agency for window companies,Google PPC Agency for Window Companies,Commercial,Paid,Google PPC,Window Companies,Service x Industry Page,High,Agency-intent variation likely to convert.,https://simplufy.com/
59,google ads for smart home installers,Google PPC for Smart Home Installers,Commercial,Paid,Google PPC,Smart Home Installers,Service x Industry Page,High,Main vertical page combining Google PPC with Smart Home Installers.,https://simplufy.com/
60,google ads agency for smart home installers,Google PPC Agency for Smart Home Installers,Commercial,Paid,Google PPC,Smart Home Installers,Service x Industry Page,High,Agency-intent variation likely to convert.,https://simplufy.com/
61,google ads for contractors,Google PPC for Contractors,Commercial,Paid,Google PPC,Contractors,Service x Industry Page,High,Main vertical page combining Google PPC with Contractors.,https://simplufy.com/
62,google ads agency for contractors,Google PPC Agency for Contractors,Commercial,Paid,Google PPC,Contractors,Service x Industry Page,High,Agency-intent variation likely to convert.,https://simplufy.com/
63,google ads for med spas,Google PPC for Med Spas,Commercial,Paid,Google PPC,Med Spas,Service x Industry Page,High,Main vertical page combining Google PPC with Med Spas.,https://simplufy.com/
64,google ads agency for med spas,Google PPC Agency for Med Spas,Commercial,Paid,Google PPC,Med Spas,Service x Industry Page,High,Agency-intent variation likely to convert.,https://simplufy.com/
65,google ads for B2B service companies,Google PPC for B2B Services,Commercial,Paid,Google PPC,B2B Services,Service x Industry Page,High,Main vertical page combining Google PPC with B2B Services.,https://simplufy.com/
66,google ads agency for B2B service companies,Google PPC Agency for B2B Services,Commercial,Paid,Google PPC,B2B Services,Service x Industry Page,High,Agency-intent variation likely to convert.,https://simplufy.com/
67,google ads for education and training organizations,Google PPC for Education & Training,Commercial,Paid,Google PPC,Education & Training,Service x Industry Page,High,Main vertical page combining Google PPC with Education & Training.,https://simplufy.com/
68,google ads agency for education and training organizations,Google PPC Agency for Education & Training,Commercial,Paid,Google PPC,Education & Training,Service x Industry Page,High,Agency-intent variation likely to convert.,https://simplufy.com/
69,facebook ads for auto detailing shops,Meta Ads for Auto Detailing,Commercial,Paid,Meta Ads,Auto Detailing,Service x Industry Page,High,Main vertical page combining Meta Ads with Auto Detailing.,https://simplufy.com/
70,facebook ads agency for auto detailing shops,Meta Ads Agency for Auto Detailing,Commercial,Paid,Meta Ads,Auto Detailing,Service x Industry Page,High,Agency-intent variation likely to convert.,https://simplufy.com/
71,facebook ads for auto styling shops,Meta Ads for Auto Styling,Commercial,Paid,Meta Ads,Auto Styling,Service x Industry Page,High,Main vertical page combining Meta Ads with Auto Styling.,https://simplufy.com/
72,facebook ads agency for auto styling shops,Meta Ads Agency for Auto Styling,Commercial,Paid,Meta Ads,Auto Styling,Service x Industry Page,High,Agency-intent variation likely to convert.,https://simplufy.com/
73,facebook ads for roofing companies,Meta Ads for Roofing,Commercial,Paid,Meta Ads,Roofing,Service x Industry Page,High,Main vertical page combining Meta Ads with Roofing.,https://simplufy.com/
74,facebook ads agency for roofing companies,Meta Ads Agency for Roofing,Commercial,Paid,Meta Ads,Roofing,Service x Industry Page,High,Agency-intent variation likely to convert.,https://simplufy.com/
75,facebook ads for plumbing companies,Meta Ads for Plumbing,Commercial,Paid,Meta Ads,Plumbing,Service x Industry Page,High,Main vertical page combining Meta Ads with Plumbing.,https://simplufy.com/
76,facebook ads agency for plumbing companies,Meta Ads Agency for Plumbing,Commercial,Paid,Meta Ads,Plumbing,Service x Industry Page,High,Agency-intent variation likely to convert.,https://simplufy.com/
77,facebook ads for pest control companies,Meta Ads for Pest Control,Commercial,Paid,Meta Ads,Pest Control,Service x Industry Page,High,Main vertical page combining Meta Ads with Pest Control.,https://simplufy.com/
78,facebook ads agency for pest control companies,Meta Ads Agency for Pest Control,Commercial,Paid,Meta Ads,Pest Control,Service x Industry Page,High,Agency-intent variation likely to convert.,https://simplufy.com/
79,facebook ads for landscaping companies,Meta Ads for Landscaping,Commercial,Paid,Meta Ads,Landscaping,Service x Industry Page,High,Main vertical page combining Meta Ads with Landscaping.,https://simplufy.com/
80,facebook ads agency for landscaping companies,Meta Ads Agency for Landscaping,Commercial,Paid,Meta Ads,Landscaping,Service x Industry Page,High,Agency-intent variation likely to convert.,https://simplufy.com/
81,facebook ads for window companies,Meta Ads for Window Companies,Commercial,Paid,Meta Ads,Window Companies,Service x Industry Page,High,Main vertical page combining Meta Ads with Window Companies.,https://simplufy.com/
82,facebook ads agency for window companies,Meta Ads Agency for Window Companies,Commercial,Paid,Meta Ads,Window Companies,Service x Industry Page,High,Agency-intent variation likely to convert.,https://simplufy.com/
83,facebook ads for smart home installers,Meta Ads for Smart Home Installers,Commercial,Paid,Meta Ads,Smart Home Installers,Service x Industry Page,High,Main vertical page combining Meta Ads with Smart Home Installers.,https://simplufy.com/
84,facebook ads agency for smart home installers,Meta Ads Agency for Smart Home Installers,Commercial,Paid,Meta Ads,Smart Home Installers,Service x Industry Page,High,Agency-intent variation likely to convert.,https://simplufy.com/
85,facebook ads for contractors,Meta Ads for Contractors,Commercial,Paid,Meta Ads,Contractors,Service x Industry Page,High,Main vertical page combining Meta Ads with Contractors.,https://simplufy.com/
86,facebook ads agency for contractors,Meta Ads Agency for Contractors,Commercial,Paid,Meta Ads,Contractors,Service x Industry Page,High,Agency-intent variation likely to convert.,https://simplufy.com/
87,facebook ads for med spas,Meta Ads for Med Spas,Commercial,Paid,Meta Ads,Med Spas,Service x Industry Page,High,Main vertical page combining Meta Ads with Med Spas.,https://simplufy.com/
88,facebook ads agency for med spas,Meta Ads Agency for Med Spas,Commercial,Paid,Meta Ads,Med Spas,Service x Industry Page,High,Agency-intent variation likely to convert.,https://simplufy.com/
89,facebook ads for B2B service companies,Meta Ads for B2B Services,Commercial,Paid,Meta Ads,B2B Services,Service x Industry Page,High,Main vertical page combining Meta Ads with B2B Services.,https://simplufy.com/
90,facebook ads agency for B2B service companies,Meta Ads Agency for B2B Services,Commercial,Paid,Meta Ads,B2B Services,Service x Industry Page,High,Agency-intent variation likely to convert.,https://simplufy.com/
91,facebook ads for education and training organizations,Meta Ads for Education & Training,Commercial,Paid,Meta Ads,Education & Training,Service x Industry Page,High,Main vertical page combining Meta Ads with Education & Training.,https://simplufy.com/
92,facebook ads agency for education and training organizations,Meta Ads Agency for Education & Training,Commercial,Paid,Meta Ads,Education & Training,Service x Industry Page,High,Agency-intent variation likely to convert.,https://simplufy.com/
93,google local services ads for auto detailing shops,Google LSA for Auto Detailing,Commercial,Paid,Google LSA,Auto Detailing,Service x Industry Page,High,Main vertical page combining Google LSA with Auto Detailing.,https://simplufy.com/
94,google local services ads agency for auto detailing shops,Google LSA Agency for Auto Detailing,Commercial,Paid,Google LSA,Auto Detailing,Service x Industry Page,High,Agency-intent variation likely to convert.,https://simplufy.com/
95,google local services ads for auto styling shops,Google LSA for Auto Styling,Commercial,Paid,Google LSA,Auto Styling,Service x Industry Page,High,Main vertical page combining Google LSA with Auto Styling.,https://simplufy.com/
96,google local services ads agency for auto styling shops,Google LSA Agency for Auto Styling,Commercial,Paid,Google LSA,Auto Styling,Service x Industry Page,High,Agency-intent variation likely to convert.,https://simplufy.com/
97,google local services ads for roofing companies,Google LSA for Roofing,Commercial,Paid,Google LSA,Roofing,Service x Industry Page,High,Main vertical page combining Google LSA with Roofing.,https://simplufy.com/
98,google local services ads agency for roofing companies,Google LSA Agency for Roofing,Commercial,Paid,Google LSA,Roofing,Service x Industry Page,High,Agency-intent variation likely to convert.,https://simplufy.com/
99,google local services ads for plumbing companies,Google LSA for Plumbing,Commercial,Paid,Google LSA,Plumbing,Service x Industry Page,High,Main vertical page combining Google LSA with Plumbing.,https://simplufy.com/
100,google local services ads agency for plumbing companies,Google LSA Agency for Plumbing,Commercial,Paid,Google LSA,Plumbing,Service x Industry Page,High,Agency-intent variation likely to convert.,https://simplufy.com/
101,google local services ads for pest control companies,Google LSA for Pest Control,Commercial,Paid,Google LSA,Pest Control,Service x Industry Page,High,Main vertical page combining Google LSA with Pest Control.,https://simplufy.com/
102,google local services ads agency for pest control companies,Google LSA Agency for Pest Control,Commercial,Paid,Google LSA,Pest Control,Service x Industry Page,High,Agency-intent variation likely to convert.,https://simplufy.com/
103,google local services ads for landscaping companies,Google LSA for Landscaping,Commercial,Paid,Google LSA,Landscaping,Service x Industry Page,High,Main vertical page combining Google LSA with Landscaping.,https://simplufy.com/
104,google local services ads agency for landscaping companies,Google LSA Agency for Landscaping,Commercial,Paid,Google LSA,Landscaping,Service x Industry Page,High,Agency-intent variation likely to convert.,https://simplufy.com/
105,google local services ads for window companies,Google LSA for Window Companies,Commercial,Paid,Google LSA,Window Companies,Service x Industry Page,High,Main vertical page combining Google LSA with Window Companies.,https://simplufy.com/
106,google local services ads agency for window companies,Google LSA Agency for Window Companies,Commercial,Paid,Google LSA,Window Companies,Service x Industry Page,High,Agency-intent variation likely to convert.,https://simplufy.com/
107,google local services ads for smart home installers,Google LSA for Smart Home Installers,Commercial,Paid,Google LSA,Smart Home Installers,Service x Industry Page,High,Main vertical page combining Google LSA with Smart Home Installers.,https://simplufy.com/
108,google local services ads agency for smart home installers,Google LSA Agency for Smart Home Installers,Commercial,Paid,Google LSA,Smart Home Installers,Service x Industry Page,High,Agency-intent variation likely to convert.,https://simplufy.com/
109,google local services ads for contractors,Google LSA for Contractors,Commercial,Paid,Google LSA,Contractors,Service x Industry Page,High,Main vertical page combining Google LSA with Contractors.,https://simplufy.com/
110,google local services ads agency for contractors,Google LSA Agency for Contractors,Commercial,Paid,Google LSA,Contractors,Service x Industry Page,High,Agency-intent variation likely to convert.,https://simplufy.com/
111,google local services ads for med spas,Google LSA for Med Spas,Commercial,Paid,Google LSA,Med Spas,Service x Industry Page,High,Main vertical page combining Google LSA with Med Spas.,https://simplufy.com/
112,google local services ads agency for med spas,Google LSA Agency for Med Spas,Commercial,Paid,Google LSA,Med Spas,Service x Industry Page,High,Agency-intent variation likely to convert.,https://simplufy.com/
113,google local services ads for B2B service companies,Google LSA for B2B Services,Commercial,Paid,Google LSA,B2B Services,Service x Industry Page,High,Main vertical page combining Google LSA with B2B Services.,https://simplufy.com/
114,google local services ads agency for B2B service companies,Google LSA Agency for B2B Services,Commercial,Paid,Google LSA,B2B Services,Service x Industry Page,High,Agency-intent variation likely to convert.,https://simplufy.com/
115,google local services ads for education and training organizations,Google LSA for Education & Training,Commercial,Paid,Google LSA,Education & Training,Service x Industry Page,High,Main vertical page combining Google LSA with Education & Training.,https://simplufy.com/
116,google local services ads agency for education and training organizations,Google LSA Agency for Education & Training,Commercial,Paid,Google LSA,Education & Training,Service x Industry Page,High,Agency-intent variation likely to convert.,https://simplufy.com/
117,tiktok ads for auto detailing shops,TikTok Ads for Auto Detailing,Commercial,Paid,TikTok Ads,Auto Detailing,Service x Industry Page,High,Main vertical page combining TikTok Ads with Auto Detailing.,https://simplufy.com/
118,tiktok ads agency for auto detailing shops,TikTok Ads Agency for Auto Detailing,Commercial,Paid,TikTok Ads,Auto Detailing,Service x Industry Page,High,Agency-intent variation likely to convert.,https://simplufy.com/
119,tiktok ads for auto styling shops,TikTok Ads for Auto Styling,Commercial,Paid,TikTok Ads,Auto Styling,Service x Industry Page,High,Main vertical page combining TikTok Ads with Auto Styling.,https://simplufy.com/
120,tiktok ads agency for auto styling shops,TikTok Ads Agency for Auto Styling,Commercial,Paid,TikTok Ads,Auto Styling,Service x Industry Page,High,Agency-intent variation likely to convert.,https://simplufy.com/
121,tiktok ads for roofing companies,TikTok Ads for Roofing,Commercial,Paid,TikTok Ads,Roofing,Service x Industry Page,High,Main vertical page combining TikTok Ads with Roofing.,https://simplufy.com/
122,tiktok ads agency for roofing companies,TikTok Ads Agency for Roofing,Commercial,Paid,TikTok Ads,Roofing,Service x Industry Page,High,Agency-intent variation likely to convert.,https://simplufy.com/
123,tiktok ads for plumbing companies,TikTok Ads for Plumbing,Commercial,Paid,TikTok Ads,Plumbing,Service x Industry Page,High,Main vertical page combining TikTok Ads with Plumbing.,https://simplufy.com/
124,tiktok ads agency for plumbing companies,TikTok Ads Agency for Plumbing,Commercial,Paid,TikTok Ads,Plumbing,Service x Industry Page,High,Agency-intent variation likely to convert.,https://simplufy.com/
125,tiktok ads for pest control companies,TikTok Ads for Pest Control,Commercial,Paid,TikTok Ads,Pest Control,Service x Industry Page,High,Main vertical page combining TikTok Ads with Pest Control.,https://simplufy.com/
126,tiktok ads agency for pest control companies,TikTok Ads Agency for Pest Control,Commercial,Paid,TikTok Ads,Pest Control,Service x Industry Page,High,Agency-intent variation likely to convert.,https://simplufy.com/
127,tiktok ads for landscaping companies,TikTok Ads for Landscaping,Commercial,Paid,TikTok Ads,Landscaping,Service x Industry Page,High,Main vertical page combining TikTok Ads with Landscaping.,https://simplufy.com/
128,tiktok ads agency for landscaping companies,TikTok Ads Agency for Landscaping,Commercial,Paid,TikTok Ads,Landscaping,Service x Industry Page,High,Agency-intent variation likely to convert.,https://simplufy.com/
129,tiktok ads for window companies,TikTok Ads for Window Companies,Commercial,Paid,TikTok Ads,Window Companies,Service x Industry Page,High,Main vertical page combining TikTok Ads with Window Companies.,https://simplufy.com/
130,tiktok ads agency for window companies,TikTok Ads Agency for Window Companies,Commercial,Paid,TikTok Ads,Window Companies,Service x Industry Page,High,Agency-intent variation likely to convert.,https://simplufy.com/
131,tiktok ads for smart home installers,TikTok Ads for Smart Home Installers,Commercial,Paid,TikTok Ads,Smart Home Installers,Service x Industry Page,High,Main vertical page combining TikTok Ads with Smart Home Installers.,https://simplufy.com/
132,tiktok ads agency for smart home installers,TikTok Ads Agency for Smart Home Installers,Commercial,Paid,TikTok Ads,Smart Home Installers,Service x Industry Page,High,Agency-intent variation likely to convert.,https://simplufy.com/
133,tiktok ads for contractors,TikTok Ads for Contractors,Commercial,Paid,TikTok Ads,Contractors,Service x Industry Page,High,Main vertical page combining TikTok Ads with Contractors.,https://simplufy.com/
134,tiktok ads agency for contractors,TikTok Ads Agency for Contractors,Commercial,Paid,TikTok Ads,Contractors,Service x Industry Page,High,Agency-intent variation likely to convert.,https://simplufy.com/
135,tiktok ads for med spas,TikTok Ads for Med Spas,Commercial,Paid,TikTok Ads,Med Spas,Service x Industry Page,High,Main vertical page combining TikTok Ads with Med Spas.,https://simplufy.com/
136,tiktok ads agency for med spas,TikTok Ads Agency for Med Spas,Commercial,Paid,TikTok Ads,Med Spas,Service x Industry Page,High,Agency-intent variation likely to convert.,https://simplufy.com/
137,tiktok ads for B2B service companies,TikTok Ads for B2B Services,Commercial,Paid,TikTok Ads,B2B Services,Service x Industry Page,High,Main vertical page combining TikTok Ads with B2B Services.,https://simplufy.com/
138,tiktok ads agency for B2B service companies,TikTok Ads Agency for B2B Services,Commercial,Paid,TikTok Ads,B2B Services,Service x Industry Page,High,Agency-intent variation likely to convert.,https://simplufy.com/
139,tiktok ads for education and training organizations,TikTok Ads for Education & Training,Commercial,Paid,TikTok Ads,Education & Training,Service x Industry Page,High,Main vertical page combining TikTok Ads with Education & Training.,https://simplufy.com/
140,tiktok ads agency for education and training organizations,TikTok Ads Agency for Education & Training,Commercial,Paid,TikTok Ads,Education & Training,Service x Industry Page,High,Agency-intent variation likely to convert.,https://simplufy.com/
141,seo for auto detailing shops,SEO / AEO / GEO for Auto Detailing,Commercial,Organic,SEO / AEO / GEO,Auto Detailing,Service x Industry Page,High,Main vertical page combining SEO / AEO / GEO with Auto Detailing.,https://simplufy.com/
142,seo agency for auto detailing shops,SEO / AEO / GEO Agency for Auto Detailing,Commercial,Organic,SEO / AEO / GEO,Auto Detailing,Service x Industry Page,High,Agency-intent variation likely to convert.,https://simplufy.com/
143,seo for auto styling shops,SEO / AEO / GEO for Auto Styling,Commercial,Organic,SEO / AEO / GEO,Auto Styling,Service x Industry Page,High,Main vertical page combining SEO / AEO / GEO with Auto Styling.,https://simplufy.com/
144,seo agency for auto styling shops,SEO / AEO / GEO Agency for Auto Styling,Commercial,Organic,SEO / AEO / GEO,Auto Styling,Service x Industry Page,High,Agency-intent variation likely to convert.,https://simplufy.com/
145,seo for roofing companies,SEO / AEO / GEO for Roofing,Commercial,Organic,SEO / AEO / GEO,Roofing,Service x Industry Page,High,Main vertical page combining SEO / AEO / GEO with Roofing.,https://simplufy.com/
146,seo agency for roofing companies,SEO / AEO / GEO Agency for Roofing,Commercial,Organic,SEO / AEO / GEO,Roofing,Service x Industry Page,High,Agency-intent variation likely to convert.,https://simplufy.com/
147,seo for plumbing companies,SEO / AEO / GEO for Plumbing,Commercial,Organic,SEO / AEO / GEO,Plumbing,Service x Industry Page,High,Main vertical page combining SEO / AEO / GEO with Plumbing.,https://simplufy.com/
148,seo agency for plumbing companies,SEO / AEO / GEO Agency for Plumbing,Commercial,Organic,SEO / AEO / GEO,Plumbing,Service x Industry Page,High,Agency-intent variation likely to convert.,https://simplufy.com/
149,seo for pest control companies,SEO / AEO / GEO for Pest Control,Commercial,Organic,SEO / AEO / GEO,Pest Control,Service x Industry Page,High,Main vertical page combining SEO / AEO / GEO with Pest Control.,https://simplufy.com/
150,seo agency for pest control companies,SEO / AEO / GEO Agency for Pest Control,Commercial,Organic,SEO / AEO / GEO,Pest Control,Service x Industry Page,High,Agency-intent variation likely to convert.,https://simplufy.com/
151,seo for landscaping companies,SEO / AEO / GEO for Landscaping,Commercial,Organic,SEO / AEO / GEO,Landscaping,Service x Industry Page,High,Main vertical page combining SEO / AEO / GEO with Landscaping.,https://simplufy.com/
152,seo agency for landscaping companies,SEO / AEO / GEO Agency for Landscaping,Commercial,Organic,SEO / AEO / GEO,Landscaping,Service x Industry Page,High,Agency-intent variation likely to convert.,https://simplufy.com/
153,seo for window companies,SEO / AEO / GEO for Window Companies,Commercial,Organic,SEO / AEO / GEO,Window Companies,Service x Industry Page,High,Main vertical page combining SEO / AEO / GEO with Window Companies.,https://simplufy.com/
154,seo agency for window companies,SEO / AEO / GEO Agency for Window Companies,Commercial,Organic,SEO / AEO / GEO,Window Companies,Service x Industry Page,High,Agency-intent variation likely to convert.,https://simplufy.com/
155,seo for smart home installers,SEO / AEO / GEO for Smart Home Installers,Commercial,Organic,SEO / AEO / GEO,Smart Home Installers,Service x Industry Page,High,Main vertical page combining SEO / AEO / GEO with Smart Home Installers.,https://simplufy.com/
156,seo agency for smart home installers,SEO / AEO / GEO Agency for Smart Home Installers,Commercial,Organic,SEO / AEO / GEO,Smart Home Installers,Service x Industry Page,High,Agency-intent variation likely to convert.,https://simplufy.com/
157,seo for contractors,SEO / AEO / GEO for Contractors,Commercial,Organic,SEO / AEO / GEO,Contractors,Service x Industry Page,High,Main vertical page combining SEO / AEO / GEO with Contractors.,https://simplufy.com/
158,seo agency for contractors,SEO / AEO / GEO Agency for Contractors,Commercial,Organic,SEO / AEO / GEO,Contractors,Service x Industry Page,High,Agency-intent variation likely to convert.,https://simplufy.com/
159,seo for med spas,SEO / AEO / GEO for Med Spas,Commercial,Organic,SEO / AEO / GEO,Med Spas,Service x Industry Page,High,Main vertical page combining SEO / AEO / GEO with Med Spas.,https://simplufy.com/
160,seo agency for med spas,SEO / AEO / GEO Agency for Med Spas,Commercial,Organic,SEO / AEO / GEO,Med Spas,Service x Industry Page,High,Agency-intent variation likely to convert.,https://simplufy.com/
161,seo for B2B service companies,SEO / AEO / GEO for B2B Services,Commercial,Organic,SEO / AEO / GEO,B2B Services,Service x Industry Page,High,Main vertical page combining SEO / AEO / GEO with B2B Services.,https://simplufy.com/
162,seo agency for B2B service companies,SEO / AEO / GEO Agency for B2B Services,Commercial,Organic,SEO / AEO / GEO,B2B Services,Service x Industry Page,High,Agency-intent variation likely to convert.,https://simplufy.com/
163,seo for education and training organizations,SEO / AEO / GEO for Education & Training,Commercial,Organic,SEO / AEO / GEO,Education & Training,Service x Industry Page,High,Main vertical page combining SEO / AEO / GEO with Education & Training.,https://simplufy.com/
164,seo agency for education and training organizations,SEO / AEO / GEO Agency for Education & Training,Commercial,Organic,SEO / AEO / GEO,Education & Training,Service x Industry Page,High,Agency-intent variation likely to convert.,https://simplufy.com/
165,ai automation for auto detailing shops,AI Implementation for Auto Detailing,Commercial,Automation,AI Implementation,Auto Detailing,Service x Industry Page,Medium,Main vertical page combining AI Implementation with Auto Detailing.,https://simplufy.com/
166,ai automation agency for auto detailing shops,AI Implementation Agency for Auto Detailing,Commercial,Automation,AI Implementation,Auto Detailing,Service x Industry Page,Medium,Agency-intent variation likely to convert.,https://simplufy.com/
167,ai automation for auto styling shops,AI Implementation for Auto Styling,Commercial,Automation,AI Implementation,Auto Styling,Service x Industry Page,Medium,Main vertical page combining AI Implementation with Auto Styling.,https://simplufy.com/
168,ai automation agency for auto styling shops,AI Implementation Agency for Auto Styling,Commercial,Automation,AI Implementation,Auto Styling,Service x Industry Page,Medium,Agency-intent variation likely to convert.,https://simplufy.com/
169,ai automation for roofing companies,AI Implementation for Roofing,Commercial,Automation,AI Implementation,Roofing,Service x Industry Page,Medium,Main vertical page combining AI Implementation with Roofing.,https://simplufy.com/
170,ai automation agency for roofing companies,AI Implementation Agency for Roofing,Commercial,Automation,AI Implementation,Roofing,Service x Industry Page,Medium,Agency-intent variation likely to convert.,https://simplufy.com/
171,ai automation for plumbing companies,AI Implementation for Plumbing,Commercial,Automation,AI Implementation,Plumbing,Service x Industry Page,Medium,Main vertical page combining AI Implementation with Plumbing.,https://simplufy.com/
172,ai automation agency for plumbing companies,AI Implementation Agency for Plumbing,Commercial,Automation,AI Implementation,Plumbing,Service x Industry Page,Medium,Agency-intent variation likely to convert.,https://simplufy.com/
173,ai automation for pest control companies,AI Implementation for Pest Control,Commercial,Automation,AI Implementation,Pest Control,Service x Industry Page,Medium,Main vertical page combining AI Implementation with Pest Control.,https://simplufy.com/
174,ai automation agency for pest control companies,AI Implementation Agency for Pest Control,Commercial,Automation,AI Implementation,Pest Control,Service x Industry Page,Medium,Agency-intent variation likely to convert.,https://simplufy.com/
175,ai automation for landscaping companies,AI Implementation for Landscaping,Commercial,Automation,AI Implementation,Landscaping,Service x Industry Page,Medium,Main vertical page combining AI Implementation with Landscaping.,https://simplufy.com/
176,ai automation agency for landscaping companies,AI Implementation Agency for Landscaping,Commercial,Automation,AI Implementation,Landscaping,Service x Industry Page,Medium,Agency-intent variation likely to convert.,https://simplufy.com/
177,ai automation for window companies,AI Implementation for Window Companies,Commercial,Automation,AI Implementation,Window Companies,Service x Industry Page,Medium,Main vertical page combining AI Implementation with Window Companies.,https://simplufy.com/
178,ai automation agency for window companies,AI Implementation Agency for Window Companies,Commercial,Automation,AI Implementation,Window Companies,Service x Industry Page,Medium,Agency-intent variation likely to convert.,https://simplufy.com/
179,ai automation for smart home installers,AI Implementation for Smart Home Installers,Commercial,Automation,AI Implementation,Smart Home Installers,Service x Industry Page,Medium,Main vertical page combining AI Implementation with Smart Home Installers.,https://simplufy.com/
180,ai automation agency for smart home installers,AI Implementation Agency for Smart Home Installers,Commercial,Automation,AI Implementation,Smart Home Installers,Service x Industry Page,Medium,Agency-intent variation likely to convert.,https://simplufy.com/
181,ai automation for contractors,AI Implementation for Contractors,Commercial,Automation,AI Implementation,Contractors,Service x Industry Page,Medium,Main vertical page combining AI Implementation with Contractors.,https://simplufy.com/
182,ai automation agency for contractors,AI Implementation Agency for Contractors,Commercial,Automation,AI Implementation,Contractors,Service x Industry Page,Medium,Agency-intent variation likely to convert.,https://simplufy.com/
183,ai automation for med spas,AI Implementation for Med Spas,Commercial,Automation,AI Implementation,Med Spas,Service x Industry Page,Medium,Main vertical page combining AI Implementation with Med Spas.,https://simplufy.com/
184,ai automation agency for med spas,AI Implementation Agency for Med Spas,Commercial,Automation,AI Implementation,Med Spas,Service x Industry Page,Medium,Agency-intent variation likely to convert.,https://simplufy.com/
185,ai automation for B2B service companies,AI Implementation for B2B Services,Commercial,Automation,AI Implementation,B2B Services,Service x Industry Page,Medium,Main vertical page combining AI Implementation with B2B Services.,https://simplufy.com/
186,ai automation agency for B2B service companies,AI Implementation Agency for B2B Services,Commercial,Automation,AI Implementation,B2B Services,Service x Industry Page,Medium,Agency-intent variation likely to convert.,https://simplufy.com/
187,ai automation for education and training organizations,AI Implementation for Education & Training,Commercial,Automation,AI Implementation,Education & Training,Service x Industry Page,Medium,Main vertical page combining AI Implementation with Education & Training.,https://simplufy.com/
188,ai automation agency for education and training organizations,AI Implementation Agency for Education & Training,Commercial,Automation,AI Implementation,Education & Training,Service x Industry Page,Medium,Agency-intent variation likely to convert.,https://simplufy.com/
189,marketing for mobile detailing,Marketing for Mobile Detailing,Commercial,Industry,Full Stack,Auto Detailing,Industry Subservice Page,High,Sub-niche page under Auto Detailing.,https://simplufy.com/
190,lead generation for mobile detailing,Lead Generation for Mobile Detailing,Commercial,Industry,Full Stack,Auto Detailing,Industry Subservice Page,High,Demand-gen page for specific buyer/service line.,https://simplufy.com/
191,website design for mobile detailing,Website Design for Mobile Detailing,Commercial,Web Development,Web Development,Auto Detailing,Service x Subservice Page,Medium,High-intent service-specific web design page.,https://simplufy.com/
192,google ads for mobile detailing,Google Ads for Mobile Detailing,Commercial,Google PPC,Google PPC,Auto Detailing,Paid Search Page,High,High-buying-intent PPC page.,https://simplufy.com/
193,seo for mobile detailing,SEO for Mobile Detailing,Commercial,SEO / AEO / GEO,SEO / AEO / GEO,Auto Detailing,Organic Search Page,High,Organic visibility page tied to a specific service niche.,https://simplufy.com/
194,marketing for ceramic coating,Marketing for Ceramic Coating,Commercial,Industry,Full Stack,Auto Detailing,Industry Subservice Page,High,Sub-niche page under Auto Detailing.,https://simplufy.com/
195,lead generation for ceramic coating,Lead Generation for Ceramic Coating,Commercial,Industry,Full Stack,Auto Detailing,Industry Subservice Page,High,Demand-gen page for specific buyer/service line.,https://simplufy.com/
196,website design for ceramic coating,Website Design for Ceramic Coating,Commercial,Web Development,Web Development,Auto Detailing,Service x Subservice Page,Medium,High-intent service-specific web design page.,https://simplufy.com/
197,google ads for ceramic coating,Google Ads for Ceramic Coating,Commercial,Google PPC,Google PPC,Auto Detailing,Paid Search Page,High,High-buying-intent PPC page.,https://simplufy.com/
198,seo for ceramic coating,SEO for Ceramic Coating,Commercial,SEO / AEO / GEO,SEO / AEO / GEO,Auto Detailing,Organic Search Page,High,Organic visibility page tied to a specific service niche.,https://simplufy.com/
199,marketing for car detailing,Marketing for Car Detailing,Commercial,Industry,Full Stack,Auto Detailing,Industry Subservice Page,High,Sub-niche page under Auto Detailing.,https://simplufy.com/
200,lead generation for car detailing,Lead Generation for Car Detailing,Commercial,Industry,Full Stack,Auto Detailing,Industry Subservice Page,High,Demand-gen page for specific buyer/service line.,https://simplufy.com/
201,website design for car detailing,Website Design for Car Detailing,Commercial,Web Development,Web Development,Auto Detailing,Service x Subservice Page,Medium,High-intent service-specific web design page.,https://simplufy.com/
202,google ads for car detailing,Google Ads for Car Detailing,Commercial,Google PPC,Google PPC,Auto Detailing,Paid Search Page,High,High-buying-intent PPC page.,https://simplufy.com/
203,seo for car detailing,SEO for Car Detailing,Commercial,SEO / AEO / GEO,SEO / AEO / GEO,Auto Detailing,Organic Search Page,High,Organic visibility page tied to a specific service niche.,https://simplufy.com/
204,marketing for auto detailer,Marketing for Auto Detailer,Commercial,Industry,Full Stack,Auto Detailing,Industry Subservice Page,High,Sub-niche page under Auto Detailing.,https://simplufy.com/
205,lead generation for auto detailer,Lead Generation for Auto Detailer,Commercial,Industry,Full Stack,Auto Detailing,Industry Subservice Page,High,Demand-gen page for specific buyer/service line.,https://simplufy.com/
206,website design for auto detailer,Website Design for Auto Detailer,Commercial,Web Development,Web Development,Auto Detailing,Service x Subservice Page,Medium,High-intent service-specific web design page.,https://simplufy.com/
207,google ads for auto detailer,Google Ads for Auto Detailer,Commercial,Google PPC,Google PPC,Auto Detailing,Paid Search Page,High,High-buying-intent PPC page.,https://simplufy.com/
208,seo for auto detailer,SEO for Auto Detailer,Commercial,SEO / AEO / GEO,SEO / AEO / GEO,Auto Detailing,Organic Search Page,High,Organic visibility page tied to a specific service niche.,https://simplufy.com/
209,marketing for window tint,Marketing for Window Tint,Commercial,Industry,Full Stack,Auto Styling,Industry Subservice Page,High,Sub-niche page under Auto Styling.,https://simplufy.com/
210,lead generation for window tint,Lead Generation for Window Tint,Commercial,Industry,Full Stack,Auto Styling,Industry Subservice Page,High,Demand-gen page for specific buyer/service line.,https://simplufy.com/
211,website design for window tint,Website Design for Window Tint,Commercial,Web Development,Web Development,Auto Styling,Service x Subservice Page,Medium,High-intent service-specific web design page.,https://simplufy.com/
212,google ads for window tint,Google Ads for Window Tint,Commercial,Google PPC,Google PPC,Auto Styling,Paid Search Page,High,High-buying-intent PPC page.,https://simplufy.com/
213,seo for window tint,SEO for Window Tint,Commercial,SEO / AEO / GEO,SEO / AEO / GEO,Auto Styling,Organic Search Page,High,Organic visibility page tied to a specific service niche.,https://simplufy.com/
214,marketing for paint protection film,Marketing for Paint Protection Film,Commercial,Industry,Full Stack,Auto Styling,Industry Subservice Page,High,Sub-niche page under Auto Styling.,https://simplufy.com/
215,lead generation for paint protection film,Lead Generation for Paint Protection Film,Commercial,Industry,Full Stack,Auto Styling,Industry Subservice Page,High,Demand-gen page for specific buyer/service line.,https://simplufy.com/
216,website design for paint protection film,Website Design for Paint Protection Film,Commercial,Web Development,Web Development,Auto Styling,Service x Subservice Page,Medium,High-intent service-specific web design page.,https://simplufy.com/
217,google ads for paint protection film,Google Ads for Paint Protection Film,Commercial,Google PPC,Google PPC,Auto Styling,Paid Search Page,High,High-buying-intent PPC page.,https://simplufy.com/
218,seo for paint protection film,SEO for Paint Protection Film,Commercial,SEO / AEO / GEO,SEO / AEO / GEO,Auto Styling,Organic Search Page,High,Organic visibility page tied to a specific service niche.,https://simplufy.com/
219,marketing for vehicle wraps,Marketing for Vehicle Wraps,Commercial,Industry,Full Stack,Auto Styling,Industry Subservice Page,High,Sub-niche page under Auto Styling.,https://simplufy.com/
220,lead generation for vehicle wraps,Lead Generation for Vehicle Wraps,Commercial,Industry,Full Stack,Auto Styling,Industry Subservice Page,High,Demand-gen page for specific buyer/service line.,https://simplufy.com/
221,website design for vehicle wraps,Website Design for Vehicle Wraps,Commercial,Web Development,Web Development,Auto Styling,Service x Subservice Page,Medium,High-intent service-specific web design page.,https://simplufy.com/
222,google ads for vehicle wraps,Google Ads for Vehicle Wraps,Commercial,Google PPC,Google PPC,Auto Styling,Paid Search Page,High,High-buying-intent PPC page.,https://simplufy.com/
223,seo for vehicle wraps,SEO for Vehicle Wraps,Commercial,SEO / AEO / GEO,SEO / AEO / GEO,Auto Styling,Organic Search Page,High,Organic visibility page tied to a specific service niche.,https://simplufy.com/
224,marketing for ceramic coating,Marketing for Ceramic Coating,Commercial,Industry,Full Stack,Auto Styling,Industry Subservice Page,High,Sub-niche page under Auto Styling.,https://simplufy.com/
225,lead generation for ceramic coating,Lead Generation for Ceramic Coating,Commercial,Industry,Full Stack,Auto Styling,Industry Subservice Page,High,Demand-gen page for specific buyer/service line.,https://simplufy.com/
226,website design for ceramic coating,Website Design for Ceramic Coating,Commercial,Web Development,Web Development,Auto Styling,Service x Subservice Page,Medium,High-intent service-specific web design page.,https://simplufy.com/
227,google ads for ceramic coating,Google Ads for Ceramic Coating,Commercial,Google PPC,Google PPC,Auto Styling,Paid Search Page,High,High-buying-intent PPC page.,https://simplufy.com/
228,seo for ceramic coating,SEO for Ceramic Coating,Commercial,SEO / AEO / GEO,SEO / AEO / GEO,Auto Styling,Organic Search Page,High,Organic visibility page tied to a specific service niche.,https://simplufy.com/
229,marketing for roof inspection,Marketing for Roof Inspection,Commercial,Industry,Full Stack,Roofing,Industry Subservice Page,High,Sub-niche page under Roofing.,https://simplufy.com/
230,lead generation for roof inspection,Lead Generation for Roof Inspection,Commercial,Industry,Full Stack,Roofing,Industry Subservice Page,High,Demand-gen page for specific buyer/service line.,https://simplufy.com/
231,website design for roof inspection,Website Design for Roof Inspection,Commercial,Web Development,Web Development,Roofing,Service x Subservice Page,Medium,High-intent service-specific web design page.,https://simplufy.com/
232,google ads for roof inspection,Google Ads for Roof Inspection,Commercial,Google PPC,Google PPC,Roofing,Paid Search Page,High,High-buying-intent PPC page.,https://simplufy.com/
233,seo for roof inspection,SEO for Roof Inspection,Commercial,SEO / AEO / GEO,SEO / AEO / GEO,Roofing,Organic Search Page,High,Organic visibility page tied to a specific service niche.,https://simplufy.com/
234,marketing for storm damage roofing,Marketing for Storm Damage Roofing,Commercial,Industry,Full Stack,Roofing,Industry Subservice Page,High,Sub-niche page under Roofing.,https://simplufy.com/
235,lead generation for storm damage roofing,Lead Generation for Storm Damage Roofing,Commercial,Industry,Full Stack,Roofing,Industry Subservice Page,High,Demand-gen page for specific buyer/service line.,https://simplufy.com/
236,website design for storm damage roofing,Website Design for Storm Damage Roofing,Commercial,Web Development,Web Development,Roofing,Service x Subservice Page,Medium,High-intent service-specific web design page.,https://simplufy.com/
237,google ads for storm damage roofing,Google Ads for Storm Damage Roofing,Commercial,Google PPC,Google PPC,Roofing,Paid Search Page,High,High-buying-intent PPC page.,https://simplufy.com/
238,seo for storm damage roofing,SEO for Storm Damage Roofing,Commercial,SEO / AEO / GEO,SEO / AEO / GEO,Roofing,Organic Search Page,High,Organic visibility page tied to a specific service niche.,https://simplufy.com/
239,marketing for roof replacement,Marketing for Roof Replacement,Commercial,Industry,Full Stack,Roofing,Industry Subservice Page,High,Sub-niche page under Roofing.,https://simplufy.com/
240,lead generation for roof replacement,Lead Generation for Roof Replacement,Commercial,Industry,Full Stack,Roofing,Industry Subservice Page,High,Demand-gen page for specific buyer/service line.,https://simplufy.com/
241,website design for roof replacement,Website Design for Roof Replacement,Commercial,Web Development,Web Development,Roofing,Service x Subservice Page,Medium,High-intent service-specific web design page.,https://simplufy.com/
242,google ads for roof replacement,Google Ads for Roof Replacement,Commercial,Google PPC,Google PPC,Roofing,Paid Search Page,High,High-buying-intent PPC page.,https://simplufy.com/
243,seo for roof replacement,SEO for Roof Replacement,Commercial,SEO / AEO / GEO,SEO / AEO / GEO,Roofing,Organic Search Page,High,Organic visibility page tied to a specific service niche.,https://simplufy.com/
244,marketing for roof repair,Marketing for Roof Repair,Commercial,Industry,Full Stack,Roofing,Industry Subservice Page,High,Sub-niche page under Roofing.,https://simplufy.com/
245,lead generation for roof repair,Lead Generation for Roof Repair,Commercial,Industry,Full Stack,Roofing,Industry Subservice Page,High,Demand-gen page for specific buyer/service line.,https://simplufy.com/
246,website design for roof repair,Website Design for Roof Repair,Commercial,Web Development,Web Development,Roofing,Service x Subservice Page,Medium,High-intent service-specific web design page.,https://simplufy.com/
247,google ads for roof repair,Google Ads for Roof Repair,Commercial,Google PPC,Google PPC,Roofing,Paid Search Page,High,High-buying-intent PPC page.,https://simplufy.com/
248,seo for roof repair,SEO for Roof Repair,Commercial,SEO / AEO / GEO,SEO / AEO / GEO,Roofing,Organic Search Page,High,Organic visibility page tied to a specific service niche.,https://simplufy.com/
249,marketing for emergency plumbing,Marketing for Emergency Plumbing,Commercial,Industry,Full Stack,Plumbing,Industry Subservice Page,High,Sub-niche page under Plumbing.,https://simplufy.com/
250,lead generation for emergency plumbing,Lead Generation for Emergency Plumbing,Commercial,Industry,Full Stack,Plumbing,Industry Subservice Page,High,Demand-gen page for specific buyer/service line.,https://simplufy.com/
251,website design for emergency plumbing,Website Design for Emergency Plumbing,Commercial,Web Development,Web Development,Plumbing,Service x Subservice Page,Medium,High-intent service-specific web design page.,https://simplufy.com/
252,google ads for emergency plumbing,Google Ads for Emergency Plumbing,Commercial,Google PPC,Google PPC,Plumbing,Paid Search Page,High,High-buying-intent PPC page.,https://simplufy.com/
253,seo for emergency plumbing,SEO for Emergency Plumbing,Commercial,SEO / AEO / GEO,SEO / AEO / GEO,Plumbing,Organic Search Page,High,Organic visibility page tied to a specific service niche.,https://simplufy.com/
254,marketing for drain cleaning,Marketing for Drain Cleaning,Commercial,Industry,Full Stack,Plumbing,Industry Subservice Page,High,Sub-niche page under Plumbing.,https://simplufy.com/
255,lead generation for drain cleaning,Lead Generation for Drain Cleaning,Commercial,Industry,Full Stack,Plumbing,Industry Subservice Page,High,Demand-gen page for specific buyer/service line.,https://simplufy.com/
256,website design for drain cleaning,Website Design for Drain Cleaning,Commercial,Web Development,Web Development,Plumbing,Service x Subservice Page,Medium,High-intent service-specific web design page.,https://simplufy.com/
257,google ads for drain cleaning,Google Ads for Drain Cleaning,Commercial,Google PPC,Google PPC,Plumbing,Paid Search Page,High,High-buying-intent PPC page.,https://simplufy.com/
258,seo for drain cleaning,SEO for Drain Cleaning,Commercial,SEO / AEO / GEO,SEO / AEO / GEO,Plumbing,Organic Search Page,High,Organic visibility page tied to a specific service niche.,https://simplufy.com/
259,marketing for water heater,Marketing for Water Heater,Commercial,Industry,Full Stack,Plumbing,Industry Subservice Page,High,Sub-niche page under Plumbing.,https://simplufy.com/
260,lead generation for water heater,Lead Generation for Water Heater,Commercial,Industry,Full Stack,Plumbing,Industry Subservice Page,High,Demand-gen page for specific buyer/service line.,https://simplufy.com/
261,website design for water heater,Website Design for Water Heater,Commercial,Web Development,Web Development,Plumbing,Service x Subservice Page,Medium,High-intent service-specific web design page.,https://simplufy.com/
262,google ads for water heater,Google Ads for Water Heater,Commercial,Google PPC,Google PPC,Plumbing,Paid Search Page,High,High-buying-intent PPC page.,https://simplufy.com/
263,seo for water heater,SEO for Water Heater,Commercial,SEO / AEO / GEO,SEO / AEO / GEO,Plumbing,Organic Search Page,High,Organic visibility page tied to a specific service niche.,https://simplufy.com/
264,marketing for plumber,Marketing for Plumber,Commercial,Industry,Full Stack,Plumbing,Industry Subservice Page,High,Sub-niche page under Plumbing.,https://simplufy.com/
265,lead generation for plumber,Lead Generation for Plumber,Commercial,Industry,Full Stack,Plumbing,Industry Subservice Page,High,Demand-gen page for specific buyer/service line.,https://simplufy.com/
266,website design for plumber,Website Design for Plumber,Commercial,Web Development,Web Development,Plumbing,Service x Subservice Page,Medium,High-intent service-specific web design page.,https://simplufy.com/
267,google ads for plumber,Google Ads for Plumber,Commercial,Google PPC,Google PPC,Plumbing,Paid Search Page,High,High-buying-intent PPC page.,https://simplufy.com/
268,seo for plumber,SEO for Plumber,Commercial,SEO / AEO / GEO,SEO / AEO / GEO,Plumbing,Organic Search Page,High,Organic visibility page tied to a specific service niche.,https://simplufy.com/
269,marketing for termite control,Marketing for Termite Control,Commercial,Industry,Full Stack,Pest Control,Industry Subservice Page,High,Sub-niche page under Pest Control.,https://simplufy.com/
270,lead generation for termite control,Lead Generation for Termite Control,Commercial,Industry,Full Stack,Pest Control,Industry Subservice Page,High,Demand-gen page for specific buyer/service line.,https://simplufy.com/
271,website design for termite control,Website Design for Termite Control,Commercial,Web Development,Web Development,Pest Control,Service x Subservice Page,Medium,High-intent service-specific web design page.,https://simplufy.com/
272,google ads for termite control,Google Ads for Termite Control,Commercial,Google PPC,Google PPC,Pest Control,Paid Search Page,High,High-buying-intent PPC page.,https://simplufy.com/
273,seo for termite control,SEO for Termite Control,Commercial,SEO / AEO / GEO,SEO / AEO / GEO,Pest Control,Organic Search Page,High,Organic visibility page tied to a specific service niche.,https://simplufy.com/
274,marketing for rodent removal,Marketing for Rodent Removal,Commercial,Industry,Full Stack,Pest Control,Industry Subservice Page,High,Sub-niche page under Pest Control.,https://simplufy.com/
275,lead generation for rodent removal,Lead Generation for Rodent Removal,Commercial,Industry,Full Stack,Pest Control,Industry Subservice Page,High,Demand-gen page for specific buyer/service line.,https://simplufy.com/
276,website design for rodent removal,Website Design for Rodent Removal,Commercial,Web Development,Web Development,Pest Control,Service x Subservice Page,Medium,High-intent service-specific web design page.,https://simplufy.com/
277,google ads for rodent removal,Google Ads for Rodent Removal,Commercial,Google PPC,Google PPC,Pest Control,Paid Search Page,High,High-buying-intent PPC page.,https://simplufy.com/
278,seo for rodent removal,SEO for Rodent Removal,Commercial,SEO / AEO / GEO,SEO / AEO / GEO,Pest Control,Organic Search Page,High,Organic visibility page tied to a specific service niche.,https://simplufy.com/
279,marketing for mosquito control,Marketing for Mosquito Control,Commercial,Industry,Full Stack,Pest Control,Industry Subservice Page,High,Sub-niche page under Pest Control.,https://simplufy.com/
280,lead generation for mosquito control,Lead Generation for Mosquito Control,Commercial,Industry,Full Stack,Pest Control,Industry Subservice Page,High,Demand-gen page for specific buyer/service line.,https://simplufy.com/
281,website design for mosquito control,Website Design for Mosquito Control,Commercial,Web Development,Web Development,Pest Control,Service x Subservice Page,Medium,High-intent service-specific web design page.,https://simplufy.com/
282,google ads for mosquito control,Google Ads for Mosquito Control,Commercial,Google PPC,Google PPC,Pest Control,Paid Search Page,High,High-buying-intent PPC page.,https://simplufy.com/
283,seo for mosquito control,SEO for Mosquito Control,Commercial,SEO / AEO / GEO,SEO / AEO / GEO,Pest Control,Organic Search Page,High,Organic visibility page tied to a specific service niche.,https://simplufy.com/
284,marketing for exterminator,Marketing for Exterminator,Commercial,Industry,Full Stack,Pest Control,Industry Subservice Page,High,Sub-niche page under Pest Control.,https://simplufy.com/
285,lead generation for exterminator,Lead Generation for Exterminator,Commercial,Industry,Full Stack,Pest Control,Industry Subservice Page,High,Demand-gen page for specific buyer/service line.,https://simplufy.com/
286,website design for exterminator,Website Design for Exterminator,Commercial,Web Development,Web Development,Pest Control,Service x Subservice Page,Medium,High-intent service-specific web design page.,https://simplufy.com/
287,google ads for exterminator,Google Ads for Exterminator,Commercial,Google PPC,Google PPC,Pest Control,Paid Search Page,High,High-buying-intent PPC page.,https://simplufy.com/
288,seo for exterminator,SEO for Exterminator,Commercial,SEO / AEO / GEO,SEO / AEO / GEO,Pest Control,Organic Search Page,High,Organic visibility page tied to a specific service niche.,https://simplufy.com/
289,marketing for lawn care,Marketing for Lawn Care,Commercial,Industry,Full Stack,Landscaping,Industry Subservice Page,High,Sub-niche page under Landscaping.,https://simplufy.com/
290,lead generation for lawn care,Lead Generation for Lawn Care,Commercial,Industry,Full Stack,Landscaping,Industry Subservice Page,High,Demand-gen page for specific buyer/service line.,https://simplufy.com/
291,website design for lawn care,Website Design for Lawn Care,Commercial,Web Development,Web Development,Landscaping,Service x Subservice Page,Medium,High-intent service-specific web design page.,https://simplufy.com/
292,google ads for lawn care,Google Ads for Lawn Care,Commercial,Google PPC,Google PPC,Landscaping,Paid Search Page,High,High-buying-intent PPC page.,https://simplufy.com/
293,seo for lawn care,SEO for Lawn Care,Commercial,SEO / AEO / GEO,SEO / AEO / GEO,Landscaping,Organic Search Page,High,Organic visibility page tied to a specific service niche.,https://simplufy.com/
294,marketing for landscape design,Marketing for Landscape Design,Commercial,Industry,Full Stack,Landscaping,Industry Subservice Page,High,Sub-niche page under Landscaping.,https://simplufy.com/
295,lead generation for landscape design,Lead Generation for Landscape Design,Commercial,Industry,Full Stack,Landscaping,Industry Subservice Page,High,Demand-gen page for specific buyer/service line.,https://simplufy.com/
296,website design for landscape design,Website Design for Landscape Design,Commercial,Web Development,Web Development,Landscaping,Service x Subservice Page,Medium,High-intent service-specific web design page.,https://simplufy.com/
297,google ads for landscape design,Google Ads for Landscape Design,Commercial,Google PPC,Google PPC,Landscaping,Paid Search Page,High,High-buying-intent PPC page.,https://simplufy.com/
298,seo for landscape design,SEO for Landscape Design,Commercial,SEO / AEO / GEO,SEO / AEO / GEO,Landscaping,Organic Search Page,High,Organic visibility page tied to a specific service niche.,https://simplufy.com/
299,marketing for irrigation,Marketing for Irrigation,Commercial,Industry,Full Stack,Landscaping,Industry Subservice Page,High,Sub-niche page under Landscaping.,https://simplufy.com/
300,lead generation for irrigation,Lead Generation for Irrigation,Commercial,Industry,Full Stack,Landscaping,Industry Subservice Page,High,Demand-gen page for specific buyer/service line.,https://simplufy.com/
301,website design for irrigation,Website Design for Irrigation,Commercial,Web Development,Web Development,Landscaping,Service x Subservice Page,Medium,High-intent service-specific web design page.,https://simplufy.com/
302,google ads for irrigation,Google Ads for Irrigation,Commercial,Google PPC,Google PPC,Landscaping,Paid Search Page,High,High-buying-intent PPC page.,https://simplufy.com/
303,seo for irrigation,SEO for Irrigation,Commercial,SEO / AEO / GEO,SEO / AEO / GEO,Landscaping,Organic Search Page,High,Organic visibility page tied to a specific service niche.,https://simplufy.com/
304,marketing for hardscaping,Marketing for Hardscaping,Commercial,Industry,Full Stack,Landscaping,Industry Subservice Page,High,Sub-niche page under Landscaping.,https://simplufy.com/
305,lead generation for hardscaping,Lead Generation for Hardscaping,Commercial,Industry,Full Stack,Landscaping,Industry Subservice Page,High,Demand-gen page for specific buyer/service line.,https://simplufy.com/
306,website design for hardscaping,Website Design for Hardscaping,Commercial,Web Development,Web Development,Landscaping,Service x Subservice Page,Medium,High-intent service-specific web design page.,https://simplufy.com/
307,google ads for hardscaping,Google Ads for Hardscaping,Commercial,Google PPC,Google PPC,Landscaping,Paid Search Page,High,High-buying-intent PPC page.,https://simplufy.com/
308,seo for hardscaping,SEO for Hardscaping,Commercial,SEO / AEO / GEO,SEO / AEO / GEO,Landscaping,Organic Search Page,High,Organic visibility page tied to a specific service niche.,https://simplufy.com/
309,marketing for window replacement,Marketing for Window Replacement,Commercial,Industry,Full Stack,Window Companies,Industry Subservice Page,High,Sub-niche page under Window Companies.,https://simplufy.com/
310,lead generation for window replacement,Lead Generation for Window Replacement,Commercial,Industry,Full Stack,Window Companies,Industry Subservice Page,High,Demand-gen page for specific buyer/service line.,https://simplufy.com/
311,website design for window replacement,Website Design for Window Replacement,Commercial,Web Development,Web Development,Window Companies,Service x Subservice Page,Medium,High-intent service-specific web design page.,https://simplufy.com/
312,google ads for window replacement,Google Ads for Window Replacement,Commercial,Google PPC,Google PPC,Window Companies,Paid Search Page,High,High-buying-intent PPC page.,https://simplufy.com/
313,seo for window replacement,SEO for Window Replacement,Commercial,SEO / AEO / GEO,SEO / AEO / GEO,Window Companies,Organic Search Page,High,Organic visibility page tied to a specific service niche.,https://simplufy.com/
314,marketing for window cleaning,Marketing for Window Cleaning,Commercial,Industry,Full Stack,Window Companies,Industry Subservice Page,High,Sub-niche page under Window Companies.,https://simplufy.com/
315,lead generation for window cleaning,Lead Generation for Window Cleaning,Commercial,Industry,Full Stack,Window Companies,Industry Subservice Page,High,Demand-gen page for specific buyer/service line.,https://simplufy.com/
316,website design for window cleaning,Website Design for Window Cleaning,Commercial,Web Development,Web Development,Window Companies,Service x Subservice Page,Medium,High-intent service-specific web design page.,https://simplufy.com/
317,google ads for window cleaning,Google Ads for Window Cleaning,Commercial,Google PPC,Google PPC,Window Companies,Paid Search Page,High,High-buying-intent PPC page.,https://simplufy.com/
318,seo for window cleaning,SEO for Window Cleaning,Commercial,SEO / AEO / GEO,SEO / AEO / GEO,Window Companies,Organic Search Page,High,Organic visibility page tied to a specific service niche.,https://simplufy.com/
319,marketing for window tinting,Marketing for Window Tinting,Commercial,Industry,Full Stack,Window Companies,Industry Subservice Page,High,Sub-niche page under Window Companies.,https://simplufy.com/
320,lead generation for window tinting,Lead Generation for Window Tinting,Commercial,Industry,Full Stack,Window Companies,Industry Subservice Page,High,Demand-gen page for specific buyer/service line.,https://simplufy.com/
321,website design for window tinting,Website Design for Window Tinting,Commercial,Web Development,Web Development,Window Companies,Service x Subservice Page,Medium,High-intent service-specific web design page.,https://simplufy.com/
322,google ads for window tinting,Google Ads for Window Tinting,Commercial,Google PPC,Google PPC,Window Companies,Paid Search Page,High,High-buying-intent PPC page.,https://simplufy.com/
323,seo for window tinting,SEO for Window Tinting,Commercial,SEO / AEO / GEO,SEO / AEO / GEO,Window Companies,Organic Search Page,High,Organic visibility page tied to a specific service niche.,https://simplufy.com/
324,marketing for window treatments,Marketing for Window Treatments,Commercial,Industry,Full Stack,Window Companies,Industry Subservice Page,High,Sub-niche page under Window Companies.,https://simplufy.com/
325,lead generation for window treatments,Lead Generation for Window Treatments,Commercial,Industry,Full Stack,Window Companies,Industry Subservice Page,High,Demand-gen page for specific buyer/service line.,https://simplufy.com/
326,website design for window treatments,Website Design for Window Treatments,Commercial,Web Development,Web Development,Window Companies,Service x Subservice Page,Medium,High-intent service-specific web design page.,https://simplufy.com/
327,google ads for window treatments,Google Ads for Window Treatments,Commercial,Google PPC,Google PPC,Window Companies,Paid Search Page,High,High-buying-intent PPC page.,https://simplufy.com/
328,seo for window treatments,SEO for Window Treatments,Commercial,SEO / AEO / GEO,SEO / AEO / GEO,Window Companies,Organic Search Page,High,Organic visibility page tied to a specific service niche.,https://simplufy.com/
329,marketing for home automation,Marketing for Home Automation,Commercial,Industry,Full Stack,Smart Home Installers,Industry Subservice Page,High,Sub-niche page under Smart Home Installers.,https://simplufy.com/
330,lead generation for home automation,Lead Generation for Home Automation,Commercial,Industry,Full Stack,Smart Home Installers,Industry Subservice Page,High,Demand-gen page for specific buyer/service line.,https://simplufy.com/
331,website design for home automation,Website Design for Home Automation,Commercial,Web Development,Web Development,Smart Home Installers,Service x Subservice Page,Medium,High-intent service-specific web design page.,https://simplufy.com/
332,google ads for home automation,Google Ads for Home Automation,Commercial,Google PPC,Google PPC,Smart Home Installers,Paid Search Page,High,High-buying-intent PPC page.,https://simplufy.com/
333,seo for home automation,SEO for Home Automation,Commercial,SEO / AEO / GEO,SEO / AEO / GEO,Smart Home Installers,Organic Search Page,High,Organic visibility page tied to a specific service niche.,https://simplufy.com/
334,marketing for security systems,Marketing for Security Systems,Commercial,Industry,Full Stack,Smart Home Installers,Industry Subservice Page,High,Sub-niche page under Smart Home Installers.,https://simplufy.com/
335,lead generation for security systems,Lead Generation for Security Systems,Commercial,Industry,Full Stack,Smart Home Installers,Industry Subservice Page,High,Demand-gen page for specific buyer/service line.,https://simplufy.com/
336,website design for security systems,Website Design for Security Systems,Commercial,Web Development,Web Development,Smart Home Installers,Service x Subservice Page,Medium,High-intent service-specific web design page.,https://simplufy.com/
337,google ads for security systems,Google Ads for Security Systems,Commercial,Google PPC,Google PPC,Smart Home Installers,Paid Search Page,High,High-buying-intent PPC page.,https://simplufy.com/
338,seo for security systems,SEO for Security Systems,Commercial,SEO / AEO / GEO,SEO / AEO / GEO,Smart Home Installers,Organic Search Page,High,Organic visibility page tied to a specific service niche.,https://simplufy.com/
339,marketing for AV installation,Marketing for Av Installation,Commercial,Industry,Full Stack,Smart Home Installers,Industry Subservice Page,High,Sub-niche page under Smart Home Installers.,https://simplufy.com/
340,lead generation for AV installation,Lead Generation for Av Installation,Commercial,Industry,Full Stack,Smart Home Installers,Industry Subservice Page,High,Demand-gen page for specific buyer/service line.,https://simplufy.com/
341,website design for AV installation,Website Design for Av Installation,Commercial,Web Development,Web Development,Smart Home Installers,Service x Subservice Page,Medium,High-intent service-specific web design page.,https://simplufy.com/
342,google ads for AV installation,Google Ads for Av Installation,Commercial,Google PPC,Google PPC,Smart Home Installers,Paid Search Page,High,High-buying-intent PPC page.,https://simplufy.com/
343,seo for AV installation,SEO for Av Installation,Commercial,SEO / AEO / GEO,SEO / AEO / GEO,Smart Home Installers,Organic Search Page,High,Organic visibility page tied to a specific service niche.,https://simplufy.com/
344,marketing for networking,Marketing for Networking,Commercial,Industry,Full Stack,Smart Home Installers,Industry Subservice Page,High,Sub-niche page under Smart Home Installers.,https://simplufy.com/
345,lead generation for networking,Lead Generation for Networking,Commercial,Industry,Full Stack,Smart Home Installers,Industry Subservice Page,High,Demand-gen page for specific buyer/service line.,https://simplufy.com/
346,website design for networking,Website Design for Networking,Commercial,Web Development,Web Development,Smart Home Installers,Service x Subservice Page,Medium,High-intent service-specific web design page.,https://simplufy.com/
347,google ads for networking,Google Ads for Networking,Commercial,Google PPC,Google PPC,Smart Home Installers,Paid Search Page,High,High-buying-intent PPC page.,https://simplufy.com/
348,seo for networking,SEO for Networking,Commercial,SEO / AEO / GEO,SEO / AEO / GEO,Smart Home Installers,Organic Search Page,High,Organic visibility page tied to a specific service niche.,https://simplufy.com/
349,marketing for general contractors,Marketing for General Contractors,Commercial,Industry,Full Stack,Contractors,Industry Subservice Page,High,Sub-niche page under Contractors.,https://simplufy.com/
350,lead generation for general contractors,Lead Generation for General Contractors,Commercial,Industry,Full Stack,Contractors,Industry Subservice Page,High,Demand-gen page for specific buyer/service line.,https://simplufy.com/
351,website design for general contractors,Website Design for General Contractors,Commercial,Web Development,Web Development,Contractors,Service x Subservice Page,Medium,High-intent service-specific web design page.,https://simplufy.com/
352,google ads for general contractors,Google Ads for General Contractors,Commercial,Google PPC,Google PPC,Contractors,Paid Search Page,High,High-buying-intent PPC page.,https://simplufy.com/
353,seo for general contractors,SEO for General Contractors,Commercial,SEO / AEO / GEO,SEO / AEO / GEO,Contractors,Organic Search Page,High,Organic visibility page tied to a specific service niche.,https://simplufy.com/
354,marketing for remodelers,Marketing for Remodelers,Commercial,Industry,Full Stack,Contractors,Industry Subservice Page,High,Sub-niche page under Contractors.,https://simplufy.com/
355,lead generation for remodelers,Lead Generation for Remodelers,Commercial,Industry,Full Stack,Contractors,Industry Subservice Page,High,Demand-gen page for specific buyer/service line.,https://simplufy.com/
356,website design for remodelers,Website Design for Remodelers,Commercial,Web Development,Web Development,Contractors,Service x Subservice Page,Medium,High-intent service-specific web design page.,https://simplufy.com/
357,google ads for remodelers,Google Ads for Remodelers,Commercial,Google PPC,Google PPC,Contractors,Paid Search Page,High,High-buying-intent PPC page.,https://simplufy.com/
358,seo for remodelers,SEO for Remodelers,Commercial,SEO / AEO / GEO,SEO / AEO / GEO,Contractors,Organic Search Page,High,Organic visibility page tied to a specific service niche.,https://simplufy.com/
359,marketing for HVAC companies,Marketing for Hvac Companies,Commercial,Industry,Full Stack,Contractors,Industry Subservice Page,High,Sub-niche page under Contractors.,https://simplufy.com/
360,lead generation for HVAC companies,Lead Generation for Hvac Companies,Commercial,Industry,Full Stack,Contractors,Industry Subservice Page,High,Demand-gen page for specific buyer/service line.,https://simplufy.com/
361,website design for HVAC companies,Website Design for Hvac Companies,Commercial,Web Development,Web Development,Contractors,Service x Subservice Page,Medium,High-intent service-specific web design page.,https://simplufy.com/
362,google ads for HVAC companies,Google Ads for Hvac Companies,Commercial,Google PPC,Google PPC,Contractors,Paid Search Page,High,High-buying-intent PPC page.,https://simplufy.com/
363,seo for HVAC companies,SEO for Hvac Companies,Commercial,SEO / AEO / GEO,SEO / AEO / GEO,Contractors,Organic Search Page,High,Organic visibility page tied to a specific service niche.,https://simplufy.com/
364,marketing for electricians,Marketing for Electricians,Commercial,Industry,Full Stack,Contractors,Industry Subservice Page,High,Sub-niche page under Contractors.,https://simplufy.com/
365,lead generation for electricians,Lead Generation for Electricians,Commercial,Industry,Full Stack,Contractors,Industry Subservice Page,High,Demand-gen page for specific buyer/service line.,https://simplufy.com/
366,website design for electricians,Website Design for Electricians,Commercial,Web Development,Web Development,Contractors,Service x Subservice Page,Medium,High-intent service-specific web design page.,https://simplufy.com/
367,google ads for electricians,Google Ads for Electricians,Commercial,Google PPC,Google PPC,Contractors,Paid Search Page,High,High-buying-intent PPC page.,https://simplufy.com/
368,seo for electricians,SEO for Electricians,Commercial,SEO / AEO / GEO,SEO / AEO / GEO,Contractors,Organic Search Page,High,Organic visibility page tied to a specific service niche.,https://simplufy.com/
369,marketing for painters,Marketing for Painters,Commercial,Industry,Full Stack,Contractors,Industry Subservice Page,High,Sub-niche page under Contractors.,https://simplufy.com/
370,lead generation for painters,Lead Generation for Painters,Commercial,Industry,Full Stack,Contractors,Industry Subservice Page,High,Demand-gen page for specific buyer/service line.,https://simplufy.com/
371,website design for painters,Website Design for Painters,Commercial,Web Development,Web Development,Contractors,Service x Subservice Page,Medium,High-intent service-specific web design page.,https://simplufy.com/
372,google ads for painters,Google Ads for Painters,Commercial,Google PPC,Google PPC,Contractors,Paid Search Page,High,High-buying-intent PPC page.,https://simplufy.com/
373,seo for painters,SEO for Painters,Commercial,SEO / AEO / GEO,SEO / AEO / GEO,Contractors,Organic Search Page,High,Organic visibility page tied to a specific service niche.,https://simplufy.com/
374,marketing for pool builders,Marketing for Pool Builders,Commercial,Industry,Full Stack,Contractors,Industry Subservice Page,High,Sub-niche page under Contractors.,https://simplufy.com/
375,lead generation for pool builders,Lead Generation for Pool Builders,Commercial,Industry,Full Stack,Contractors,Industry Subservice Page,High,Demand-gen page for specific buyer/service line.,https://simplufy.com/
376,website design for pool builders,Website Design for Pool Builders,Commercial,Web Development,Web Development,Contractors,Service x Subservice Page,Medium,High-intent service-specific web design page.,https://simplufy.com/
377,google ads for pool builders,Google Ads for Pool Builders,Commercial,Google PPC,Google PPC,Contractors,Paid Search Page,High,High-buying-intent PPC page.,https://simplufy.com/
378,seo for pool builders,SEO for Pool Builders,Commercial,SEO / AEO / GEO,SEO / AEO / GEO,Contractors,Organic Search Page,High,Organic visibility page tied to a specific service niche.,https://simplufy.com/
379,marketing for fence companies,Marketing for Fence Companies,Commercial,Industry,Full Stack,Contractors,Industry Subservice Page,High,Sub-niche page under Contractors.,https://simplufy.com/
380,lead generation for fence companies,Lead Generation for Fence Companies,Commercial,Industry,Full Stack,Contractors,Industry Subservice Page,High,Demand-gen page for specific buyer/service line.,https://simplufy.com/
381,website design for fence companies,Website Design for Fence Companies,Commercial,Web Development,Web Development,Contractors,Service x Subservice Page,Medium,High-intent service-specific web design page.,https://simplufy.com/
382,google ads for fence companies,Google Ads for Fence Companies,Commercial,Google PPC,Google PPC,Contractors,Paid Search Page,High,High-buying-intent PPC page.,https://simplufy.com/
383,seo for fence companies,SEO for Fence Companies,Commercial,SEO / AEO / GEO,SEO / AEO / GEO,Contractors,Organic Search Page,High,Organic visibility page tied to a specific service niche.,https://simplufy.com/
384,marketing for flooring companies,Marketing for Flooring Companies,Commercial,Industry,Full Stack,Contractors,Industry Subservice Page,High,Sub-niche page under Contractors.,https://simplufy.com/
385,lead generation for flooring companies,Lead Generation for Flooring Companies,Commercial,Industry,Full Stack,Contractors,Industry Subservice Page,High,Demand-gen page for specific buyer/service line.,https://simplufy.com/
386,website design for flooring companies,Website Design for Flooring Companies,Commercial,Web Development,Web Development,Contractors,Service x Subservice Page,Medium,High-intent service-specific web design page.,https://simplufy.com/
387,google ads for flooring companies,Google Ads for Flooring Companies,Commercial,Google PPC,Google PPC,Contractors,Paid Search Page,High,High-buying-intent PPC page.,https://simplufy.com/
388,seo for flooring companies,SEO for Flooring Companies,Commercial,SEO / AEO / GEO,SEO / AEO / GEO,Contractors,Organic Search Page,High,Organic visibility page tied to a specific service niche.,https://simplufy.com/
389,marketing for restoration companies,Marketing for Restoration Companies,Commercial,Industry,Full Stack,Contractors,Industry Subservice Page,High,Sub-niche page under Contractors.,https://simplufy.com/
390,lead generation for restoration companies,Lead Generation for Restoration Companies,Commercial,Industry,Full Stack,Contractors,Industry Subservice Page,High,Demand-gen page for specific buyer/service line.,https://simplufy.com/
391,website design for restoration companies,Website Design for Restoration Companies,Commercial,Web Development,Web Development,Contractors,Service x Subservice Page,Medium,High-intent service-specific web design page.,https://simplufy.com/
392,google ads for restoration companies,Google Ads for Restoration Companies,Commercial,Google PPC,Google PPC,Contractors,Paid Search Page,High,High-buying-intent PPC page.,https://simplufy.com/
393,seo for restoration companies,SEO for Restoration Companies,Commercial,SEO / AEO / GEO,SEO / AEO / GEO,Contractors,Organic Search Page,High,Organic visibility page tied to a specific service niche.,https://simplufy.com/
394,marketing for aesthetic clinics,Marketing for Aesthetic Clinics,Commercial,Industry,Full Stack,Med Spas,Industry Subservice Page,High,Sub-niche page under Med Spas.,https://simplufy.com/
395,lead generation for aesthetic clinics,Lead Generation for Aesthetic Clinics,Commercial,Industry,Full Stack,Med Spas,Industry Subservice Page,High,Demand-gen page for specific buyer/service line.,https://simplufy.com/
396,website design for aesthetic clinics,Website Design for Aesthetic Clinics,Commercial,Web Development,Web Development,Med Spas,Service x Subservice Page,Medium,High-intent service-specific web design page.,https://simplufy.com/
397,google ads for aesthetic clinics,Google Ads for Aesthetic Clinics,Commercial,Google PPC,Google PPC,Med Spas,Paid Search Page,High,High-buying-intent PPC page.,https://simplufy.com/
398,seo for aesthetic clinics,SEO for Aesthetic Clinics,Commercial,SEO / AEO / GEO,SEO / AEO / GEO,Med Spas,Organic Search Page,High,Organic visibility page tied to a specific service niche.,https://simplufy.com/
399,marketing for injectables,Marketing for Injectables,Commercial,Industry,Full Stack,Med Spas,Industry Subservice Page,High,Sub-niche page under Med Spas.,https://simplufy.com/
400,lead generation for injectables,Lead Generation for Injectables,Commercial,Industry,Full Stack,Med Spas,Industry Subservice Page,High,Demand-gen page for specific buyer/service line.,https://simplufy.com/
401,website design for injectables,Website Design for Injectables,Commercial,Web Development,Web Development,Med Spas,Service x Subservice Page,Medium,High-intent service-specific web design page.,https://simplufy.com/
402,google ads for injectables,Google Ads for Injectables,Commercial,Google PPC,Google PPC,Med Spas,Paid Search Page,High,High-buying-intent PPC page.,https://simplufy.com/
403,seo for injectables,SEO for Injectables,Commercial,SEO / AEO / GEO,SEO / AEO / GEO,Med Spas,Organic Search Page,High,Organic visibility page tied to a specific service niche.,https://simplufy.com/
404,marketing for laser hair removal,Marketing for Laser Hair Removal,Commercial,Industry,Full Stack,Med Spas,Industry Subservice Page,High,Sub-niche page under Med Spas.,https://simplufy.com/
405,lead generation for laser hair removal,Lead Generation for Laser Hair Removal,Commercial,Industry,Full Stack,Med Spas,Industry Subservice Page,High,Demand-gen page for specific buyer/service line.,https://simplufy.com/
406,website design for laser hair removal,Website Design for Laser Hair Removal,Commercial,Web Development,Web Development,Med Spas,Service x Subservice Page,Medium,High-intent service-specific web design page.,https://simplufy.com/
407,google ads for laser hair removal,Google Ads for Laser Hair Removal,Commercial,Google PPC,Google PPC,Med Spas,Paid Search Page,High,High-buying-intent PPC page.,https://simplufy.com/
408,seo for laser hair removal,SEO for Laser Hair Removal,Commercial,SEO / AEO / GEO,SEO / AEO / GEO,Med Spas,Organic Search Page,High,Organic visibility page tied to a specific service niche.,https://simplufy.com/
409,marketing for body contouring,Marketing for Body Contouring,Commercial,Industry,Full Stack,Med Spas,Industry Subservice Page,High,Sub-niche page under Med Spas.,https://simplufy.com/
410,lead generation for body contouring,Lead Generation for Body Contouring,Commercial,Industry,Full Stack,Med Spas,Industry Subservice Page,High,Demand-gen page for specific buyer/service line.,https://simplufy.com/
411,website design for body contouring,Website Design for Body Contouring,Commercial,Web Development,Web Development,Med Spas,Service x Subservice Page,Medium,High-intent service-specific web design page.,https://simplufy.com/
412,google ads for body contouring,Google Ads for Body Contouring,Commercial,Google PPC,Google PPC,Med Spas,Paid Search Page,High,High-buying-intent PPC page.,https://simplufy.com/
413,seo for body contouring,SEO for Body Contouring,Commercial,SEO / AEO / GEO,SEO / AEO / GEO,Med Spas,Organic Search Page,High,Organic visibility page tied to a specific service niche.,https://simplufy.com/
414,marketing for skincare clinics,Marketing for Skincare Clinics,Commercial,Industry,Full Stack,Med Spas,Industry Subservice Page,High,Sub-niche page under Med Spas.,https://simplufy.com/
415,lead generation for skincare clinics,Lead Generation for Skincare Clinics,Commercial,Industry,Full Stack,Med Spas,Industry Subservice Page,High,Demand-gen page for specific buyer/service line.,https://simplufy.com/
416,website design for skincare clinics,Website Design for Skincare Clinics,Commercial,Web Development,Web Development,Med Spas,Service x Subservice Page,Medium,High-intent service-specific web design page.,https://simplufy.com/
417,google ads for skincare clinics,Google Ads for Skincare Clinics,Commercial,Google PPC,Google PPC,Med Spas,Paid Search Page,High,High-buying-intent PPC page.,https://simplufy.com/
418,seo for skincare clinics,SEO for Skincare Clinics,Commercial,SEO / AEO / GEO,SEO / AEO / GEO,Med Spas,Organic Search Page,High,Organic visibility page tied to a specific service niche.,https://simplufy.com/
419,marketing for consultants,Marketing for Consultants,Commercial,Industry,Full Stack,B2B Services,Industry Subservice Page,High,Sub-niche page under B2B Services.,https://simplufy.com/
420,lead generation for consultants,Lead Generation for Consultants,Commercial,Industry,Full Stack,B2B Services,Industry Subservice Page,High,Demand-gen page for specific buyer/service line.,https://simplufy.com/
421,website design for consultants,Website Design for Consultants,Commercial,Web Development,Web Development,B2B Services,Service x Subservice Page,Medium,High-intent service-specific web design page.,https://simplufy.com/
422,google ads for consultants,Google Ads for Consultants,Commercial,Google PPC,Google PPC,B2B Services,Paid Search Page,High,High-buying-intent PPC page.,https://simplufy.com/
423,seo for consultants,SEO for Consultants,Commercial,SEO / AEO / GEO,SEO / AEO / GEO,B2B Services,Organic Search Page,High,Organic visibility page tied to a specific service niche.,https://simplufy.com/
424,marketing for agencies,Marketing for Agencies,Commercial,Industry,Full Stack,B2B Services,Industry Subservice Page,High,Sub-niche page under B2B Services.,https://simplufy.com/
425,lead generation for agencies,Lead Generation for Agencies,Commercial,Industry,Full Stack,B2B Services,Industry Subservice Page,High,Demand-gen page for specific buyer/service line.,https://simplufy.com/
426,website design for agencies,Website Design for Agencies,Commercial,Web Development,Web Development,B2B Services,Service x Subservice Page,Medium,High-intent service-specific web design page.,https://simplufy.com/
427,google ads for agencies,Google Ads for Agencies,Commercial,Google PPC,Google PPC,B2B Services,Paid Search Page,High,High-buying-intent PPC page.,https://simplufy.com/
428,seo for agencies,SEO for Agencies,Commercial,SEO / AEO / GEO,SEO / AEO / GEO,B2B Services,Organic Search Page,High,Organic visibility page tied to a specific service niche.,https://simplufy.com/
429,marketing for professional services,Marketing for Professional Services,Commercial,Industry,Full Stack,B2B Services,Industry Subservice Page,High,Sub-niche page under B2B Services.,https://simplufy.com/
430,lead generation for professional services,Lead Generation for Professional Services,Commercial,Industry,Full Stack,B2B Services,Industry Subservice Page,High,Demand-gen page for specific buyer/service line.,https://simplufy.com/
431,website design for professional services,Website Design for Professional Services,Commercial,Web Development,Web Development,B2B Services,Service x Subservice Page,Medium,High-intent service-specific web design page.,https://simplufy.com/
432,google ads for professional services,Google Ads for Professional Services,Commercial,Google PPC,Google PPC,B2B Services,Paid Search Page,High,High-buying-intent PPC page.,https://simplufy.com/
433,seo for professional services,SEO for Professional Services,Commercial,SEO / AEO / GEO,SEO / AEO / GEO,B2B Services,Organic Search Page,High,Organic visibility page tied to a specific service niche.,https://simplufy.com/
434,marketing for IT providers,Marketing for It Providers,Commercial,Industry,Full Stack,B2B Services,Industry Subservice Page,High,Sub-niche page under B2B Services.,https://simplufy.com/
435,lead generation for IT providers,Lead Generation for It Providers,Commercial,Industry,Full Stack,B2B Services,Industry Subservice Page,High,Demand-gen page for specific buyer/service line.,https://simplufy.com/
436,website design for IT providers,Website Design for It Providers,Commercial,Web Development,Web Development,B2B Services,Service x Subservice Page,Medium,High-intent service-specific web design page.,https://simplufy.com/
437,google ads for IT providers,Google Ads for It Providers,Commercial,Google PPC,Google PPC,B2B Services,Paid Search Page,High,High-buying-intent PPC page.,https://simplufy.com/
438,seo for IT providers,SEO for It Providers,Commercial,SEO / AEO / GEO,SEO / AEO / GEO,B2B Services,Organic Search Page,High,Organic visibility page tied to a specific service niche.,https://simplufy.com/
439,marketing for HR firms,Marketing for Hr Firms,Commercial,Industry,Full Stack,B2B Services,Industry Subservice Page,High,Sub-niche page under B2B Services.,https://simplufy.com/
440,lead generation for HR firms,Lead Generation for Hr Firms,Commercial,Industry,Full Stack,B2B Services,Industry Subservice Page,High,Demand-gen page for specific buyer/service line.,https://simplufy.com/
441,website design for HR firms,Website Design for Hr Firms,Commercial,Web Development,Web Development,B2B Services,Service x Subservice Page,Medium,High-intent service-specific web design page.,https://simplufy.com/
442,google ads for HR firms,Google Ads for Hr Firms,Commercial,Google PPC,Google PPC,B2B Services,Paid Search Page,High,High-buying-intent PPC page.,https://simplufy.com/
443,seo for HR firms,SEO for Hr Firms,Commercial,SEO / AEO / GEO,SEO / AEO / GEO,B2B Services,Organic Search Page,High,Organic visibility page tied to a specific service niche.,https://simplufy.com/
444,marketing for recruiting firms,Marketing for Recruiting Firms,Commercial,Industry,Full Stack,B2B Services,Industry Subservice Page,High,Sub-niche page under B2B Services.,https://simplufy.com/
445,lead generation for recruiting firms,Lead Generation for Recruiting Firms,Commercial,Industry,Full Stack,B2B Services,Industry Subservice Page,High,Demand-gen page for specific buyer/service line.,https://simplufy.com/
446,website design for recruiting firms,Website Design for Recruiting Firms,Commercial,Web Development,Web Development,B2B Services,Service x Subservice Page,Medium,High-intent service-specific web design page.,https://simplufy.com/
447,google ads for recruiting firms,Google Ads for Recruiting Firms,Commercial,Google PPC,Google PPC,B2B Services,Paid Search Page,High,High-buying-intent PPC page.,https://simplufy.com/
448,seo for recruiting firms,SEO for Recruiting Firms,Commercial,SEO / AEO / GEO,SEO / AEO / GEO,B2B Services,Organic Search Page,High,Organic visibility page tied to a specific service niche.,https://simplufy.com/
449,marketing for coaches,Marketing for Coaches,Commercial,Industry,Full Stack,Education & Training,Industry Subservice Page,High,Sub-niche page under Education & Training.,https://simplufy.com/
450,lead generation for coaches,Lead Generation for Coaches,Commercial,Industry,Full Stack,Education & Training,Industry Subservice Page,High,Demand-gen page for specific buyer/service line.,https://simplufy.com/
451,website design for coaches,Website Design for Coaches,Commercial,Web Development,Web Development,Education & Training,Service x Subservice Page,Medium,High-intent service-specific web design page.,https://simplufy.com/
452,google ads for coaches,Google Ads for Coaches,Commercial,Google PPC,Google PPC,Education & Training,Paid Search Page,High,High-buying-intent PPC page.,https://simplufy.com/
453,seo for coaches,SEO for Coaches,Commercial,SEO / AEO / GEO,SEO / AEO / GEO,Education & Training,Organic Search Page,High,Organic visibility page tied to a specific service niche.,https://simplufy.com/
454,marketing for course creators,Marketing for Course Creators,Commercial,Industry,Full Stack,Education & Training,Industry Subservice Page,High,Sub-niche page under Education & Training.,https://simplufy.com/
455,lead generation for course creators,Lead Generation for Course Creators,Commercial,Industry,Full Stack,Education & Training,Industry Subservice Page,High,Demand-gen page for specific buyer/service line.,https://simplufy.com/
456,website design for course creators,Website Design for Course Creators,Commercial,Web Development,Web Development,Education & Training,Service x Subservice Page,Medium,High-intent service-specific web design page.,https://simplufy.com/
457,google ads for course creators,Google Ads for Course Creators,Commercial,Google PPC,Google PPC,Education & Training,Paid Search Page,High,High-buying-intent PPC page.,https://simplufy.com/
458,seo for course creators,SEO for Course Creators,Commercial,SEO / AEO / GEO,SEO / AEO / GEO,Education & Training,Organic Search Page,High,Organic visibility page tied to a specific service niche.,https://simplufy.com/
459,marketing for training companies,Marketing for Training Companies,Commercial,Industry,Full Stack,Education & Training,Industry Subservice Page,High,Sub-niche page under Education & Training.,https://simplufy.com/
460,lead generation for training companies,Lead Generation for Training Companies,Commercial,Industry,Full Stack,Education & Training,Industry Subservice Page,High,Demand-gen page for specific buyer/service line.,https://simplufy.com/
461,website design for training companies,Website Design for Training Companies,Commercial,Web Development,Web Development,Education & Training,Service x Subservice Page,Medium,High-intent service-specific web design page.,https://simplufy.com/
462,google ads for training companies,Google Ads for Training Companies,Commercial,Google PPC,Google PPC,Education & Training,Paid Search Page,High,High-buying-intent PPC page.,https://simplufy.com/
463,seo for training companies,SEO for Training Companies,Commercial,SEO / AEO / GEO,SEO / AEO / GEO,Education & Training,Organic Search Page,High,Organic visibility page tied to a specific service niche.,https://simplufy.com/
464,marketing for private schools,Marketing for Private Schools,Commercial,Industry,Full Stack,Education & Training,Industry Subservice Page,High,Sub-niche page under Education & Training.,https://simplufy.com/
465,lead generation for private schools,Lead Generation for Private Schools,Commercial,Industry,Full Stack,Education & Training,Industry Subservice Page,High,Demand-gen page for specific buyer/service line.,https://simplufy.com/
466,website design for private schools,Website Design for Private Schools,Commercial,Web Development,Web Development,Education & Training,Service x Subservice Page,Medium,High-intent service-specific web design page.,https://simplufy.com/
467,google ads for private schools,Google Ads for Private Schools,Commercial,Google PPC,Google PPC,Education & Training,Paid Search Page,High,High-buying-intent PPC page.,https://simplufy.com/
468,seo for private schools,SEO for Private Schools,Commercial,SEO / AEO / GEO,SEO / AEO / GEO,Education & Training,Organic Search Page,High,Organic visibility page tied to a specific service niche.,https://simplufy.com/
469,marketing for workforce programs,Marketing for Workforce Programs,Commercial,Industry,Full Stack,Education & Training,Industry Subservice Page,High,Sub-niche page under Education & Training.,https://simplufy.com/
470,lead generation for workforce programs,Lead Generation for Workforce Programs,Commercial,Industry,Full Stack,Education & Training,Industry Subservice Page,High,Demand-gen page for specific buyer/service line.,https://simplufy.com/
471,website design for workforce programs,Website Design for Workforce Programs,Commercial,Web Development,Web Development,Education & Training,Service x Subservice Page,Medium,High-intent service-specific web design page.,https://simplufy.com/
472,google ads for workforce programs,Google Ads for Workforce Programs,Commercial,Google PPC,Google PPC,Education & Training,Paid Search Page,High,High-buying-intent PPC page.,https://simplufy.com/
473,seo for workforce programs,SEO for Workforce Programs,Commercial,SEO / AEO / GEO,SEO / AEO / GEO,Education & Training,Organic Search Page,High,Organic visibility page tied to a specific service niche.,https://simplufy.com/
474,how to get more booked calls for contractors,How to Get More Booked Calls for Contractors,Informational/Commercial,Problem/Solution,Web Development,All Service Businesses,Resource,Medium,"Useful for resources, supporting pages, and internal links.",https://simplufy.com/
475,how to follow up with leads faster,How to Follow Up With Leads Faster,Informational,Problem/Solution,CRM Solutions,All Service Businesses,Resource,Medium,"Useful for resources, supporting pages, and internal links.",https://simplufy.com/
476,missed call text back automation,Missed Call Text Back Automation,Commercial,Problem/Solution,CRM Solutions,All Service Businesses,CRM Page,Medium,"Useful for resources, supporting pages, and internal links.",https://simplufy.com/
477,speed to lead automation,Speed-to-Lead Automation,Commercial,Problem/Solution,CRM Solutions,All Service Businesses,CRM Page,Medium,"Useful for resources, supporting pages, and internal links.",https://simplufy.com/
478,lead routing automation,Lead Routing Automation,Commercial,Problem/Solution,CRM Solutions,All Service Businesses,CRM Page,Medium,"Useful for resources, supporting pages, and internal links.",https://simplufy.com/
479,go high level missed call text back,GoHighLevel Missed Call Text Back,Commercial,Problem/Solution,CRM Solutions,All Service Businesses,CRM Page,Medium,"Useful for resources, supporting pages, and internal links.",https://simplufy.com/
480,go high level pipeline setup,GoHighLevel Pipeline Setup,Commercial,Problem/Solution,CRM Solutions,All Service Businesses,CRM Page,Medium,"Useful for resources, supporting pages, and internal links.",https://simplufy.com/
481,go high level calendar setup,GoHighLevel Calendar Setup,Commercial,Problem/Solution,CRM Solutions,All Service Businesses,CRM Page,Medium,"Useful for resources, supporting pages, and internal links.",https://simplufy.com/
482,go high level forms and calendars,GoHighLevel Forms and Calendars,Commercial,Problem/Solution,CRM Solutions,All Service Businesses,CRM Page,Medium,"Useful for resources, supporting pages, and internal links.",https://simplufy.com/
483,local service business crm setup,Local Service Business CRM Setup,Commercial,Problem/Solution,CRM Solutions,All Service Businesses,CRM Page,Medium,"Useful for resources, supporting pages, and internal links.",https://simplufy.com/
484,contractor crm automation,Contractor CRM Automation,Commercial,Problem/Solution,CRM Solutions,All Service Businesses,CRM Page,Medium,"Useful for resources, supporting pages, and internal links.",https://simplufy.com/
485,med spa crm automation,Med Spa CRM Automation,Commercial,Problem/Solution,CRM Solutions,All Service Businesses,CRM Page,Medium,"Useful for resources, supporting pages, and internal links.",https://simplufy.com/
486,auto detailing crm automation,Auto Detailing CRM Automation,Commercial,Problem/Solution,CRM Solutions,All Service Businesses,CRM Page,Medium,"Useful for resources, supporting pages, and internal links.",https://simplufy.com/
487,roofing lead follow up automation,Roofing Lead Follow-Up Automation,Commercial,Problem/Solution,CRM Solutions,All Service Businesses,CRM Page,Medium,"Useful for resources, supporting pages, and internal links.",https://simplufy.com/
488,plumbing lead follow up automation,Plumbing Lead Follow-Up Automation,Commercial,Problem/Solution,CRM Solutions,All Service Businesses,CRM Page,Medium,"Useful for resources, supporting pages, and internal links.",https://simplufy.com/
489,pest control lead follow up automation,Pest Control Lead Follow-Up Automation,Commercial,Problem/Solution,CRM Solutions,All Service Businesses,CRM Page,Medium,"Useful for resources, supporting pages, and internal links.",https://simplufy.com/
490,ai lead intake assistant,AI Lead Intake Assistant,Commercial,Problem/Solution,CRM Solutions,All Service Businesses,AI Page,Medium,"Useful for resources, supporting pages, and internal links.",https://simplufy.com/
491,ai appointment booking assistant,AI Appointment Booking Assistant,Commercial,Problem/Solution,AI Implementation,All Service Businesses,AI Page,Medium,"Useful for resources, supporting pages, and internal links.",https://simplufy.com/
492,ai reporting assistant,AI Reporting Assistant,Commercial,Problem/Solution,AI Implementation,All Service Businesses,AI Page,Medium,"Useful for resources, supporting pages, and internal links.",https://simplufy.com/
493,ai content workflow for service businesses,AI Content Workflow for Service Businesses,Commercial,Problem/Solution,AI Implementation,All Service Businesses,AI Page,Medium,"Useful for resources, supporting pages, and internal links.",https://simplufy.com/
494,ai crm automation,AI CRM Automation,Commercial,Problem/Solution,CRM Solutions,All Service Businesses,AI Page,Medium,"Useful for resources, supporting pages, and internal links.",https://simplufy.com/
495,agent orchestration for businesses,Agent Orchestration for Businesses,Commercial,Problem/Solution,AI Implementation,All Service Businesses,AI Page,Medium,"Useful for resources, supporting pages, and internal links.",https://simplufy.com/
496,ai knowledge base for service business,AI Knowledge Base for Service Business,Commercial,Problem/Solution,AI Implementation,All Service Businesses,AI Page,Medium,"Useful for resources, supporting pages, and internal links.",https://simplufy.com/
497,answer engine optimization agency,Answer Engine Optimization Agency,Commercial,Problem/Solution,SEO / AEO / GEO,All Service Businesses,SEO Page,Medium,"Useful for resources, supporting pages, and internal links.",https://simplufy.com/
498,generative engine optimization agency,Generative Engine Optimization Agency,Commercial,Problem/Solution,Web Development,All Service Businesses,SEO Page,Medium,"Useful for resources, supporting pages, and internal links.",https://simplufy.com/
499,geo agency for service businesses,GEO Agency for Service Businesses,Commercial,Problem/Solution,SEO / AEO / GEO,All Service Businesses,SEO Page,Medium,"Useful for resources, supporting pages, and internal links.",https://simplufy.com/
500,aeo agency for service businesses,AEO Agency for Service Businesses,Commercial,Problem/Solution,SEO / AEO / GEO,All Service Businesses,SEO Page,Medium,"Useful for resources, supporting pages, and internal links.",https://simplufy.com/
501,local seo service pages,Local SEO Service Pages,Commercial,Problem/Solution,SEO / AEO / GEO,All Service Businesses,SEO Page,Medium,"Useful for resources, supporting pages, and internal links.",https://simplufy.com/
502,service area pages for contractors,Service Area Pages for Contractors,Informational/Commercial,Problem/Solution,Web Development,All Service Businesses,SEO Page,Medium,"Useful for resources, supporting pages, and internal links.",https://simplufy.com/
503,location pages for local seo,Location Pages for Local SEO,Informational/Commercial,Problem/Solution,SEO / AEO / GEO,All Service Businesses,SEO Page,Medium,"Useful for resources, supporting pages, and internal links.",https://simplufy.com/
504,google business profile optimization for contractors,Google Business Profile Optimization for Contractors,Commercial,Problem/Solution,SEO / AEO / GEO,All Service Businesses,SEO Page,Medium,"Useful for resources, supporting pages, and internal links.",https://simplufy.com/
505,crm reporting dashboard for service business,CRM Reporting Dashboard for Service Business,Commercial,Problem/Solution,CRM Solutions,All Service Businesses,CRM Page,Medium,"Useful for resources, supporting pages, and internal links.",https://simplufy.com/
506,lead source tracking for service business,Lead Source Tracking for Service Business,Commercial,Problem/Solution,CRM Solutions,All Service Businesses,CRM Page,Medium,"Useful for resources, supporting pages, and internal links.",https://simplufy.com/
507,marketing attribution for contractors,Marketing Attribution for Contractors,Commercial,Problem/Solution,Web Development,All Service Businesses,Analytics Page,Medium,"Useful for resources, supporting pages, and internal links.",https://simplufy.com/
508,landing pages for service businesses,Landing Pages for Service Businesses,Commercial,Problem/Solution,Web Development,All Service Businesses,Web Page,Medium,"Useful for resources, supporting pages, and internal links.",https://simplufy.com/
509,service pages for contractors,Service Pages for Contractors,Commercial,Problem/Solution,Web Development,All Service Businesses,Web Page,Medium,"Useful for resources, supporting pages, and internal links.",https://simplufy.com/
510,booking website for service business,Booking Website for Service Business,Commercial,Problem/Solution,Web Development,All Service Businesses,Web Page,Medium,"Useful for resources, supporting pages, and internal links.",https://simplufy.com/
511,online booking system for detailing business,Online Booking System for Detailing Business,Commercial,Problem/Solution,AI Implementation,All Service Businesses,Web Page,Medium,"Useful for resources, supporting pages, and internal links.",https://simplufy.com/
512,quote request website for contractors,Quote Request Website for Contractors,Commercial,Problem/Solution,Web Development,All Service Businesses,Web Page,Medium,"Useful for resources, supporting pages, and internal links.",https://simplufy.com/
513,high converting contractor website,High-Converting Contractor Website,Commercial,Problem/Solution,Web Development,All Service Businesses,Web Page,Medium,"Useful for resources, supporting pages, and internal links.",https://simplufy.com/
514,best website structure for local seo,Best Website Structure for Local SEO,Informational,Problem/Solution,SEO / AEO / GEO,All Service Businesses,Resource,Medium,"Useful for resources, supporting pages, and internal links.",https://simplufy.com/
515,google ads vs facebook ads for contractors,Google Ads vs Facebook Ads for Contractors,Comparison,Comparison,Full Stack,All Service Businesses,Comparison Resource,Medium,Useful middle-funnel traffic and internal links to money pages.,https://simplufy.com/
516,google ads vs local services ads,Google Ads vs Local Services Ads,Comparison,Comparison,Full Stack,All Service Businesses,Comparison Resource,Medium,Useful middle-funnel traffic and internal links to money pages.,https://simplufy.com/
517,seo vs google ads for local businesses,SEO vs Google Ads for Local Businesses,Comparison,Comparison,Full Stack,All Service Businesses,Comparison Resource,Medium,Useful middle-funnel traffic and internal links to money pages.,https://simplufy.com/
518,go high level vs hubspot for service businesses,GoHighLevel vs HubSpot for Service Businesses,Comparison,Comparison,Full Stack,All Service Businesses,Comparison Resource,Medium,Useful middle-funnel traffic and internal links to money pages.,https://simplufy.com/
519,go high level vs jobber,GoHighLevel vs Jobber,Comparison,Comparison,Full Stack,All Service Businesses,Comparison Resource,Medium,Useful middle-funnel traffic and internal links to money pages.,https://simplufy.com/
520,landing page vs website for service business,Landing Page vs Website for Service Business,Comparison,Comparison,Full Stack,All Service Businesses,Comparison Resource,Medium,Useful middle-funnel traffic and internal links to money pages.,https://simplufy.com/
521,local seo vs ppc for contractors,Local SEO vs PPC for Contractors,Comparison,Comparison,Full Stack,All Service Businesses,Comparison Resource,Medium,Useful middle-funnel traffic and internal links to money pages.,https://simplufy.com/
522,google lsa vs ppc for plumbers,Google LSA vs PPC for Plumbers,Comparison,Comparison,Full Stack,All Service Businesses,Comparison Resource,Medium,Useful middle-funnel traffic and internal links to money pages.,https://simplufy.com/
523,meta ads vs google ads for med spas,Meta Ads vs Google Ads for Med Spas,Comparison,Comparison,Full Stack,All Service Businesses,Comparison Resource,Medium,Useful middle-funnel traffic and internal links to money pages.,https://simplufy.com/
524,tiktok ads vs meta ads for local businesses,TikTok Ads vs Meta Ads for Local Businesses,Comparison,Comparison,Full Stack,All Service Businesses,Comparison Resource,Medium,Useful middle-funnel traffic and internal links to money pages.,https://simplufy.com/
525,seo vs aeo vs geo,SEO vs AEO vs GEO,Comparison,Comparison,Full Stack,All Service Businesses,Comparison Resource,Medium,Useful middle-funnel traffic and internal links to money pages.,https://simplufy.com/
526,ai chatbot vs ai agent for business,AI Chatbot vs AI Agent for Business,Comparison,Comparison,Full Stack,All Service Businesses,Comparison Resource,Medium,Useful middle-funnel traffic and internal links to money pages.,https://simplufy.com/
527,best crm for service businesses,Best CRM for Service Businesses,Comparison,Comparison,Full Stack,All Service Businesses,Comparison Resource,Medium,Useful middle-funnel traffic and internal links to money pages.,https://simplufy.com/
528,best marketing agency for contractors,Best Marketing Agency for Contractors,Comparison,Comparison,Full Stack,All Service Businesses,Comparison Resource,Medium,Useful middle-funnel traffic and internal links to money pages.,https://simplufy.com/
529,best website platform for service businesses,Best Website Platform for Service Businesses,Comparison,Comparison,Full Stack,All Service Businesses,Comparison Resource,Medium,Useful middle-funnel traffic and internal links to money pages.,https://simplufy.com/
530,best gohighlevel agency,Best GoHighLevel Agency,Comparison,Comparison,Full Stack,All Service Businesses,Comparison Resource,Medium,Useful middle-funnel traffic and internal links to money pages.,https://simplufy.com/
531,best seo agency for contractors,Best SEO Agency for Contractors,Comparison,Comparison,Full Stack,All Service Businesses,Comparison Resource,Medium,Useful middle-funnel traffic and internal links to money pages.,https://simplufy.com/
532,best google ads agency for local businesses,Best Google Ads Agency for Local Businesses,Comparison,Comparison,Full Stack,All Service Businesses,Comparison Resource,Medium,Useful middle-funnel traffic and internal links to money pages.,https://simplufy.com/
533,best ai automation agency for small business,Best AI Automation Agency for Small Business,Comparison,Comparison,Full Stack,All Service Businesses,Comparison Resource,Medium,Useful middle-funnel traffic and internal links to money pages.,https://simplufy.com/
534,best lead generation agency for contractors,Best Lead Generation Agency for Contractors,Comparison,Comparison,Full Stack,All Service Businesses,Comparison Resource,Medium,Useful middle-funnel traffic and internal links to money pages.,https://simplufy.com/
535,digital marketing agency st petersburg fl,Digital Marketing Agency in St Petersburg FL,Local Commercial,Location,Digital Marketing Agency,St Petersburg FL,Location Page,Medium,"Location modifier page. Build where you have proof, clients, or realistic expansion intent.",https://simplufy.com/
536,website design st petersburg fl,Website Design in St Petersburg FL,Local Commercial,Location,Website Design,St Petersburg FL,Location Page,Medium,"Location modifier page. Build where you have proof, clients, or realistic expansion intent.",https://simplufy.com/
537,seo agency st petersburg fl,Seo Agency in St Petersburg FL,Local Commercial,Location,Seo Agency,St Petersburg FL,Location Page,Medium,"Location modifier page. Build where you have proof, clients, or realistic expansion intent.",https://simplufy.com/
538,google ads agency st petersburg fl,Google Ads Agency in St Petersburg FL,Local Commercial,Location,Google Ads Agency,St Petersburg FL,Location Page,Medium,"Location modifier page. Build where you have proof, clients, or realistic expansion intent.",https://simplufy.com/
539,gohighlevel agency st petersburg fl,Gohighlevel Agency in St Petersburg FL,Local Commercial,Location,Gohighlevel Agency,St Petersburg FL,Location Page,Medium,"Location modifier page. Build where you have proof, clients, or realistic expansion intent.",https://simplufy.com/
540,ai automation agency st petersburg fl,Ai Automation Agency in St Petersburg FL,Local Commercial,Location,Ai Automation Agency,St Petersburg FL,Location Page,Medium,"Location modifier page. Build where you have proof, clients, or realistic expansion intent.",https://simplufy.com/
541,digital marketing agency tampa fl,Digital Marketing Agency in Tampa FL,Local Commercial,Location,Digital Marketing Agency,Tampa FL,Location Page,Medium,"Location modifier page. Build where you have proof, clients, or realistic expansion intent.",https://simplufy.com/
542,website design tampa fl,Website Design in Tampa FL,Local Commercial,Location,Website Design,Tampa FL,Location Page,Medium,"Location modifier page. Build where you have proof, clients, or realistic expansion intent.",https://simplufy.com/
543,seo agency tampa fl,Seo Agency in Tampa FL,Local Commercial,Location,Seo Agency,Tampa FL,Location Page,Medium,"Location modifier page. Build where you have proof, clients, or realistic expansion intent.",https://simplufy.com/
544,google ads agency tampa fl,Google Ads Agency in Tampa FL,Local Commercial,Location,Google Ads Agency,Tampa FL,Location Page,Medium,"Location modifier page. Build where you have proof, clients, or realistic expansion intent.",https://simplufy.com/
545,gohighlevel agency tampa fl,Gohighlevel Agency in Tampa FL,Local Commercial,Location,Gohighlevel Agency,Tampa FL,Location Page,Medium,"Location modifier page. Build where you have proof, clients, or realistic expansion intent.",https://simplufy.com/
546,ai automation agency tampa fl,Ai Automation Agency in Tampa FL,Local Commercial,Location,Ai Automation Agency,Tampa FL,Location Page,Medium,"Location modifier page. Build where you have proof, clients, or realistic expansion intent.",https://simplufy.com/
547,digital marketing agency clearwater fl,Digital Marketing Agency in Clearwater FL,Local Commercial,Location,Digital Marketing Agency,Clearwater FL,Location Page,Medium,"Location modifier page. Build where you have proof, clients, or realistic expansion intent.",https://simplufy.com/
548,website design clearwater fl,Website Design in Clearwater FL,Local Commercial,Location,Website Design,Clearwater FL,Location Page,Medium,"Location modifier page. Build where you have proof, clients, or realistic expansion intent.",https://simplufy.com/
549,seo agency clearwater fl,Seo Agency in Clearwater FL,Local Commercial,Location,Seo Agency,Clearwater FL,Location Page,Medium,"Location modifier page. Build where you have proof, clients, or realistic expansion intent.",https://simplufy.com/
550,google ads agency clearwater fl,Google Ads Agency in Clearwater FL,Local Commercial,Location,Google Ads Agency,Clearwater FL,Location Page,Medium,"Location modifier page. Build where you have proof, clients, or realistic expansion intent.",https://simplufy.com/
551,gohighlevel agency clearwater fl,Gohighlevel Agency in Clearwater FL,Local Commercial,Location,Gohighlevel Agency,Clearwater FL,Location Page,Medium,"Location modifier page. Build where you have proof, clients, or realistic expansion intent.",https://simplufy.com/
552,ai automation agency clearwater fl,Ai Automation Agency in Clearwater FL,Local Commercial,Location,Ai Automation Agency,Clearwater FL,Location Page,Medium,"Location modifier page. Build where you have proof, clients, or realistic expansion intent.",https://simplufy.com/
553,digital marketing agency sarasota fl,Digital Marketing Agency in Sarasota FL,Local Commercial,Location,Digital Marketing Agency,Sarasota FL,Location Page,Medium,"Location modifier page. Build where you have proof, clients, or realistic expansion intent.",https://simplufy.com/
554,website design sarasota fl,Website Design in Sarasota FL,Local Commercial,Location,Website Design,Sarasota FL,Location Page,Medium,"Location modifier page. Build where you have proof, clients, or realistic expansion intent.",https://simplufy.com/
555,seo agency sarasota fl,Seo Agency in Sarasota FL,Local Commercial,Location,Seo Agency,Sarasota FL,Location Page,Medium,"Location modifier page. Build where you have proof, clients, or realistic expansion intent.",https://simplufy.com/
556,google ads agency sarasota fl,Google Ads Agency in Sarasota FL,Local Commercial,Location,Google Ads Agency,Sarasota FL,Location Page,Medium,"Location modifier page. Build where you have proof, clients, or realistic expansion intent.",https://simplufy.com/
557,gohighlevel agency sarasota fl,Gohighlevel Agency in Sarasota FL,Local Commercial,Location,Gohighlevel Agency,Sarasota FL,Location Page,Medium,"Location modifier page. Build where you have proof, clients, or realistic expansion intent.",https://simplufy.com/
558,ai automation agency sarasota fl,Ai Automation Agency in Sarasota FL,Local Commercial,Location,Ai Automation Agency,Sarasota FL,Location Page,Medium,"Location modifier page. Build where you have proof, clients, or realistic expansion intent.",https://simplufy.com/
559,digital marketing agency bradenton fl,Digital Marketing Agency in Bradenton FL,Local Commercial,Location,Digital Marketing Agency,Bradenton FL,Location Page,Medium,"Location modifier page. Build where you have proof, clients, or realistic expansion intent.",https://simplufy.com/
560,website design bradenton fl,Website Design in Bradenton FL,Local Commercial,Location,Website Design,Bradenton FL,Location Page,Medium,"Location modifier page. Build where you have proof, clients, or realistic expansion intent.",https://simplufy.com/
561,seo agency bradenton fl,Seo Agency in Bradenton FL,Local Commercial,Location,Seo Agency,Bradenton FL,Location Page,Medium,"Location modifier page. Build where you have proof, clients, or realistic expansion intent.",https://simplufy.com/
562,google ads agency bradenton fl,Google Ads Agency in Bradenton FL,Local Commercial,Location,Google Ads Agency,Bradenton FL,Location Page,Medium,"Location modifier page. Build where you have proof, clients, or realistic expansion intent.",https://simplufy.com/
563,gohighlevel agency bradenton fl,Gohighlevel Agency in Bradenton FL,Local Commercial,Location,Gohighlevel Agency,Bradenton FL,Location Page,Medium,"Location modifier page. Build where you have proof, clients, or realistic expansion intent.",https://simplufy.com/
564,ai automation agency bradenton fl,Ai Automation Agency in Bradenton FL,Local Commercial,Location,Ai Automation Agency,Bradenton FL,Location Page,Medium,"Location modifier page. Build where you have proof, clients, or realistic expansion intent.",https://simplufy.com/
565,digital marketing agency orlando fl,Digital Marketing Agency in Orlando FL,Local Commercial,Location,Digital Marketing Agency,Orlando FL,Location Page,Medium,"Location modifier page. Build where you have proof, clients, or realistic expansion intent.",https://simplufy.com/
566,website design orlando fl,Website Design in Orlando FL,Local Commercial,Location,Website Design,Orlando FL,Location Page,Medium,"Location modifier page. Build where you have proof, clients, or realistic expansion intent.",https://simplufy.com/
567,seo agency orlando fl,Seo Agency in Orlando FL,Local Commercial,Location,Seo Agency,Orlando FL,Location Page,Medium,"Location modifier page. Build where you have proof, clients, or realistic expansion intent.",https://simplufy.com/
568,google ads agency orlando fl,Google Ads Agency in Orlando FL,Local Commercial,Location,Google Ads Agency,Orlando FL,Location Page,Medium,"Location modifier page. Build where you have proof, clients, or realistic expansion intent.",https://simplufy.com/
569,gohighlevel agency orlando fl,Gohighlevel Agency in Orlando FL,Local Commercial,Location,Gohighlevel Agency,Orlando FL,Location Page,Medium,"Location modifier page. Build where you have proof, clients, or realistic expansion intent.",https://simplufy.com/
570,ai automation agency orlando fl,Ai Automation Agency in Orlando FL,Local Commercial,Location,Ai Automation Agency,Orlando FL,Location Page,Medium,"Location modifier page. Build where you have proof, clients, or realistic expansion intent.",https://simplufy.com/
571,digital marketing agency miami fl,Digital Marketing Agency in Miami FL,Local Commercial,Location,Digital Marketing Agency,Miami FL,Location Page,Medium,"Location modifier page. Build where you have proof, clients, or realistic expansion intent.",https://simplufy.com/
572,website design miami fl,Website Design in Miami FL,Local Commercial,Location,Website Design,Miami FL,Location Page,Medium,"Location modifier page. Build where you have proof, clients, or realistic expansion intent.",https://simplufy.com/
573,seo agency miami fl,Seo Agency in Miami FL,Local Commercial,Location,Seo Agency,Miami FL,Location Page,Medium,"Location modifier page. Build where you have proof, clients, or realistic expansion intent.",https://simplufy.com/
574,google ads agency miami fl,Google Ads Agency in Miami FL,Local Commercial,Location,Google Ads Agency,Miami FL,Location Page,Medium,"Location modifier page. Build where you have proof, clients, or realistic expansion intent.",https://simplufy.com/
575,gohighlevel agency miami fl,Gohighlevel Agency in Miami FL,Local Commercial,Location,Gohighlevel Agency,Miami FL,Location Page,Medium,"Location modifier page. Build where you have proof, clients, or realistic expansion intent.",https://simplufy.com/
576,ai automation agency miami fl,Ai Automation Agency in Miami FL,Local Commercial,Location,Ai Automation Agency,Miami FL,Location Page,Medium,"Location modifier page. Build where you have proof, clients, or realistic expansion intent.",https://simplufy.com/
577,digital marketing agency fort lauderdale fl,Digital Marketing Agency in Fort Lauderdale FL,Local Commercial,Location,Digital Marketing Agency,Fort Lauderdale FL,Location Page,Medium,"Location modifier page. Build where you have proof, clients, or realistic expansion intent.",https://simplufy.com/
578,website design fort lauderdale fl,Website Design in Fort Lauderdale FL,Local Commercial,Location,Website Design,Fort Lauderdale FL,Location Page,Medium,"Location modifier page. Build where you have proof, clients, or realistic expansion intent.",https://simplufy.com/
579,seo agency fort lauderdale fl,Seo Agency in Fort Lauderdale FL,Local Commercial,Location,Seo Agency,Fort Lauderdale FL,Location Page,Medium,"Location modifier page. Build where you have proof, clients, or realistic expansion intent.",https://simplufy.com/
580,google ads agency fort lauderdale fl,Google Ads Agency in Fort Lauderdale FL,Local Commercial,Location,Google Ads Agency,Fort Lauderdale FL,Location Page,Medium,"Location modifier page. Build where you have proof, clients, or realistic expansion intent.",https://simplufy.com/
581,gohighlevel agency fort lauderdale fl,Gohighlevel Agency in Fort Lauderdale FL,Local Commercial,Location,Gohighlevel Agency,Fort Lauderdale FL,Location Page,Medium,"Location modifier page. Build where you have proof, clients, or realistic expansion intent.",https://simplufy.com/
582,ai automation agency fort lauderdale fl,Ai Automation Agency in Fort Lauderdale FL,Local Commercial,Location,Ai Automation Agency,Fort Lauderdale FL,Location Page,Medium,"Location modifier page. Build where you have proof, clients, or realistic expansion intent.",https://simplufy.com/
583,digital marketing agency jacksonville fl,Digital Marketing Agency in Jacksonville FL,Local Commercial,Location,Digital Marketing Agency,Jacksonville FL,Location Page,Medium,"Location modifier page. Build where you have proof, clients, or realistic expansion intent.",https://simplufy.com/
584,website design jacksonville fl,Website Design in Jacksonville FL,Local Commercial,Location,Website Design,Jacksonville FL,Location Page,Medium,"Location modifier page. Build where you have proof, clients, or realistic expansion intent.",https://simplufy.com/
585,seo agency jacksonville fl,Seo Agency in Jacksonville FL,Local Commercial,Location,Seo Agency,Jacksonville FL,Location Page,Medium,"Location modifier page. Build where you have proof, clients, or realistic expansion intent.",https://simplufy.com/
586,google ads agency jacksonville fl,Google Ads Agency in Jacksonville FL,Local Commercial,Location,Google Ads Agency,Jacksonville FL,Location Page,Medium,"Location modifier page. Build where you have proof, clients, or realistic expansion intent.",https://simplufy.com/
587,gohighlevel agency jacksonville fl,Gohighlevel Agency in Jacksonville FL,Local Commercial,Location,Gohighlevel Agency,Jacksonville FL,Location Page,Medium,"Location modifier page. Build where you have proof, clients, or realistic expansion intent.",https://simplufy.com/
588,ai automation agency jacksonville fl,Ai Automation Agency in Jacksonville FL,Local Commercial,Location,Ai Automation Agency,Jacksonville FL,Location Page,Medium,"Location modifier page. Build where you have proof, clients, or realistic expansion intent.",https://simplufy.com/
589,digital marketing agency naples fl,Digital Marketing Agency in Naples FL,Local Commercial,Location,Digital Marketing Agency,Naples FL,Location Page,Medium,"Location modifier page. Build where you have proof, clients, or realistic expansion intent.",https://simplufy.com/
590,website design naples fl,Website Design in Naples FL,Local Commercial,Location,Website Design,Naples FL,Location Page,Medium,"Location modifier page. Build where you have proof, clients, or realistic expansion intent.",https://simplufy.com/
591,seo agency naples fl,Seo Agency in Naples FL,Local Commercial,Location,Seo Agency,Naples FL,Location Page,Medium,"Location modifier page. Build where you have proof, clients, or realistic expansion intent.",https://simplufy.com/
592,google ads agency naples fl,Google Ads Agency in Naples FL,Local Commercial,Location,Google Ads Agency,Naples FL,Location Page,Medium,"Location modifier page. Build where you have proof, clients, or realistic expansion intent.",https://simplufy.com/
593,gohighlevel agency naples fl,Gohighlevel Agency in Naples FL,Local Commercial,Location,Gohighlevel Agency,Naples FL,Location Page,Medium,"Location modifier page. Build where you have proof, clients, or realistic expansion intent.",https://simplufy.com/
594,ai automation agency naples fl,Ai Automation Agency in Naples FL,Local Commercial,Location,Ai Automation Agency,Naples FL,Location Page,Medium,"Location modifier page. Build where you have proof, clients, or realistic expansion intent.",https://simplufy.com/
595,digital marketing agency fort myers fl,Digital Marketing Agency in Fort Myers FL,Local Commercial,Location,Digital Marketing Agency,Fort Myers FL,Location Page,Medium,"Location modifier page. Build where you have proof, clients, or realistic expansion intent.",https://simplufy.com/
596,website design fort myers fl,Website Design in Fort Myers FL,Local Commercial,Location,Website Design,Fort Myers FL,Location Page,Medium,"Location modifier page. Build where you have proof, clients, or realistic expansion intent.",https://simplufy.com/
597,seo agency fort myers fl,Seo Agency in Fort Myers FL,Local Commercial,Location,Seo Agency,Fort Myers FL,Location Page,Medium,"Location modifier page. Build where you have proof, clients, or realistic expansion intent.",https://simplufy.com/
598,google ads agency fort myers fl,Google Ads Agency in Fort Myers FL,Local Commercial,Location,Google Ads Agency,Fort Myers FL,Location Page,Medium,"Location modifier page. Build where you have proof, clients, or realistic expansion intent.",https://simplufy.com/
599,gohighlevel agency fort myers fl,Gohighlevel Agency in Fort Myers FL,Local Commercial,Location,Gohighlevel Agency,Fort Myers FL,Location Page,Medium,"Location modifier page. Build where you have proof, clients, or realistic expansion intent.",https://simplufy.com/
600,ai automation agency fort myers fl,Ai Automation Agency in Fort Myers FL,Local Commercial,Location,Ai Automation Agency,Fort Myers FL,Location Page,Medium,"Location modifier page. Build where you have proof, clients, or realistic expansion intent.",https://simplufy.com/
601,digital marketing agency columbus oh,Digital Marketing Agency in Columbus OH,Local Commercial,Location,Digital Marketing Agency,Columbus OH,Location Page,Medium,"Location modifier page. Build where you have proof, clients, or realistic expansion intent.",https://simplufy.com/
602,website design columbus oh,Website Design in Columbus OH,Local Commercial,Location,Website Design,Columbus OH,Location Page,Medium,"Location modifier page. Build where you have proof, clients, or realistic expansion intent.",https://simplufy.com/
603,seo agency columbus oh,Seo Agency in Columbus OH,Local Commercial,Location,Seo Agency,Columbus OH,Location Page,Medium,"Location modifier page. Build where you have proof, clients, or realistic expansion intent.",https://simplufy.com/
604,google ads agency columbus oh,Google Ads Agency in Columbus OH,Local Commercial,Location,Google Ads Agency,Columbus OH,Location Page,Medium,"Location modifier page. Build where you have proof, clients, or realistic expansion intent.",https://simplufy.com/
605,gohighlevel agency columbus oh,Gohighlevel Agency in Columbus OH,Local Commercial,Location,Gohighlevel Agency,Columbus OH,Location Page,Medium,"Location modifier page. Build where you have proof, clients, or realistic expansion intent.",https://simplufy.com/
606,ai automation agency columbus oh,Ai Automation Agency in Columbus OH,Local Commercial,Location,Ai Automation Agency,Columbus OH,Location Page,Medium,"Location modifier page. Build where you have proof, clients, or realistic expansion intent.",https://simplufy.com/
607,digital marketing agency cleveland oh,Digital Marketing Agency in Cleveland OH,Local Commercial,Location,Digital Marketing Agency,Cleveland OH,Location Page,Medium,"Location modifier page. Build where you have proof, clients, or realistic expansion intent.",https://simplufy.com/
608,website design cleveland oh,Website Design in Cleveland OH,Local Commercial,Location,Website Design,Cleveland OH,Location Page,Medium,"Location modifier page. Build where you have proof, clients, or realistic expansion intent.",https://simplufy.com/
609,seo agency cleveland oh,Seo Agency in Cleveland OH,Local Commercial,Location,Seo Agency,Cleveland OH,Location Page,Medium,"Location modifier page. Build where you have proof, clients, or realistic expansion intent.",https://simplufy.com/
610,google ads agency cleveland oh,Google Ads Agency in Cleveland OH,Local Commercial,Location,Google Ads Agency,Cleveland OH,Location Page,Medium,"Location modifier page. Build where you have proof, clients, or realistic expansion intent.",https://simplufy.com/
611,gohighlevel agency cleveland oh,Gohighlevel Agency in Cleveland OH,Local Commercial,Location,Gohighlevel Agency,Cleveland OH,Location Page,Medium,"Location modifier page. Build where you have proof, clients, or realistic expansion intent.",https://simplufy.com/
612,ai automation agency cleveland oh,Ai Automation Agency in Cleveland OH,Local Commercial,Location,Ai Automation Agency,Cleveland OH,Location Page,Medium,"Location modifier page. Build where you have proof, clients, or realistic expansion intent.",https://simplufy.com/
613,digital marketing agency akron oh,Digital Marketing Agency in Akron OH,Local Commercial,Location,Digital Marketing Agency,Akron OH,Location Page,Medium,"Location modifier page. Build where you have proof, clients, or realistic expansion intent.",https://simplufy.com/
614,website design akron oh,Website Design in Akron OH,Local Commercial,Location,Website Design,Akron OH,Location Page,Medium,"Location modifier page. Build where you have proof, clients, or realistic expansion intent.",https://simplufy.com/
615,seo agency akron oh,Seo Agency in Akron OH,Local Commercial,Location,Seo Agency,Akron OH,Location Page,Medium,"Location modifier page. Build where you have proof, clients, or realistic expansion intent.",https://simplufy.com/
616,google ads agency akron oh,Google Ads Agency in Akron OH,Local Commercial,Location,Google Ads Agency,Akron OH,Location Page,Medium,"Location modifier page. Build where you have proof, clients, or realistic expansion intent.",https://simplufy.com/
617,gohighlevel agency akron oh,Gohighlevel Agency in Akron OH,Local Commercial,Location,Gohighlevel Agency,Akron OH,Location Page,Medium,"Location modifier page. Build where you have proof, clients, or realistic expansion intent.",https://simplufy.com/
618,ai automation agency akron oh,Ai Automation Agency in Akron OH,Local Commercial,Location,Ai Automation Agency,Akron OH,Location Page,Medium,"Location modifier page. Build where you have proof, clients, or realistic expansion intent.",https://simplufy.com/
619,digital marketing agency canton oh,Digital Marketing Agency in Canton OH,Local Commercial,Location,Digital Marketing Agency,Canton OH,Location Page,Medium,"Location modifier page. Build where you have proof, clients, or realistic expansion intent.",https://simplufy.com/
620,website design canton oh,Website Design in Canton OH,Local Commercial,Location,Website Design,Canton OH,Location Page,Medium,"Location modifier page. Build where you have proof, clients, or realistic expansion intent.",https://simplufy.com/
621,seo agency canton oh,Seo Agency in Canton OH,Local Commercial,Location,Seo Agency,Canton OH,Location Page,Medium,"Location modifier page. Build where you have proof, clients, or realistic expansion intent.",https://simplufy.com/
622,google ads agency canton oh,Google Ads Agency in Canton OH,Local Commercial,Location,Google Ads Agency,Canton OH,Location Page,Medium,"Location modifier page. Build where you have proof, clients, or realistic expansion intent.",https://simplufy.com/
623,gohighlevel agency canton oh,Gohighlevel Agency in Canton OH,Local Commercial,Location,Gohighlevel Agency,Canton OH,Location Page,Medium,"Location modifier page. Build where you have proof, clients, or realistic expansion intent.",https://simplufy.com/
624,ai automation agency canton oh,Ai Automation Agency in Canton OH,Local Commercial,Location,Ai Automation Agency,Canton OH,Location Page,Medium,"Location modifier page. Build where you have proof, clients, or realistic expansion intent.",https://simplufy.com/
625,digital marketing agency jackson wy,Digital Marketing Agency in Jackson WY,Local Commercial,Location,Digital Marketing Agency,Jackson WY,Location Page,Medium,"Location modifier page. Build where you have proof, clients, or realistic expansion intent.",https://simplufy.com/
626,website design jackson wy,Website Design in Jackson WY,Local Commercial,Location,Website Design,Jackson WY,Location Page,Medium,"Location modifier page. Build where you have proof, clients, or realistic expansion intent.",https://simplufy.com/
627,seo agency jackson wy,Seo Agency in Jackson WY,Local Commercial,Location,Seo Agency,Jackson WY,Location Page,Medium,"Location modifier page. Build where you have proof, clients, or realistic expansion intent.",https://simplufy.com/
628,google ads agency jackson wy,Google Ads Agency in Jackson WY,Local Commercial,Location,Google Ads Agency,Jackson WY,Location Page,Medium,"Location modifier page. Build where you have proof, clients, or realistic expansion intent.",https://simplufy.com/
629,gohighlevel agency jackson wy,Gohighlevel Agency in Jackson WY,Local Commercial,Location,Gohighlevel Agency,Jackson WY,Location Page,Medium,"Location modifier page. Build where you have proof, clients, or realistic expansion intent.",https://simplufy.com/
630,ai automation agency jackson wy,Ai Automation Agency in Jackson WY,Local Commercial,Location,Ai Automation Agency,Jackson WY,Location Page,Medium,"Location modifier page. Build where you have proof, clients, or realistic expansion intent.",https://simplufy.com/
631,digital marketing agency nashville tn,Digital Marketing Agency in Nashville TN,Local Commercial,Location,Digital Marketing Agency,Nashville TN,Location Page,Medium,"Location modifier page. Build where you have proof, clients, or realistic expansion intent.",https://simplufy.com/
632,website design nashville tn,Website Design in Nashville TN,Local Commercial,Location,Website Design,Nashville TN,Location Page,Medium,"Location modifier page. Build where you have proof, clients, or realistic expansion intent.",https://simplufy.com/
633,seo agency nashville tn,Seo Agency in Nashville TN,Local Commercial,Location,Seo Agency,Nashville TN,Location Page,Medium,"Location modifier page. Build where you have proof, clients, or realistic expansion intent.",https://simplufy.com/
634,google ads agency nashville tn,Google Ads Agency in Nashville TN,Local Commercial,Location,Google Ads Agency,Nashville TN,Location Page,Medium,"Location modifier page. Build where you have proof, clients, or realistic expansion intent.",https://simplufy.com/
635,gohighlevel agency nashville tn,Gohighlevel Agency in Nashville TN,Local Commercial,Location,Gohighlevel Agency,Nashville TN,Location Page,Medium,"Location modifier page. Build where you have proof, clients, or realistic expansion intent.",https://simplufy.com/
636,ai automation agency nashville tn,Ai Automation Agency in Nashville TN,Local Commercial,Location,Ai Automation Agency,Nashville TN,Location Page,Medium,"Location modifier page. Build where you have proof, clients, or realistic expansion intent.",https://simplufy.com/
637,digital marketing agency charlotte nc,Digital Marketing Agency in Charlotte NC,Local Commercial,Location,Digital Marketing Agency,Charlotte NC,Location Page,Medium,"Location modifier page. Build where you have proof, clients, or realistic expansion intent.",https://simplufy.com/
638,website design charlotte nc,Website Design in Charlotte NC,Local Commercial,Location,Website Design,Charlotte NC,Location Page,Medium,"Location modifier page. Build where you have proof, clients, or realistic expansion intent.",https://simplufy.com/
639,seo agency charlotte nc,Seo Agency in Charlotte NC,Local Commercial,Location,Seo Agency,Charlotte NC,Location Page,Medium,"Location modifier page. Build where you have proof, clients, or realistic expansion intent.",https://simplufy.com/
640,google ads agency charlotte nc,Google Ads Agency in Charlotte NC,Local Commercial,Location,Google Ads Agency,Charlotte NC,Location Page,Medium,"Location modifier page. Build where you have proof, clients, or realistic expansion intent.",https://simplufy.com/
641,gohighlevel agency charlotte nc,Gohighlevel Agency in Charlotte NC,Local Commercial,Location,Gohighlevel Agency,Charlotte NC,Location Page,Medium,"Location modifier page. Build where you have proof, clients, or realistic expansion intent.",https://simplufy.com/
642,ai automation agency charlotte nc,Ai Automation Agency in Charlotte NC,Local Commercial,Location,Ai Automation Agency,Charlotte NC,Location Page,Medium,"Location modifier page. Build where you have proof, clients, or realistic expansion intent.",https://simplufy.com/
643,digital marketing agency atlanta ga,Digital Marketing Agency in Atlanta GA,Local Commercial,Location,Digital Marketing Agency,Atlanta GA,Location Page,Medium,"Location modifier page. Build where you have proof, clients, or realistic expansion intent.",https://simplufy.com/
644,website design atlanta ga,Website Design in Atlanta GA,Local Commercial,Location,Website Design,Atlanta GA,Location Page,Medium,"Location modifier page. Build where you have proof, clients, or realistic expansion intent.",https://simplufy.com/
645,seo agency atlanta ga,Seo Agency in Atlanta GA,Local Commercial,Location,Seo Agency,Atlanta GA,Location Page,Medium,"Location modifier page. Build where you have proof, clients, or realistic expansion intent.",https://simplufy.com/
646,google ads agency atlanta ga,Google Ads Agency in Atlanta GA,Local Commercial,Location,Google Ads Agency,Atlanta GA,Location Page,Medium,"Location modifier page. Build where you have proof, clients, or realistic expansion intent.",https://simplufy.com/
647,gohighlevel agency atlanta ga,Gohighlevel Agency in Atlanta GA,Local Commercial,Location,Gohighlevel Agency,Atlanta GA,Location Page,Medium,"Location modifier page. Build where you have proof, clients, or realistic expansion intent.",https://simplufy.com/
648,ai automation agency atlanta ga,Ai Automation Agency in Atlanta GA,Local Commercial,Location,Ai Automation Agency,Atlanta GA,Location Page,Medium,"Location modifier page. Build where you have proof, clients, or realistic expansion intent.",https://simplufy.com/
649,digital marketing agency dallas tx,Digital Marketing Agency in Dallas TX,Local Commercial,Location,Digital Marketing Agency,Dallas TX,Location Page,Medium,"Location modifier page. Build where you have proof, clients, or realistic expansion intent.",https://simplufy.com/
650,website design dallas tx,Website Design in Dallas TX,Local Commercial,Location,Website Design,Dallas TX,Location Page,Medium,"Location modifier page. Build where you have proof, clients, or realistic expansion intent.",https://simplufy.com/
651,seo agency dallas tx,Seo Agency in Dallas TX,Local Commercial,Location,Seo Agency,Dallas TX,Location Page,Medium,"Location modifier page. Build where you have proof, clients, or realistic expansion intent.",https://simplufy.com/
652,google ads agency dallas tx,Google Ads Agency in Dallas TX,Local Commercial,Location,Google Ads Agency,Dallas TX,Location Page,Medium,"Location modifier page. Build where you have proof, clients, or realistic expansion intent.",https://simplufy.com/
653,gohighlevel agency dallas tx,Gohighlevel Agency in Dallas TX,Local Commercial,Location,Gohighlevel Agency,Dallas TX,Location Page,Medium,"Location modifier page. Build where you have proof, clients, or realistic expansion intent.",https://simplufy.com/
654,ai automation agency dallas tx,Ai Automation Agency in Dallas TX,Local Commercial,Location,Ai Automation Agency,Dallas TX,Location Page,Medium,"Location modifier page. Build where you have proof, clients, or realistic expansion intent.",https://simplufy.com/
